date,RF_simple,RF_log,NoDur_simple,NoDur_log,NoDur_excess_simple,NoDur_excess_log,Durbl_simple,Durbl_log,Durbl_excess_simple,Durbl_excess_log,Manuf_simple,Manuf_log,Manuf_excess_simple,Manuf_excess_log,Enrgy_simple,Enrgy_log,Enrgy_excess_simple,Enrgy_excess_log,HiTec_simple,HiTec_log,HiTec_excess_simple,HiTec_excess_log,Telcm_simple,Telcm_log,Telcm_excess_simple,Telcm_excess_log,Shops_simple,Shops_log,Shops_excess_simple,Shops_excess_log,Hlth_simple,Hlth_log,Hlth_excess_simple,Hlth_excess_log,Utils_simple,Utils_log,Utils_excess_simple,Utils_excess_log,Other_simple,Other_log,Other_excess_simple,Other_excess_log
1926-07-01,0.0022,0.0021975835,0.0144,0.0142973047,0.0122,0.0120997212,0.1558,0.1447927449,0.1536,0.1425951614,0.047,0.0459289319,0.0448,0.0437313483,-0.0114,-0.0114654781,-0.0136,-0.0136630617,0.029,0.0285874569,0.0268,0.0263898733,0.0083,0.0082657444,0.0061,0.0060681609,0.0012,0.0011992806,-0.001,-0.000998303,0.0185,0.0183309567,0.0163,0.0161333731,0.0704,0.0680324104,0.0682,0.0658348268,0.0214,0.0211742352,0.0192,0.0189766517
1926-08-01,0.0025,0.0024968802,0.0399,0.0391245547,0.0374,0.0366276745,0.037,0.0363319292,0.0345,0.033835049,0.028,0.027615167,0.0255,0.0251182868,0.0343,0.0337248694,0.0318,0.0312279892,0.0266,0.0262523711,0.0241,0.0237554909,0.0217,0.0214679066,0.0192,0.0189710264,-0.0072,-0.0072260451,-0.0097,-0.0097229253,0.0417,0.040853994,0.0392,0.0383571138,-0.017,-0.0171461588,-0.0195,-0.019643039,0.0435,0.0425804475,0.041,0.0400835673
1926-09-01,0.0023,0.002297359,0.0115,0.0114343776,0.0092,0.0091370186,0.0498,0.0485996698,0.0475,0.0463023108,0.0117,0.0116320842,0.0094,0.0093347252,-0.033,-0.0335567835,-0.0353,-0.0358541426,-0.0039,-0.0039076248,-0.0062,-0.0062049839,0.0242,0.02391182,0.0219,0.021614461,0.0021,0.0020977981,-0.0002,-0.000199561,0.0069,0.0068763039,0.0046,0.0045789449,0.0205,0.0202927033,0.0182,0.0179953442,0.0031,0.0030952049,0.0008,0.0007978459
1926-10-01,0.0032,0.0031948909,-0.0124,-0.0124775215,-0.0156,-0.0156724124,-0.0839,-0.08762975,-0.0871,-0.0908246409,-0.0365,-0.0371827911,-0.0397,-0.040377682,-0.0078,-0.0078305791,-0.011,-0.01102547,-0.0458,-0.0468819859,-0.049,-0.0500768768,-0.0011,-0.0011006054,-0.0043,-0.0042954963,-0.0229,-0.023166278,-0.0261,-0.0263611689,-0.0057,-0.005716307,-0.0089,-0.0089111979,-0.0327,-0.0332465938,-0.0359,-0.0364414847,-0.0285,-0.0289140102,-0.0317,-0.0321089011
1926-11-01,0.0031,0.0030952049,0.0521,0.0507881668,0.049,0.0476929619,-0.0017,-0.0017014466,-0.0048,-0.0047966515,0.0427,0.0418135028,0.0396,0.0387182979,0.0001,9.9995e-05,-0.003,-0.0029952099,0.0471,0.0460244383,0.044,0.0429292334,0.0163,0.0161685812,0.0132,0.0130733763,0.0645,0.0625052054,0.0614,0.0594100004,0.0543,0.0528770396,0.0512,0.0497818347,0.044,0.0430594895,0.0409,0.0399642846,0.0213,0.0210763256,0.0182,0.0179811207
1926-12-01,0.0028,0.0027960873,0.008,0.0079681696,0.0052,0.0051720823,0.099,0.0944006754,0.0962,0.0916045881,0.0363,0.0356566772,0.0335,0.0328605899,0.0282,0.0278097006,0.0254,0.0250136133,-0.0004,-0.00040008,-0.0032,-0.0031961673,0.0199,0.0197045833,0.0171,0.016908496,0.0062,0.0061808591,0.0034,0.0033847718,0.0009,0.0008995952,-0.0019,-0.0018964921,-0.0018,-0.0018016219,-0.0046,-0.0045977092,0.0346,0.0340148786,0.0318,0.0312187913
1927-01-01,0.0025,0.0024968802,-0.0065,-0.006521217,-0.009,-0.0090180972,-0.0092,-0.0092425814,-0.0117,-0.0117394616,-0.0007,-0.0007002451,-0.0032,-0.0031971253,0.0128,0.0127187724,0.0103,0.0102218922,-0.0113,-0.0113643301,-0.0138,-0.0138612103,0.0188,0.0186254641,0.0163,0.0161285839,-0.0254,-0.0257281486,-0.0279,-0.0282250288,0.0507,0.0494566087,0.0482,0.0469597285,-0.0179,-0.0180621428,-0.0204,-0.020559023,0.015,0.0148886125,0.0125,0.0123917323
1927-02-01,0.0026,0.0025966258,0.0336,0.033047854,0.031,0.0304512282,0.0896,0.0858106564,0.087,0.0832140306,0.0581,0.0564748469,0.0555,0.0538782211,0.0147,0.0145930023,0.0121,0.0119963765,0.0445,0.043538302,0.0419,0.0409416762,0.0397,0.03893221,0.0371,0.0363355842,0.0362,0.0355601754,0.0336,0.0329635496,0.0171,0.0169554406,0.0145,0.0143588148,0.0454,0.0443995873,0.0428,0.0418029614,0.0507,0.0494566087,0.0481,0.0468599829
1927-03-01,0.003,0.002995509,0.0277,0.0273232956,0.0247,0.0243277867,0.0162,0.0160701802,0.0132,0.0130746712,0.0145,0.0143958803,0.0115,0.0114003713,-0.0604,-0.0623010262,-0.0634,-0.0652965352,0.0147,0.0145930023,0.0117,0.0115974933,0.0562,0.0546775613,0.0532,0.0516820523,-0.0046,-0.0046106126,-0.0076,-0.0076061215,0.0101,0.0100493359,0.0071,0.0070538269,0.0037,0.0036931718,0.0007,0.0006976629,0.0117,0.0116320842,0.0087,0.0086365752
1927-04-01,0.0025,0.0024968802,0.0351,0.0344980404,0.0326,0.0320011602,0.0314,0.0309171026,0.0289,0.0284202224,0.0076,0.0075712655,0.0051,0.0050743853,-0.0517,-0.0530843711,-0.0542,-0.0555812513,0.054,0.0525924501,0.0515,0.0500955699,-0.0207,-0.0209172483,-0.0232,-0.0234141285,0.0448,0.0438254795,0.0423,0.0413285993,0.0274,0.0270313391,0.0249,0.0245344589,0.0171,0.0169554406,0.0146,0.0144585605,0.0086,0.0085632307,0.0061,0.0060663505
1927-05-01,0.003,0.002995509,0.083,0.079734968,0.08,0.076739459,0.0595,0.0577970987,0.0565,0.0548015897,0.0508,0.0495517788,0.0478,0.0465562698,0.0478,0.046692728,0.0448,0.043697219,0.0737,0.0711106275,0.0707,0.0681151185,0.0335,0.0329511001,0.0305,0.0299555912,0.0234,0.0231304174,0.0204,0.0201349084,0.0413,0.0404699326,0.0383,0.0374744236,0.0923,0.0882855649,0.0893,0.0852900559,0.0656,0.0635380208,0.0626,0.0605425118
1927-06-01,0.0026,0.0025966258,-0.0197,-0.0198966317,-0.0223,-0.0224932576,-0.0302,-0.0306654143,-0.0328,-0.0332620402,-0.0281,-0.0285023605,-0.0307,-0.0310989863,-0.0315,-0.0320067961,-0.0341,-0.034603422,0.0329,0.03237038,0.0303,0.0297737542,-0.0216,-0.0218366946,-0.0242,-0.0244333205,-0.0061,-0.006118681,-0.0087,-0.0087153069,0.0054,0.0053854723,0.0028,0.0027888464,-0.0358,-0.036456537,-0.0384,-0.0390531629,-0.0217,-0.0219389075,-0.0243,-0.0245355334
1927-07-01,0.003,0.002995509,0.0484,0.0472651925,0.0454,0.0442696835,0.131,0.1231021971,0.128,0.1201066882,0.1208,0.114042716,0.1178,0.1110472071,0.0286,0.0281986544,0.0256,0.0252031454,0.1237,0.1166268119,0.1207,0.113631303,0.0373,0.0366211835,0.0343,0.0336256745,0.0986,0.0940366419,0.0956,0.0910411329,0.0984,0.0938545755,0.0954,0.0908590665,0.055,0.0535407669,0.052,0.0505452579,0.0609,0.0591176045,0.0579,0.0561220955
1927-08-01,0.0028,0.0027960873,0.0273,0.0269340012,0.0245,0.0241379139,0.0702,0.0678455469,0.0674,0.0650494596,0.0304,0.0299470764,0.0276,0.0271509891,-0.0004,-0.00040008,-0.0032,-0.0031961673,0.0551,0.0536355492,0.0523,0.0508394619,0.0043,0.0042907814,0.0015,0.0014946941,0.0735,0.0709243383,0.0707,0.068128251,0.0027,0.0026963615,-0.0001,-9.97258e-05,0.0326,0.0320798935,0.0298,0.0292838062,-0.0101,-0.0101513511,-0.0129,-0.0129474384
1927-09-01,0.0021,0.0020977981,0.0527,0.0513582923,0.0506,0.0492604942,0.0566,0.0550562057,0.0545,0.0529584077,0.0444,0.0434425578,0.0423,0.0413447598,0.0331,0.0325639909,0.031,0.0304661928,0.0121,0.0120273802,0.01,0.0099295821,0.0655,0.0634441726,0.0634,0.0613463745,0.075,0.0723206616,0.0729,0.0702228635,0.0566,0.0550562057,0.0545,0.0529584077,0.0829,0.0796426277,0.0808,0.0775448296,0.0458,0.0447821428,0.0437,0.0426843447
1927-10-01,0.0025,0.0024968802,-0.0064,-0.0064205678,-0.0089,-0.008917448,-0.0441,-0.0451019739,-0.0466,-0.0475988541,-0.067,-0.0693500781,-0.0695,-0.0718469583,-0.0207,-0.0209172483,-0.0232,-0.0234141285,-0.0724,-0.0751546736,-0.0749,-0.0776515538,-0.0209,-0.0211214966,-0.0234,-0.0236183768,-0.0494,-0.0506619148,-0.0519,-0.053158795,0.0514,0.0501226094,0.0489,0.0476257292,-0.0435,-0.0444744901,-0.046,-0.0469713703,-0.0383,-0.0390527273,-0.0408,-0.0415496075
1927-11-01,0.0021,0.0020977981,0.0632,0.0612832284,0.0611,0.0591854303,0.0641,0.0621293715,0.062,0.0600315734,0.1085,0.1030077501,0.1064,0.100909952,0.042,0.0411419433,0.0399,0.0390441452,0.1076,0.1021955123,0.1055,0.1000977142,0.0283,0.0279069533,0.0262,0.0258091552,0.1169,0.1105569906,0.1148,0.1084591925,0.0368,0.0361390466,0.0347,0.0340412485,0.0633,0.0613772797,0.0612,0.0592794816,0.045,0.0440168854,0.0429,0.0419190873
1927-12-01,0.0022,0.0021975835,0.025,0.0246926126,0.0228,0.022495029,0.0778,0.0749219265,0.0756,0.072724343,0.0308,0.0303351998,0.0286,0.0281376163,-0.0024,-0.0024028846,-0.0046,-0.0046004682,0.0124,0.0123237497,0.0102,0.0101261661,0.0133,0.0132123315,0.0111,0.0110147479,-0.0068,-0.0068232253,-0.009,-0.0090208089,-0.0047,-0.0047110797,-0.0069,-0.0069086633,0.0224,0.0221528046,0.0202,0.0199552211,0.0195,0.019312311,0.0173,0.0171147275
1928-01-01,0.0025,0.0024968802,0.0047,0.0046889895,0.0022,0.0021921093,-0.0334,-0.0339705196,-0.0359,-0.0364673998,-0.0057,-0.005716307,-0.0082,-0.0082131872,-0.0188,-0.0189789666,-0.0213,-0.0214758468,-0.0039,-0.0039076248,-0.0064,-0.006404505,0.0029,0.0028958031,0.0004,0.0003989229,-0.0088,-0.0088389487,-0.0113,-0.0113358289,0.027,0.0266419309,0.0245,0.0241450507,0.0588,0.0571361914,0.0563,0.0546393112,-0.0095,-0.0095454128,-0.012,-0.012042293
1928-02-01,0.0033,0.0032945669,-0.0397,-0.0405095433,-0.043,-0.0438041103,0.0128,0.0127187724,0.0095,0.0094242055,-0.0189,-0.0190808878,-0.0222,-0.0223754548,-0.0018,-0.0018016219,-0.0051,-0.0050961889,-0.0046,-0.0046106126,-0.0079,-0.0079051795,-0.003,-0.003004509,-0.0063,-0.006299076,-0.0112,-0.0112631923,-0.0145,-0.0145577592,-0.0344,-0.0350056092,-0.0377,-0.0383001761,-0.0077,-0.0077297981,-0.011,-0.011024365,-0.0201,-0.0203047533,-0.0234,-0.0235993203
1928-03-01,0.0029,0.0028958031,0.044,0.0430594895,0.0411,0.0401636863,0.275,0.2429461786,0.2721,0.2400503755,0.0825,0.0792731809,0.0796,0.0763773778,0.0562,0.0546775613,0.0533,0.0517817582,0.1944,0.1776439672,0.1915,0.1747481641,0.0197,0.0195084664,0.0168,0.0166126633,0.0847,0.0813034511,0.0818,0.078407648,0.0994,0.0947645764,0.0965,0.0918687733,0.0665,0.0643822589,0.0636,0.0614864558,0.0599,0.0581745641,0.057,0.0552787609
1928-04-01,0.0022,0.0021975835,-0.0048,-0.004811557,-0.007,-0.0070091405,0.0146,0.0144944462,0.0124,0.0122968626,0.0151,0.0149871298,0.0129,0.0127895463,0.1525,0.1419334959,0.1503,0.1397359123,0.0223,0.0220549908,0.0201,0.0198574072,0.0313,0.0308201423,0.0291,0.0286225588,0.0002,0.00019998,-0.002,-0.0019976035,0.0235,0.0232281261,0.0213,0.0210305426,0.1096,0.10399959,0.1074,0.1018020065,0.0433,0.0423887665,0.0411,0.0401911829
1928-05-01,0.0032,0.0031948909,0.009,0.0089597414,0.0058,0.0057648505,0.0565,0.0549615581,0.0533,0.0517666672,0.0352,0.0345946448,0.032,0.0313997539,-0.0535,-0.0549843083,-0.0567,-0.0581791992,0.023,0.022739487,0.0198,0.0195445961,0.0657,0.0636318602,0.0625,0.0604369693,0.0381,0.0373921192,0.0349,0.0341972283,0.093,0.0889262092,0.0898,0.0857313183,0.015,0.0148886125,0.0118,0.0116937216,-0.0001,-0.000100005,-0.0033,-0.0032948959
1928-06-01,0.0031,0.0030952049,-0.044,-0.0449973659,-0.0471,-0.0480925708,-0.0413,-0.0421770789,-0.0444,-0.0452722838,-0.0495,-0.0507671171,-0.0526,-0.053862322,-0.0408,-0.0416556753,-0.0439,-0.0447508802,-0.05,-0.0512932944,-0.0531,-0.0543884993,-0.0521,-0.0535062675,-0.0552,-0.0566014724,-0.034,-0.0345914448,-0.0371,-0.0376866497,-0.0312,-0.0316970867,-0.0343,-0.0347922917,-0.0344,-0.0350056092,-0.0375,-0.0381008141,-0.0444,-0.0454158635,-0.0475,-0.0485110684
1928-07-01,0.0032,0.0031948909,0.0168,0.0166604409,0.0136,0.01346555,0.0098,0.0097522914,0.0066,0.0065574005,0.0199,0.0197045833,0.0167,0.0165096924,0.0105,0.0104452579,0.0073,0.007250367,0.0065,0.0064789661,0.0033,0.0032840752,-0.0128,-0.0128826258,-0.016,-0.0160775167,0.0545,0.0530667209,0.0513,0.04987183,0.024,0.0237165266,0.0208,0.0205216357,-0.0123,-0.0123762711,-0.0155,-0.015571162,-0.0035,-0.0035061393,-0.0067,-0.0067010302
1928-08-01,0.0032,0.0031948909,0.0611,0.0593061059,0.0579,0.056111215,0.091,0.0870947069,0.0878,0.083899816,0.0868,0.0832375986,0.0836,0.0800427077,0.0241,0.0238141781,0.0209,0.0206192872,0.0975,0.093034866,0.0943,0.0898399751,0.0455,0.0444952399,0.0423,0.041300349,0.1356,0.1271611456,0.1324,0.1239662547,0.1472,0.1373241909,0.144,0.1341293,0.0648,0.0627869881,0.0616,0.0595920972,0.0475,0.0464063728,0.0443,0.0432114819
1928-09-01,0.0027,0.0026963615,0.0117,0.0116320842,0.009,0.0089357227,0.0789,0.0759420036,0.0762,0.073245642,0.0418,0.0409499863,0.0391,0.0382536248,0.0534,0.0520230281,0.0507,0.0493266665,0.0067,0.0066776548,0.004,0.0039812932,0.0014,0.0013990209,-0.0013,-0.0012973406,0.0016,0.0015987214,-0.0011,-0.0010976402,-0.0114,-0.0114654781,-0.0141,-0.0141618397,0.0379,0.037199441,0.0352,0.0345030794,0.0109,0.0108410232,0.0082,0.0081446616
1928-10-01,0.0041,0.0040916179,0.009,0.0089597414,0.0049,0.0048681235,0.0007,0.0006997551,-0.0034,-0.0033918628,0.0433,0.0423887665,0.0392,0.0382971486,0.0204,0.0201947073,0.0163,0.0161030894,0.0185,0.0183309567,0.0144,0.0142393388,0.0297,0.0292674977,0.0256,0.0251758798,0.0589,0.0572306335,0.0548,0.0531390156,0.0005,0.000499875,-0.0036,-0.0035917429,-0.0191,-0.0192847614,-0.0232,-0.0233763793,-0.005,-0.0050125418,-0.0091,-0.0091041597
1928-11-01,0.0038,0.0037927982,0.0659,0.0638195127,0.0621,0.0600267145,0.0453,0.0443039256,0.0415,0.0405111273,0.131,0.1231021971,0.1272,0.1193093989,0.1728,0.1593940522,0.169,0.1556012539,0.1956,0.1786481514,0.1918,0.1748553532,0.0668,0.0646635133,0.063,0.0608707151,0.1531,0.1424539678,0.1493,0.1386611696,0.0505,0.0492662413,0.0467,0.0454734431,0.2201,0.1989328226,0.2163,0.1951400244,0.1,0.0953101798,0.0962,0.0915173816
1928-12-01,0.0006,0.0005998201,-0.0031,-0.003104815,-0.0037,-0.003704635,-0.0122,-0.0122750309,-0.0128,-0.0128748509,0.0314,0.0309171026,0.0308,0.0303172826,-0.0436,-0.0445790434,-0.0442,-0.0451788635,0.0723,0.0698058742,0.0717,0.0692060542,-0.0036,-0.0036064956,-0.0042,-0.0042063157,-0.0132,-0.0132878943,-0.0138,-0.0138877144,-0.0046,-0.0046106126,-0.0052,-0.0052104326,0.0154,0.0152826235,0.0148,0.0146828035,0.0039,0.0038924147,0.0033,0.0032925946
1929-01-01,0.0034,0.0033942331,0.0322,0.0316924467,0.0288,0.0282982137,0.0131,0.0130149371,0.0097,0.009620704,0.1101,0.1044501014,0.1067,0.1010558683,-0.0759,-0.0789349881,-0.0793,-0.0823292212,0.1046,0.0994832785,0.1012,0.0960890454,0.1338,0.1255748229,0.1304,0.1221805898,-0.0388,-0.0395727751,-0.0422,-0.0429670082,0.0341,0.0335314832,0.0307,0.0301372501,0.133,0.124868982,0.1296,0.121474749,0.0559,0.0543934838,0.0525,0.0509992508
1929-02-01,0.0036,0.0035935355,-0.0254,-0.0257281486,-0.029,-0.0293216841,0.0,0.0,-0.0036,-0.0035935355,0.0342,0.033628181,0.0306,0.0300346455,-0.0017,-0.0017014466,-0.0053,-0.0052949821,-0.0113,-0.0113643301,-0.0149,-0.0149578656,-0.0115,-0.0115666364,-0.0151,-0.0151601719,-0.0241,-0.0243951568,-0.0277,-0.0279886923,0.0004,0.00039992,-0.0032,-0.0031936155,-0.0199,-0.0201006717,-0.0235,-0.0236942072,0.0004,0.00039992,-0.0032,-0.0031936155
1929-03-01,0.0034,0.0033942331,-0.0466,-0.0477207362,-0.05,-0.0511149693,-0.0188,-0.0189789666,-0.0222,-0.0223731997,-0.0184,-0.0185713856,-0.0218,-0.0219656187,0.1114,0.1056204819,0.108,0.1022262488,0.0484,0.0472651925,0.045,0.0438709594,0.0432,0.0422929122,0.0398,0.0388986791,-0.0513,-0.0526626526,-0.0547,-0.0560568857,-0.015,-0.0151136378,-0.0184,-0.0185078709,-0.0318,-0.0323166015,-0.0352,-0.0357108345,-0.022,-0.0222456089,-0.0254,-0.025639842
1929-04-01,0.0036,0.0035935355,0.0178,0.0176434352,0.0142,0.0140498997,-0.0098,-0.0098483361,-0.0134,-0.0134418716,0.023,0.022739487,0.0194,0.0191459515,0.0074,0.0073727543,0.0038,0.0037792188,0.0178,0.0176434352,0.0142,0.0140498997,0.0339,0.0333380596,0.0303,0.0297445241,0.0376,0.036910354,0.034,0.0333168185,0.0148,0.0146915487,0.0112,0.0110980132,0.0502,0.0489806222,0.0466,0.0453870867,0.0073,0.007273484,0.0037,0.0036799485
1929-05-01,0.0044,0.0043903483,-0.0394,-0.0401971898,-0.0438,-0.0445875381,-0.1516,-0.1644030563,-0.156,-0.1687934046,-0.0979,-0.1030299003,-0.1023,-0.1074202486,-0.0559,-0.0575231862,-0.0603,-0.0619135345,0.0034,0.0033942331,-0.001,-0.0009961152,-0.0877,-0.0917863956,-0.0921,-0.0961767439,-0.0867,-0.0906908653,-0.0911,-0.0950812136,-0.0789,-0.082186671,-0.0833,-0.0865770193,0.0468,0.0457378917,0.0424,0.0413475434,-0.0029,-0.0029042131,-0.0073,-0.0072945614
1929-06-01,0.0052,0.0051865267,0.0533,0.0519280929,0.0481,0.0467415662,0.0701,0.0677521021,0.0649,0.0625655754,0.1328,0.124692444,0.1276,0.1195059173,0.0114,0.0113355097,0.0062,0.006148983,0.1721,0.1587970117,0.1669,0.1536104851,0.138,0.1292723357,0.1328,0.124085809,0.0951,0.0908456833,0.0899,0.0856591566,0.0453,0.0443039256,0.0401,0.0391173989,0.2348,0.2109090136,0.2296,0.205722487,0.058,0.0563803334,0.0528,0.0511938067
1929-07-01,0.0033,0.0032945669,0.0322,0.0316924467,0.0289,0.0283978798,-0.0297,-0.030149977,-0.033,-0.0334445439,0.0424,0.0415257468,0.0391,0.0382311799,0.0017,0.0016985566,-0.0016,-0.0015960103,0.0924,0.0883771106,0.0891,0.0850825437,0.1368,0.1282172978,0.1335,0.1249227309,0.0104,0.0103462921,0.0071,0.0070517251,0.026,0.0256677467,0.0227,0.0223731798,0.0917,0.0877361143,0.0884,0.0844415474,0.0658,0.0637256909,0.0625,0.0604311239
1929-08-01,0.004,0.0039920213,0.0476,0.0465018337,0.0436,0.0425098124,0.0303,0.029850022,0.0263,0.0258580007,0.0938,0.0896578719,0.0898,0.0856658507,0.1137,0.1076878054,0.1097,0.1036957841,0.1254,0.118138528,0.1214,0.1141465067,0.1098,0.1041798189,0.1058,0.1001877976,0.0782,0.075292984,0.0742,0.0713009628,0.0313,0.0308201423,0.0273,0.0268281211,0.0901,0.0862694352,0.0861,0.0822774139,0.0767,0.0739008078,0.0727,0.0699087866
1929-09-01,0.0035,0.0034938893,-0.0356,-0.0362491327,-0.0391,-0.0397430219,-0.0837,-0.087411457,-0.0872,-0.0909053463,-0.0718,-0.0745080522,-0.0753,-0.0780019414,-0.0304,-0.0308716637,-0.0339,-0.0343655529,-0.0756,-0.0786104006,-0.0791,-0.0821042898,-0.0138,-0.0138961052,-0.0173,-0.0173899944,-0.0548,-0.0563587337,-0.0583,-0.0598526229,-0.0704,-0.0730008929,-0.0739,-0.0764947821,0.0092,0.0091579378,0.0057,0.0056640485,-0.0631,-0.065178726,-0.0666,-0.0686726153
1929-10-01,0.0046,0.0045894523,-0.1075,-0.1137287653,-0.1121,-0.1183182177,-0.2899,-0.3423494738,-0.2945,-0.3469389261,-0.1974,-0.2198988211,-0.202,-0.2244882735,-0.1017,-0.1072511907,-0.1063,-0.1118406431,-0.2777,-0.3253147139,-0.2823,-0.3299041663,-0.1539,-0.1671177231,-0.1585,-0.1717071754,-0.24,-0.2744368457,-0.2446,-0.279026298,-0.1804,-0.1989388626,-0.185,-0.203528315,-0.2972,-0.3526829227,-0.3018,-0.357272375,-0.1207,-0.1286291426,-0.1253,-0.1332185949
1929-11-01,0.0037,0.0036931718,-0.0845,-0.0882849149,-0.0882,-0.0919780867,-0.1735,-0.1905553617,-0.1772,-0.1942485336,-0.1403,-0.1511717878,-0.144,-0.1548649596,-0.0639,-0.0660329706,-0.0676,-0.0697261424,-0.1924,-0.2136883925,-0.1961,-0.2173815644,-0.0947,-0.0994888985,-0.0984,-0.1031820703,-0.1233,-0.1315904204,-0.127,-0.1352835922,-0.0785,-0.0817525019,-0.0822,-0.0854456737,-0.1537,-0.1668813723,-0.1574,-0.1705745441,-0.0943,-0.0990471536,-0.098,-0.1027403254
1929-12-01,0.0037,0.0036931718,0.0066,0.0065783154,0.0029,0.0028851435,0.0492,0.048027969,0.0455,0.0443347972,0.0149,0.0147900855,0.0112,0.0110969136,-0.0117,-0.0117689836,-0.0154,-0.0154621554,0.108,0.1025565883,0.1043,0.0988634165,0.0106,0.0105442139,0.0069,0.006851042,-0.0605,-0.0624074601,-0.0642,-0.066100632,0.0109,0.0108410232,0.0072,0.0071478513,0.0816,0.0784414263,0.0779,0.0747482545,-0.0074,-0.0074275158,-0.0111,-0.0111206877
1930-01-01,0.0014,0.0013990209,0.0577,0.0560967394,0.0563,0.0546977184,0.0596,0.0578914784,0.0582,0.0564924575,0.0691,0.066817173,0.0677,0.0654181521,-0.0075,-0.0075282664,-0.0089,-0.0089272873,0.1061,0.1008403149,0.1047,0.099441294,0.012,0.0119285709,0.0106,0.01052955,0.0474,0.0463109029,0.046,0.0449118819,0.0255,0.0251802985,0.0241,0.0237812776,0.0851,0.0816721486,0.0837,0.0802731277,0.0513,0.0500274936,0.0499,0.0486284727
1930-02-01,0.003,0.002995509,0.0219,0.0216636396,0.0189,0.0186681307,0.0244,0.0241070753,0.0214,0.0211115664,0.0214,0.0211742352,0.0184,0.0181787263,-0.0451,-0.046148656,-0.0481,-0.049144165,0.0775,0.074643543,0.0745,0.071648034,0.0706,0.068219239,0.0676,0.06522373,-0.0514,-0.0527680655,-0.0544,-0.0557635745,0.0229,0.0226417305,0.0199,0.0196462215,0.0865,0.0829615207,0.0835,0.0799660117,0.0327,0.0321767317,0.0297,0.0291812227
1930-03-01,0.0035,0.0034938893,0.0213,0.0210763256,0.0178,0.0175824363,0.1137,0.1076878054,0.1102,0.1041939162,0.0688,0.0665365238,0.0653,0.0630426345,0.1807,0.1661074829,0.1772,0.1626135937,0.0815,0.0783489664,0.078,0.0748550772,0.0888,0.0850761724,0.0853,0.0815822831,-0.0245,-0.0248051189,-0.028,-0.0282990082,0.0637,0.0617533963,0.0602,0.058259507,0.0985,0.0939456128,0.095,0.0904517236,0.0473,0.0462154238,0.0438,0.0427215345
1930-04-01,0.0021,0.0020977981,0.0054,0.0053854723,0.0033,0.0032876742,-0.0783,-0.081535488,-0.0804,-0.0836332861,-0.0739,-0.0767730588,-0.076,-0.0788708569,0.0646,0.0625991418,0.0625,0.0605013437,0.0197,0.0195084664,0.0176,0.0174106683,-0.0452,-0.0462533845,-0.0473,-0.0483511826,0.0263,0.0259601017,0.0242,0.0238623036,-0.0127,-0.0127813344,-0.0148,-0.0148791324,0.0331,0.0325639909,0.031,0.0304661928,-0.0639,-0.0660329706,-0.066,-0.0681307687
1930-05-01,0.0026,0.0025966258,0.0134,0.0133110141,0.0108,0.0107143882,0.042,0.0411419433,0.0394,0.0385453175,-0.0179,-0.0180621428,-0.0205,-0.0206587687,-0.0373,-0.0380134422,-0.0399,-0.040610068,-0.044,-0.0449973659,-0.0466,-0.0475939918,0.004,0.0039920213,0.0014,0.0013953954,-0.0017,-0.0017014466,-0.0043,-0.0042980725,-0.0152,-0.0153167041,-0.0178,-0.01791333,-0.0128,-0.0128826258,-0.0154,-0.0154792517,-0.01,-0.0100503359,-0.0126,-0.0126469617
1930-06-01,0.0027,0.0026963615,-0.1106,-0.1172082009,-0.1133,-0.1199045625,-0.2235,-0.2529586364,-0.2262,-0.2556549979,-0.1613,-0.175902205,-0.164,-0.1785985665,-0.1551,-0.1685370018,-0.1578,-0.1712333634,-0.1975,-0.220023424,-0.2002,-0.2227197855,-0.0832,-0.086865933,-0.0859,-0.0895622946,-0.1629,-0.1778117413,-0.1656,-0.1805081029,-0.1193,-0.1270382332,-0.122,-0.1297345947,-0.193,-0.2144316107,-0.1957,-0.2171279723,-0.1188,-0.1264706641,-0.1215,-0.1291670256
1930-07-01,0.002,0.0019980027,0.0313,0.0308201423,0.0293,0.0288221397,0.1211,0.1143103462,0.1191,0.1123123435,0.0475,0.0464063728,0.0455,0.0444083702,0.0519,0.0505980528,0.0499,0.0486000501,0.0407,0.0398935637,0.0387,0.037895561,0.0127,0.0126200314,0.0107,0.0106220287,0.0269,0.0265445552,0.0249,0.0245465526,0.0652,0.063162575,0.0632,0.0611645723,0.0408,0.0399896482,0.0388,0.0379916456,0.0342,0.033628181,0.0322,0.0316301783
1930-08-01,0.0009,0.0008995952,0.0201,0.0199006617,0.0192,0.0190010665,-0.0189,-0.0190808878,-0.0198,-0.0199804831,-0.0006,-0.0006001801,-0.0015,-0.0014997753,-0.0315,-0.0320067961,-0.0324,-0.0329063914,0.0221,0.0218593344,0.0212,0.0209597391,0.0174,0.0172503534,0.0165,0.0163507582,0.0499,0.0486949215,0.049,0.0477953263,0.0777,0.0748291406,0.0768,0.0739295454,0.0119,0.0118297518,0.011,0.0109301565,-0.0038,-0.0038072383,-0.0047,-0.0047068336
1930-09-01,0.0022,0.0021975835,-0.0891,-0.0933221572,-0.0913,-0.0955197408,-0.1681,-0.1840430377,-0.1703,-0.1862406212,-0.1444,-0.1559523018,-0.1466,-0.1581498853,-0.1552,-0.168655366,-0.1574,-0.1708529496,-0.1831,-0.2022385906,-0.1853,-0.2044361742,-0.053,-0.0544561858,-0.0552,-0.0566537693,-0.1094,-0.1158598861,-0.1116,-0.1180574696,-0.0875,-0.0915671935,-0.0897,-0.0937647771,-0.1194,-0.1271517857,-0.1216,-0.1293493692,-0.106,-0.1120495038,-0.1082,-0.1142470874
1930-10-01,0.0009,0.0008995952,-0.0498,-0.0510827902,-0.0507,-0.0519823855,-0.1164,-0.1237508074,-0.1173,-0.1246504027,-0.0961,-0.1010365442,-0.097,-0.1019361394,-0.0843,-0.0880664789,-0.0852,-0.0889660741,-0.1735,-0.1905553617,-0.1744,-0.191454957,-0.0412,-0.0420727764,-0.0421,-0.0429723717,-0.0863,-0.090252989,-0.0872,-0.0911525842,-0.0437,-0.0446836076,-0.0446,-0.0455832029,-0.0829,-0.0865387614,-0.0838,-0.0874383567,-0.0845,-0.0882849149,-0.0854,-0.0891845101
1930-11-01,0.0013,0.0012991557,0.0018,0.0017983819,0.0005,0.0004992262,0.0533,0.0519280929,0.052,0.0506289371,-0.0034,-0.0034057931,-0.0047,-0.0047049489,-0.0374,-0.0381173221,-0.0387,-0.0394164778,-0.0324,-0.0329365002,-0.0337,-0.034235656,-0.0327,-0.0332465938,-0.034,-0.0345457495,0.0278,0.0274205956,0.0265,0.0261214398,-0.0311,-0.0315938716,-0.0324,-0.0328930273,-0.0876,-0.0916767886,-0.0889,-0.0929759443,-0.0517,-0.0530843711,-0.053,-0.0543835268
1930-12-01,0.0014,0.0013990209,-0.0462,-0.0473012731,-0.0476,-0.048700294,-0.0127,-0.0127813344,-0.0141,-0.0141803553,-0.0825,-0.0861026991,-0.0839,-0.08750172,-0.1252,-0.1337599902,-0.1266,-0.1351590111,-0.1078,-0.1140649563,-0.1092,-0.1154639772,-0.0379,-0.0386368836,-0.0393,-0.0400359045,-0.1345,-0.1444479044,-0.1359,-0.1458469253,-0.0692,-0.0717108476,-0.0706,-0.0731098685,-0.0368,-0.0374942044,-0.0382,-0.0388932253,-0.0889,-0.0931026183,-0.0903,-0.0945016392
1931-01-01,0.0015,0.0014988761,0.0538,0.0524026788,0.0523,0.0509038027,0.0802,0.0771462092,0.0787,0.0756473331,0.0352,0.0345946448,0.0337,0.0330957686,0.0586,0.0569472804,0.0571,0.0554484043,0.0525,0.0511682866,0.051,0.0496694105,0.0479,0.0467881615,0.0464,0.0452892854,0.072,0.0695260626,0.0705,0.0680271865,0.0824,0.0791807979,0.0809,0.0776819218,0.0561,0.0545828778,0.0546,0.0530840016,0.1196,0.1129714787,0.1181,0.1114726025
1931-02-01,0.0004,0.00039992,0.0681,0.0658813691,0.0677,0.0654814491,0.1742,0.1605870646,0.1738,0.1601871446,0.1292,0.1215094174,0.1288,0.1211094974,0.0597,0.0579858492,0.0593,0.0575859292,0.2238,0.201960772,0.2234,0.201560852,0.0595,0.0577970987,0.0591,0.0573971787,0.148,0.1380212979,0.1476,0.1376213779,0.0783,0.0753857269,0.0779,0.0749858069,0.1531,0.1424539678,0.1527,0.1420540478,0.0549,0.0534459757,0.0545,0.0530460557
1931-03-01,0.0013,0.0012991557,-0.0171,-0.0172478934,-0.0184,-0.0185470491,-0.0382,-0.0389487501,-0.0395,-0.0402479059,-0.0699,-0.0724631717,-0.0712,-0.0737623275,-0.1455,-0.1572387764,-0.1468,-0.1585379322,-0.078,-0.0812100554,-0.0793,-0.0825092112,-0.0361,-0.0367677242,-0.0374,-0.0380668799,-0.0335,-0.0340739803,-0.0348,-0.0353731361,0.0179,0.0177416815,0.0166,0.0164425257,-0.0286,-0.0290169491,-0.0299,-0.0303161048,-0.0938,-0.0984952467,-0.0951,-0.0997944025
1931-04-01,0.0008,0.0007996802,-0.0532,-0.0546674013,-0.054,-0.0554670815,-0.0788,-0.082078111,-0.0796,-0.0828777912,-0.1403,-0.1511717878,-0.1411,-0.151971468,-0.1378,-0.1482680167,-0.1386,-0.1490676968,-0.1306,-0.1399519604,-0.1314,-0.1407516406,-0.0425,-0.0434295579,-0.0433,-0.0442292381,-0.0483,-0.0495054199,-0.0491,-0.0503051001,-0.0362,-0.0368714748,-0.037,-0.0376711549,-0.0904,-0.0947503365,-0.0912,-0.0955500167,-0.1001,-0.1054716329,-0.1009,-0.1062713131
1931-05-01,0.0009,0.0008995952,-0.1105,-0.1170957719,-0.1114,-0.1179953671,-0.1633,-0.1782896957,-0.1642,-0.1791892909,-0.1649,-0.1802038008,-0.1658,-0.1811033961,-0.1216,-0.1296532082,-0.1225,-0.1305528035,-0.1293,-0.1384577931,-0.1302,-0.1393573884,-0.0894,-0.0936515561,-0.0903,-0.0945511513,-0.0324,-0.0329365002,-0.0333,-0.0338360955,-0.1036,-0.1093685371,-0.1045,-0.1102681323,-0.1117,-0.1184457552,-0.1126,-0.1193453504,-0.1739,-0.1910394474,-0.1748,-0.1919390427
1931-06-01,0.0008,0.0007996802,0.1078,0.1023760666,0.107,0.1015763864,0.1465,0.1367138233,0.1457,0.1359141431,0.174,0.1604167214,0.1732,0.1596170412,0.1743,0.1606722254,0.1735,0.1598725452,0.1876,0.1719344639,0.1868,0.1711347837,0.1032,0.0982150475,0.1024,0.0974153673,0.0788,0.0758493123,0.078,0.0750496321,0.0972,0.0927614801,0.0964,0.0919617999,0.1093,0.1037291858,0.1085,0.1029295056,0.1641,0.1519482563,0.1633,0.1511485761
1931-07-01,0.0006,0.0005998201,-0.0382,-0.0389487501,-0.0388,-0.0395485702,-0.0211,-0.0213257867,-0.0217,-0.0219256068,-0.1025,-0.1081421586,-0.1031,-0.1087419787,-0.0364,-0.0370790082,-0.037,-0.0376788283,-0.1039,-0.1097032651,-0.1045,-0.1103030852,-0.0487,-0.0499258088,-0.0493,-0.0505256288,-0.0155,-0.0156213809,-0.0161,-0.016221201,0.0261,0.0257652079,0.0255,0.0251653878,-0.0541,-0.0556184238,-0.0547,-0.0562182438,-0.0991,-0.1043610153,-0.0997,-0.1049608354
1931-08-01,0.0003,0.000299955,-0.0062,-0.0062192998,-0.0065,-0.0065192548,-0.029,-0.0294288107,-0.0293,-0.0297287657,-0.0012,-0.0012007206,-0.0015,-0.0015006756,0.0948,0.0905716982,0.0945,0.0902717432,0.0372,0.0365247747,0.0369,0.0362248197,0.0082,0.0081665627,0.0079,0.0078666077,0.0306,0.0301411569,0.0303,0.0298412019,0.0039,0.0038924147,0.0036,0.0035924597,0.0,0.0,-0.0003,-0.000299955,-0.0402,-0.0410303496,-0.0405,-0.0413303046
1931-09-01,0.0003,0.000299955,-0.2497,-0.2872821524,-0.25,-0.2875821074,-0.3486,-0.4286313861,-0.3489,-0.4289313411,-0.3002,-0.356960699,-0.3005,-0.3572606541,-0.3053,-0.3642751813,-0.3056,-0.3645751363,-0.3396,-0.4149095669,-0.3399,-0.4152095219,-0.217,-0.244622583,-0.2173,-0.244922538,-0.304,-0.3624056186,-0.3043,-0.3627055737,-0.2959,-0.3508348875,-0.2962,-0.3511348425,-0.296,-0.3509769228,-0.2963,-0.3512768778,-0.2678,-0.3117015783,-0.2681,-0.3120015333
1931-10-01,0.001,0.0009995003,0.0695,0.0671912495,0.0685,0.0661917492,0.1297,0.1219521108,0.1287,0.1209526104,0.0612,0.0594003433,0.0602,0.0584008429,0.1503,0.1400227779,0.1493,0.1390232776,0.1139,0.1078673709,0.1129,0.1068678705,0.0434,0.0424846116,0.0424,0.0414851113,0.1413,0.1321679636,0.1403,0.1311684632,0.1127,0.1067894942,0.1117,0.1057899938,0.1048,0.0996643231,0.1038,0.0986648228,0.0208,0.0205866336,0.0198,0.0195871333
1931-11-01,0.0017,0.0016985566,-0.0441,-0.0451019739,-0.0458,-0.0468005305,-0.0372,-0.0379095731,-0.0389,-0.0396081297,-0.0803,-0.0837077491,-0.082,-0.0854063057,-0.0873,-0.0913480395,-0.089,-0.0930465961,-0.1417,-0.1528015903,-0.1434,-0.1545001469,-0.0686,-0.0710664484,-0.0703,-0.0727650051,-0.0962,-0.101147182,-0.0979,-0.1028457386,-0.0283,-0.0287081641,-0.03,-0.0304067208,-0.0481,-0.0492952917,-0.0498,-0.0509938484,-0.1916,-0.2126982935,-0.1933,-0.2143968501
1931-12-01,0.0012,0.0011992806,-0.0976,-0.1026973982,-0.0988,-0.1038966788,-0.0879,-0.0920056458,-0.0891,-0.0932049264,-0.1541,-0.1673541297,-0.1553,-0.1685534102,-0.1896,-0.210227326,-0.1908,-0.2114266066,-0.1359,-0.1460667761,-0.1371,-0.1472660567,-0.08,-0.0833816089,-0.0812,-0.0845808895,-0.1543,-0.1675905922,-0.1555,-0.1687898728,-0.041,-0.0418642041,-0.0422,-0.0430634847,-0.1325,-0.1421397672,-0.1337,-0.1433390477,-0.1615,-0.1761406977,-0.1627,-0.1773399783
1932-01-01,0.0023,0.002297359,0.0203,0.0200967017,0.018,0.0177993427,-0.069,-0.0714960017,-0.0713,-0.0737933608,-0.0049,-0.0049120444,-0.0072,-0.0072094034,-0.0487,-0.0499258088,-0.051,-0.0522231678,-0.1143,-0.1213769862,-0.1166,-0.1236743452,-0.0404,-0.041238748,-0.0427,-0.0435361071,0.0099,0.0098513161,0.0076,0.007553957,-0.0266,-0.0269601816,-0.0289,-0.0292575406,-0.0253,-0.0256255476,-0.0276,-0.0279229067,0.0722,0.0697126124,0.0699,0.0674152534
1932-02-01,0.0023,0.002297359,0.0562,0.0546775613,0.0539,0.0523802022,0.0202,0.0199986865,0.0179,0.0177013275,0.0592,0.0575139062,0.0569,0.0552165472,0.0872,0.0836055839,0.0849,0.0813082248,0.0629,0.0610010216,0.0606,0.0587036625,0.1163,0.110019645,0.114,0.107722286,0.0408,0.0399896482,0.0385,0.0376922892,0.02,0.0198026273,0.0177,0.0175052682,0.0708,0.0684060327,0.0685,0.0661086736,-0.0039,-0.0039076248,-0.0062,-0.0062049839
1932-03-01,0.0016,0.0015987214,-0.062,-0.06400533,-0.0636,-0.0656040513,-0.222,-0.2510287548,-0.2236,-0.2526274762,-0.1435,-0.1549009612,-0.1451,-0.1564996826,-0.0113,-0.0113643301,-0.0129,-0.0129630514,-0.1453,-0.1570047488,-0.1469,-0.1586034702,-0.1013,-0.1068060043,-0.1029,-0.1084047257,-0.0865,-0.0904719032,-0.0881,-0.0920706245,-0.065,-0.0672087497,-0.0666,-0.0688074711,-0.104,-0.109814866,-0.1056,-0.1114135874,-0.1623,-0.1770952378,-0.1639,-0.1786939592
1932-04-01,0.0011,0.0010993954,-0.1153,-0.1225066745,-0.1164,-0.1236060699,-0.2952,-0.3498412044,-0.2963,-0.3509405998,-0.2296,-0.2608454185,-0.2307,-0.2619448139,-0.1426,-0.1538507248,-0.1437,-0.1549501203,-0.2417,-0.2766761933,-0.2428,-0.2777755887,-0.1239,-0.1322750393,-0.125,-0.1333744348,-0.1541,-0.1673541297,-0.1552,-0.1684535251,-0.1977,-0.2202726762,-0.1988,-0.2213720717,-0.1565,-0.170195377,-0.1576,-0.1712947724,-0.2222,-0.2512858573,-0.2233,-0.2523852527
1932-05-01,0.0006,0.0005998201,-0.2112,-0.2372424757,-0.2118,-0.2378422958,-0.1879,-0.2081317937,-0.1885,-0.2087316138,-0.1822,-0.2011374711,-0.1828,-0.2017372911,-0.0529,-0.0543505948,-0.0535,-0.0549504148,-0.2862,-0.3371524679,-0.2868,-0.337752288,-0.1081,-0.1144012603,-0.1087,-0.1150010804,-0.2937,-0.3477152026,-0.2943,-0.3483150226,-0.3477,-0.4272507002,-0.3483,-0.4278505203,-0.2729,-0.3186912593,-0.2735,-0.3192910794,-0.3065,-0.3660040392,-0.3071,-0.3666038593
1932-06-01,0.0002,0.00019998,0.0107,0.0106431601,0.0105,0.0104431801,-0.0781,-0.0813185212,-0.0783,-0.0815185012,-0.0252,-0.0255229572,-0.0254,-0.0257229372,0.0596,0.0578914784,0.0594,0.0576914984,0.0692,0.0669107053,0.069,0.0667107253,-0.0971,-0.1021434737,-0.0973,-0.1023434537,-0.0042,-0.0042088448,-0.0044,-0.0044088248,0.1087,0.1031881578,0.1085,0.1029881778,0.0146,0.0144944462,0.0144,0.0142944661,-0.0156,-0.0157229605,-0.0158,-0.0159229405
1932-07-01,0.0002,0.00019998,0.2477,0.2213018564,0.2475,0.2211018764,0.4498,0.3714256159,0.4496,0.3712256359,0.4185,0.3495999753,0.4183,0.3493999953,0.3393,0.2921470894,0.3391,0.2919471094,0.442,0.3660310389,0.4418,0.3658310589,0.167,0.1544363533,0.1668,0.1542363733,0.2715,0.2401973059,0.2713,0.2399973259,0.2921,0.2562688017,0.2919,0.2560688217,0.2942,0.2578927436,0.294,0.2576927636,0.5588,0.4439162945,0.5586,0.4437163145
1932-08-01,0.0003,0.000299955,0.2285,0.205793913,0.2282,0.205493958,0.4544,0.3745934444,0.4541,0.3742934894,0.4646,0.3815821676,0.4643,0.3812822126,0.1954,0.1784808574,0.1951,0.1781809024,0.4567,0.3761736035,0.4564,0.3758736485,0.2817,0.2481873218,0.2814,0.2478873667,0.3309,0.2858554051,0.3306,0.2855554501,0.3614,0.308513582,0.3611,0.308213627,0.4355,0.3615132206,0.4352,0.3612132656,0.5875,0.4621604518,0.5872,0.4618604968
1932-09-01,0.0003,0.000299955,-0.0096,-0.0096463771,-0.0099,-0.0099463321,0.0852,0.0817643018,0.0849,0.0814643468,-0.0245,-0.0248051189,-0.0248,-0.0251050739,-0.104,-0.109814866,-0.1043,-0.110114821,-0.056,-0.0576291128,-0.0563,-0.0579290678,0.0031,0.0030952049,0.0028,0.0027952499,0.03,0.0295588022,0.0297,0.0292588472,-0.1193,-0.1270382332,-0.1196,-0.1273381882,-0.0465,-0.0476158539,-0.0468,-0.047915809,-0.042,-0.042907501,-0.0423,-0.043207456
1932-10-01,0.0002,0.00019998,-0.1142,-0.1212640875,-0.1144,-0.1214640675,-0.2476,-0.2844871816,-0.2478,-0.2846871616,-0.1584,-0.172450437,-0.1586,-0.172650417,-0.0376,-0.0383251143,-0.0378,-0.0385250943,-0.1904,-0.2112149804,-0.1906,-0.2114149605,-0.0813,-0.0847956517,-0.0815,-0.0849956317,-0.1268,-0.1355906543,-0.127,-0.1357906343,-0.1856,-0.2053036332,-0.1858,-0.2055036132,-0.1083,-0.1146255258,-0.1085,-0.1148255058,-0.18,-0.1984509387,-0.1802,-0.1986509187
1932-11-01,0.0002,0.00019998,-0.0719,-0.0746157934,-0.0721,-0.0748157734,-0.0293,-0.0297378183,-0.0295,-0.0299377983,-0.1032,-0.1089224072,-0.1034,-0.1091223872,-0.0456,-0.0466724082,-0.0458,-0.0468723882,-0.0825,-0.0861026991,-0.0827,-0.0863026791,-0.0113,-0.0113643301,-0.0115,-0.0115643101,-0.056,-0.0576291128,-0.0562,-0.0578290928,0.0533,0.0519280929,0.0531,0.0517281129,-0.0362,-0.0368714748,-0.0364,-0.0370714548,-0.0692,-0.0717108476,-0.0694,-0.0719108276
1932-12-01,0.0001,9.9995e-05,0.0378,0.037103088,0.0377,0.037003093,0.0433,0.0423887665,0.0432,0.0422887715,0.0329,0.03237038,0.0328,0.032270385,0.0012,0.0011992806,0.0011,0.0010992856,0.0741,0.0714831016,0.074,0.0713831066,0.0368,0.0361390466,0.0367,0.0360390516,0.0488,0.0476466535,0.0487,0.0475466585,0.0678,0.0656004571,0.0677,0.0655004621,0.0915,0.087552897,0.0914,0.087452902,0.0491,0.0479326538,0.049,0.0478326588
1933-01-01,0.0001,9.9995e-05,0.0463,0.0452601314,0.0462,0.0451601364,0.0091,0.0090588445,0.009,0.0089588495,0.0342,0.033628181,0.0341,0.033528186,-0.0293,-0.0297378183,-0.0294,-0.0298378133,0.0141,0.0140015196,0.014,0.0139015246,0.0031,0.0030952049,0.003,0.0029952099,-0.0234,-0.0236781274,-0.0235,-0.0237781224,-0.0114,-0.0114654781,-0.0115,-0.0115654731,-0.044,-0.0449973659,-0.0441,-0.0450973609,0.0853,0.0818564465,0.0852,0.0817564515
1933-02-01,-0.0003,-0.000300045,-0.0906,-0.0949702376,-0.0903,-0.0946701926,-0.2466,-0.2831589837,-0.2463,-0.2828589387,-0.1754,-0.1928568587,-0.1751,-0.1925568137,-0.1334,-0.1431777697,-0.1331,-0.1428777247,-0.201,-0.2243943332,-0.2007,-0.2240942882,-0.0777,-0.0808847287,-0.0774,-0.0805846837,-0.1813,-0.2000375626,-0.181,-0.1997375176,-0.1096,-0.116084479,-0.1093,-0.115784434,-0.1991,-0.2220191837,-0.1988,-0.2217191386,-0.1644,-0.1796052493,-0.1641,-0.1793052043
1933-03-01,0.0004,0.00039992,0.1033,0.0983056888,0.1029,0.0979057688,0.0915,0.087552897,0.0911,0.087152977,0.1119,0.1060702637,0.1115,0.1056703437,0.0379,0.037199441,0.0375,0.036799521,0.0738,0.071203759,0.0734,0.070803839,-0.062,-0.06400533,-0.0624,-0.06440525,0.085,0.081579987,0.0846,0.081180067,-0.0321,-0.0326265028,-0.0325,-0.0330264228,-0.1305,-0.1398369452,-0.1309,-0.1402368652,0.0365,0.0358496529,0.0361,0.0354497329
1933-04-01,0.001,0.0009995003,0.3424,0.2944590567,0.3414,0.2934595564,0.7979,0.5866193172,0.7969,0.5856198168,0.5808,0.457931048,0.5798,0.4569315477,0.3936,0.3318903271,0.3926,0.3308908268,0.5181,0.417459553,0.5171,0.4164600526,0.1322,0.1241626426,0.1312,0.1231631423,0.4245,0.353820875,0.4235,0.3528213746,0.3714,0.3158321159,0.3704,0.3148326155,0.2569,0.2286483719,0.2559,0.2276488716,0.309,0.2692634869,0.308,0.2682639866
1933-05-01,0.0004,0.00039992,0.1268,0.119381757,0.1264,0.118981837,0.2603,0.2313497879,0.2599,0.2309498678,0.2604,0.2314291309,0.26,0.2310292109,0.1748,0.1610979203,0.1744,0.1606980003,0.1983,0.1809038857,0.1979,0.1805039657,0.1737,0.1601611521,0.1733,0.1597612321,0.1728,0.1593940522,0.1724,0.1589941321,0.2366,0.2123656781,0.2362,0.2119657581,0.193,0.1764711431,0.1926,0.1760712231,0.3156,0.2742928353,0.3152,0.2738929153
1933-06-01,0.0002,0.00019998,0.1043,0.0992116501,0.1041,0.0990116701,0.2079,0.1888833146,0.2077,0.1886833346,0.1228,0.1158255655,0.1226,0.1156255855,0.1218,0.1149345381,0.1216,0.1147345581,0.1082,0.1027370775,0.108,0.1025370974,0.105,0.099845335,0.1048,0.099645355,0.1592,0.147730112,0.159,0.147530132,0.1039,0.098849364,0.1037,0.098649384,0.1559,0.1448792613,0.1557,0.1446792813,0.1455,0.1358412229,0.1453,0.1356412429
1933-07-01,0.0002,0.00019998,-0.0662,-0.0684929964,-0.0664,-0.0686929764,-0.0706,-0.0732160623,-0.0708,-0.0734160423,-0.1137,-0.1206997852,-0.1139,-0.1208997652,-0.1205,-0.1284017148,-0.1207,-0.1286016948,-0.1107,-0.1173206426,-0.1109,-0.1175206226,-0.0436,-0.0445790434,-0.0438,-0.0447790234,-0.1346,-0.1445634512,-0.1348,-0.1447634312,-0.1911,-0.212079979,-0.1913,-0.212279959,-0.1349,-0.1449101718,-0.1351,-0.1451101518,-0.0666,-0.0689214455,-0.0668,-0.0691214255
1933-08-01,0.0003,0.000299955,0.0987,0.0941276627,0.0984,0.0938277077,0.2094,0.1901243689,0.2091,0.1898244138,0.1622,0.1503147607,0.1619,0.1500148056,0.1908,0.1746253502,0.1905,0.1743253952,0.1289,0.1212437073,0.1286,0.1209437523,0.0453,0.0443039256,0.045,0.0440039705,0.0712,0.0687795154,0.0709,0.0684795604,-0.0042,-0.0042088448,-0.0045,-0.0045087998,-0.0124,-0.0124775215,-0.0127,-0.0127774765,0.1461,0.1363648745,0.1458,0.1360649195
1933-09-01,0.0002,0.00019998,-0.0749,-0.0778534392,-0.0751,-0.0780534192,-0.1541,-0.1673541297,-0.1543,-0.1675541097,-0.1015,-0.1070285728,-0.1017,-0.1072285528,-0.0269,-0.0272684272,-0.0271,-0.0274684072,-0.1716,-0.1882591495,-0.1718,-0.1884591295,-0.037,-0.0377018672,-0.0372,-0.0379018472,-0.0879,-0.0920056458,-0.0881,-0.0922056258,-0.0134,-0.0134905902,-0.0136,-0.0136905702,-0.1976,-0.2201480423,-0.1978,-0.2203480223,-0.1643,-0.179485582,-0.1645,-0.179685562
1933-10-01,0.0001,9.9995e-05,-0.0912,-0.095630231,-0.0913,-0.095730226,-0.1006,-0.1060274046,-0.1007,-0.1061273996,-0.0813,-0.0847956517,-0.0814,-0.0848956467,-0.0485,-0.0497155922,-0.0486,-0.0498155872,-0.0973,-0.1023650067,-0.0974,-0.1024650017,-0.0718,-0.0745080522,-0.0719,-0.0746080472,-0.0784,-0.081643989,-0.0785,-0.081743984,-0.0603,-0.0621946036,-0.0604,-0.0622945986,-0.0752,-0.0781777811,-0.0753,-0.0782777761,-0.1143,-0.1213769862,-0.1144,-0.1214769812
1933-11-01,0.0002,0.00019998,0.0521,0.0507881668,0.0519,0.0505881868,0.2548,0.2269761973,0.2546,0.2267762173,0.13,0.1222176327,0.1298,0.1220176527,0.1471,0.1372370183,0.1469,0.1370370383,0.1294,0.1216865183,0.1292,0.1214865383,0.0563,0.0547722358,0.0561,0.0545722558,0.1447,0.1351425939,0.1445,0.1349426139,0.0945,0.090297638,0.0943,0.090097658,-0.0244,-0.0247026126,-0.0246,-0.0249025926,0.0539,0.052497569,0.0537,0.052297589
1933-12-01,0.0002,0.00019998,-0.0342,-0.0347985055,-0.0344,-0.0349984855,0.1045,0.0993927439,0.1043,0.0991927639,0.0468,0.0457378917,0.0466,0.0455379117,-0.0121,-0.0121738009,-0.0123,-0.0123737809,0.0139,0.013804281,0.0137,0.013604301,-0.038,-0.0387408283,-0.0382,-0.0389408083,0.0449,0.0439211871,0.0447,0.0437212071,-0.1178,-0.1253364913,-0.118,-0.1255364713,0.0106,0.0105442139,0.0104,0.0103442339,0.0471,0.0460244383,0.0469,0.0458244583
1934-01-01,0.0005,0.000499875,0.1006,0.0958554856,0.1001,0.0953556106,0.1322,0.1241626426,0.1317,0.1236627676,0.111,0.1052605107,0.1105,0.1047606356,0.0872,0.0836055839,0.0867,0.0831057088,0.1608,0.1491094226,0.1603,0.1486095475,0.0597,0.0579858492,0.0592,0.0574859742,0.1743,0.1606722254,0.1738,0.1601723503,0.1679,0.1552072643,0.1674,0.1547073893,0.2054,0.1868114621,0.2049,0.186311587,0.1871,0.1715133581,0.1866,0.171013483
1934-02-01,0.0002,0.00019998,-0.0504,-0.0517144357,-0.0506,-0.0519144157,-0.0207,-0.0209172483,-0.0209,-0.0211172283,-0.0316,-0.0321100539,-0.0318,-0.0323100339,-0.0339,-0.0344879305,-0.0341,-0.0346879105,-0.0631,-0.065178726,-0.0633,-0.065378706,0.0212,0.0209784064,0.021,0.0207784264,0.0307,0.0302381831,0.0305,0.0300382031,-0.036,-0.0366639844,-0.0362,-0.0368639644,-0.0175,-0.0176549352,-0.0177,-0.0178549152,-0.019,-0.0191828194,-0.0192,-0.0193827994
1934-03-01,0.0002,0.00019998,0.0117,0.0116320842,0.0115,0.0114321042,-0.003,-0.003004509,-0.0032,-0.003204489,-0.0125,-0.0125787822,-0.0127,-0.0127787622,-0.0133,-0.0133892371,-0.0135,-0.0135892171,0.0318,0.0313048498,0.0316,0.0311048698,0.0126,0.0125212806,0.0124,0.0123213006,0.024,0.0237165266,0.0238,0.0235165466,-0.0064,-0.0064205678,-0.0066,-0.0066205478,-0.0181,-0.0182658088,-0.0183,-0.0184657888,0.0081,0.0080673711,0.0079,0.0078673911
1934-04-01,0.0001,9.9995e-05,0.0308,0.0303351998,0.0307,0.0302352048,-0.0685,-0.0709590889,-0.0686,-0.0710590839,-0.0269,-0.0272684272,-0.027,-0.0273684222,-0.0199,-0.0201006717,-0.02,-0.0202006667,-0.0233,-0.0235757365,-0.0234,-0.0236757315,-0.0125,-0.0125787822,-0.0126,-0.0126787772,-0.0124,-0.0124775215,-0.0125,-0.0125775165,0.08,0.0769610411,0.0799,0.0768610461,-0.0376,-0.0383251143,-0.0377,-0.0384251093,-0.0161,-0.0162310131,-0.0162,-0.0163310081
1934-05-01,0.0001,9.9995e-05,-0.0299,-0.03035612,-0.03,-0.030456115,-0.1282,-0.1371952392,-0.1283,-0.1372952342,-0.1011,-0.1065834854,-0.1012,-0.1066834804,-0.0462,-0.0473012731,-0.0463,-0.0474012681,-0.0661,-0.0683859129,-0.0662,-0.0684859079,-0.043,-0.0439518875,-0.0431,-0.0440518825,-0.0797,-0.0830555751,-0.0798,-0.0831555701,-0.0034,-0.0034057931,-0.0035,-0.0035057881,-0.0779,-0.0811016014,-0.078,-0.0812015964,-0.0741,-0.0769890415,-0.0742,-0.0770890365
1934-06-01,0.0001,9.9995e-05,0.0386,0.0378736524,0.0385,0.0377736574,-0.0275,-0.0278852035,-0.0276,-0.0279851985,0.0425,0.0416216747,0.0424,0.0415216797,0.012,0.0119285709,0.0119,0.0118285759,0.0279,0.027517886,0.0278,0.027417891,0.0127,0.0126200314,0.0126,0.0125200364,0.0242,0.02391182,0.0241,0.023811825,0.0203,0.0200967017,0.0202,0.0199967067,0.0432,0.0422929122,0.0431,0.0421929172,0.0313,0.0308201423,0.0312,0.0307201473
1934-07-01,0.0001,9.9995e-05,-0.0512,-0.0525572507,-0.0513,-0.0526572457,-0.1384,-0.1489641531,-0.1385,-0.1490641481,-0.1157,-0.1229589074,-0.1158,-0.1230589024,-0.0974,-0.1024757916,-0.0975,-0.1025757866,-0.1189,-0.1265841521,-0.119,-0.1266841471,-0.0435,-0.0444744901,-0.0436,-0.0445744851,-0.0836,-0.0873023284,-0.0837,-0.0874023234,-0.019,-0.0191828194,-0.0191,-0.0192828144,-0.1726,-0.189467025,-0.1727,-0.18956702,-0.1749,-0.1922506879,-0.175,-0.1923506829
1934-08-01,0.0001,9.9995e-05,0.0423,0.0414298098,0.0422,0.0413298148,0.1089,0.103368533,0.1088,0.103268538,0.0751,0.0724136805,0.075,0.0723136855,0.0611,0.0593061059,0.061,0.0592061109,0.066,0.0639133257,0.0659,0.0638133307,0.0256,0.0252778072,0.0255,0.0251778122,0.0471,0.0460244383,0.047,0.0459244433,-0.0307,-0.0311811175,-0.0308,-0.0312811125,0.0203,0.0200967017,0.0202,0.0199967067,0.0453,0.0443039256,0.0452,0.0442039306
1934-09-01,0.0001,9.9995e-05,0.0025,0.0024968802,0.0024,0.0023968852,0.0068,0.0067769843,0.0067,0.0066769893,-0.0112,-0.0112631923,-0.0113,-0.0113631873,-0.0232,-0.0234733562,-0.0233,-0.0235733512,-0.0031,-0.003104815,-0.0032,-0.00320481,0.0179,0.0177416815,0.0178,0.0176416865,0.0256,0.0252778072,0.0255,0.0251778122,0.0082,0.0081665627,0.0081,0.0080665677,0.0161,0.0159717695,0.016,0.0158717745,-0.0033,-0.003305457,-0.0034,-0.003405452
1934-10-01,0.0001,9.9995e-05,0.0061,0.0060814703,0.006,0.0059814753,-0.0209,-0.0211214966,-0.021,-0.0212214916,-0.0042,-0.0042088448,-0.0043,-0.0043088398,-0.0468,-0.0479305338,-0.0469,-0.0480305288,-0.0093,-0.009343515,-0.0094,-0.00944351,-0.0144,-0.0145046862,-0.0145,-0.0146046812,0.0162,0.0160701802,0.0161,0.0159701852,-0.0071,-0.0071253249,-0.0072,-0.0072253199,-0.076,-0.0790432073,-0.0761,-0.0791432023,-0.0222,-0.0224501288,-0.0223,-0.0225501238
1934-11-01,0.0001,9.9995e-05,0.0851,0.0816721486,0.085,0.0815721536,0.1767,0.1627139105,0.1766,0.1626139155,0.126,0.1186715297,0.1259,0.1185715347,0.0702,0.0678455469,0.0701,0.0677455519,0.1354,0.1269850118,0.1353,0.1268850168,-0.0173,-0.0174513936,-0.0174,-0.0175513886,0.097,0.0925791813,0.0969,0.0924791863,0.0406,0.0397974699,0.0405,0.0396974749,-0.0029,-0.0029042131,-0.003,-0.0030042081,0.0565,0.0549615581,0.0564,0.0548615631
1934-12-01,0.0001,9.9995e-05,-0.0094,-0.0094444588,-0.0095,-0.0095444538,0.0356,0.0349809689,0.0355,0.0348809739,0.0221,0.0218593344,0.022,0.0217593394,0.0068,0.0067769843,0.0067,0.0066769893,0.0369,0.0362354926,0.0368,0.0361354976,-0.006,-0.0060180723,-0.0061,-0.0061180673,-0.0104,-0.0104544579,-0.0105,-0.0105544529,0.0061,0.0060814703,0.006,0.0059814753,-0.0864,-0.0903624401,-0.0865,-0.0904624351,-0.0013,-0.0013008457,-0.0014,-0.0014008407
1935-01-01,0.0001,9.9995e-05,-0.014,-0.0140989244,-0.0141,-0.0141989194,-0.0884,-0.0925539816,-0.0885,-0.0926539766,-0.024,-0.0242926926,-0.0241,-0.0243926876,-0.0437,-0.0446836076,-0.0438,-0.0447836026,0.0112,0.0111377444,0.0111,0.0110377494,-0.0046,-0.0046106126,-0.0047,-0.0047106076,-0.0538,-0.0553013158,-0.0539,-0.0554013108,-0.0086,-0.0086371934,-0.0087,-0.0087371884,-0.0317,-0.0322133224,-0.0318,-0.0323133174,-0.0673,-0.0696716732,-0.0674,-0.0697716682
1935-02-01,0.0002,0.00019998,0.016,0.0158733492,0.0158,0.0156733692,-0.035,-0.0356271776,-0.0352,-0.0358271576,-0.0181,-0.0182658088,-0.0183,-0.0184657888,-0.0338,-0.0343844269,-0.034,-0.0345844069,0.002,0.0019980027,0.0018,0.0017980227,0.0104,0.0103462921,0.0102,0.0101463121,-0.0066,-0.0066218763,-0.0068,-0.0068218563,0.043,0.042101176,0.0428,0.041901196,-0.1219,-0.1299947966,-0.1221,-0.1301947766,-0.0475,-0.048665172,-0.0477,-0.048865152
1935-03-01,0.0001,9.9995e-05,-0.0487,-0.0499258088,-0.0488,-0.0500258038,-0.0582,-0.0599623412,-0.0583,-0.0600623362,-0.0486,-0.049820695,-0.0487,-0.04992069,-0.0382,-0.0389487501,-0.0383,-0.0390487451,-0.0413,-0.0421770789,-0.0414,-0.0422770739,-0.0072,-0.0072260451,-0.0073,-0.0073260401,-0.0436,-0.0445790434,-0.0437,-0.0446790384,-0.0314,-0.031903549,-0.0315,-0.032003544,0.1236,0.1165378162,0.1235,0.1164378212,-0.0543,-0.055829885,-0.0544,-0.05592988
1935-04-01,0.0001,9.9995e-05,0.0599,0.0581745641,0.0598,0.0580745691,0.0572,0.0556239037,0.0571,0.0555239087,0.0904,0.0865446014,0.0903,0.0864446064,0.1549,0.1440137601,0.1548,0.1439137651,0.1024,0.0974896213,0.1023,0.0973896263,0.0913,0.0873696461,0.0912,0.0872696511,0.0692,0.0669107053,0.0691,0.0668107103,0.0318,0.0313048498,0.0317,0.0312048548,0.1115,0.1057104544,0.1114,0.1056104594,0.0877,0.0840653751,0.0876,0.0839653801
1935-05-01,0.0001,9.9995e-05,0.0108,0.0107420965,0.0107,0.0106421015,0.0292,0.0287818014,0.0291,0.0286818064,0.0186,0.0184291355,0.0185,0.0183291405,0.035,0.0344014267,0.0349,0.0343014317,0.0264,0.0260575343,0.0263,0.0259575393,0.0838,0.0804733841,0.0837,0.0803733891,0.0255,0.0251802985,0.0254,0.0250803035,-0.0408,-0.0416556753,-0.0409,-0.0417556703,0.1377,0.1290086806,0.1376,0.1289086856,0.0391,0.0383549539,0.039,0.0382549589
1935-06-01,0.0001,9.9995e-05,0.0551,0.0536355492,0.055,0.0535355542,0.0978,0.0933081771,0.0977,0.0932081821,0.0651,0.0630686915,0.065,0.0629686965,0.015,0.0148886125,0.0149,0.0147886175,0.0835,0.080196542,0.0834,0.080096547,0.0532,0.0518331486,0.0531,0.0517331536,0.0626,0.060718735,0.0625,0.06061874,0.0408,0.0399896482,0.0407,0.0398896532,0.0913,0.0873696461,0.0912,0.0872696511,0.0637,0.0617533963,0.0636,0.0616534013
1935-07-01,0.0001,9.9995e-05,0.0314,0.0309171026,0.0313,0.0308171076,0.1909,0.1747093238,0.1908,0.1746093288,0.1061,0.1008403149,0.106,0.1007403199,0.0014,0.0013990209,0.0013,0.0012990259,0.096,0.0916671885,0.0959,0.0915671935,0.0574,0.0558130648,0.0573,0.0557130698,0.0751,0.0724136805,0.075,0.0723136855,0.032,0.0314986671,0.0319,0.0313986721,0.0923,0.0882855649,0.0922,0.0881855699,0.0813,0.078164021,0.0812,0.078064026
1935-08-01,0.0001,9.9995e-05,-0.0157,-0.0158245503,-0.0158,-0.0159245453,0.0898,0.0859941932,0.0897,0.0858941982,0.0324,0.0318861889,0.0323,0.0317861939,-0.019,-0.0191828194,-0.0191,-0.0192828144,0.0322,0.0316924467,0.0321,0.0315924517,0.0407,0.0398935637,0.0406,0.0397935687,0.0307,0.0302381831,0.0306,0.0301381881,0.0025,0.0024968802,0.0024,0.0023968852,0.0723,0.0698058742,0.0722,0.0697058792,0.0251,0.0247901688,0.025,0.0246901738
1935-09-01,0.0001,9.9995e-05,0.0169,0.0167587838,0.0168,0.0166587888,0.111,0.1052605107,0.1109,0.1051605157,0.0423,0.0414298098,0.0422,0.0413298148,-0.0334,-0.0339705196,-0.0335,-0.0340705146,0.0776,0.0747363461,0.0775,0.0746363511,0.0427,0.0418135028,0.0426,0.0417135078,-0.0058,-0.0058168853,-0.0059,-0.0059168803,0.011,0.01093994,0.0109,0.010839945,-0.0204,-0.0206109539,-0.0205,-0.0207109489,0.0054,0.0053854723,0.0053,0.0052854773
1935-10-01,0.0001,9.9995e-05,0.0449,0.0439211871,0.0448,0.0438211921,0.1364,0.127865371,0.1363,0.127765376,0.0585,0.0568528116,0.0584,0.0567528166,0.1354,0.1269850118,0.1353,0.1268850168,0.088,0.0843411484,0.0879,0.0842411534,0.0311,0.0306261935,0.031,0.0305261985,0.0122,0.0121261798,0.0121,0.0120261848,0.0598,0.0580802111,0.0597,0.0579802161,0.1416,0.1324307872,0.1415,0.1323307922,0.0245,0.0242046887,0.0244,0.0241046937
1935-11-01,0.0002,0.00019998,0.0109,0.0108410232,0.0107,0.0106410432,0.0342,0.033628181,0.034,0.033428201,0.0459,0.0448777588,0.0457,0.0446777788,0.0279,0.027517886,0.0277,0.027317906,0.0582,0.0565693515,0.058,0.0563693715,0.0972,0.0927614801,0.097,0.0925615001,0.029,0.0285874569,0.0288,0.0283874768,0.0174,0.0172503534,0.0172,0.0170503734,0.0083,0.0082657444,0.0081,0.0080657644,0.1323,0.1242509623,0.1321,0.1240509823
1935-12-01,0.0001,9.9995e-05,0.021,0.0207825392,0.0209,0.0206825442,0.058,0.0563803334,0.0579,0.0562803384,0.0368,0.0361390466,0.0367,0.0360390516,0.1407,0.1316421091,0.1406,0.1315421141,0.0351,0.0344980404,0.035,0.0343980454,-0.0014,-0.0014009809,-0.0015,-0.0015009759,-0.0103,-0.0103534121,-0.0104,-0.0104534071,0.0235,0.0232281261,0.0234,0.0231281311,0.0563,0.0547722358,0.0562,0.0546722408,0.0425,0.0416216747,0.0424,0.0415216797
1936-01-01,0.0001,9.9995e-05,0.0324,0.0318861889,0.0323,0.0317861939,0.0389,0.0381624611,0.0388,0.0380624661,0.0563,0.0547722358,0.0562,0.0546722408,0.1411,0.1319927095,0.141,0.1318927145,0.0649,0.062880898,0.0648,0.062780903,0.0417,0.040853994,0.0416,0.040753999,-0.0281,-0.0285023605,-0.0282,-0.0286023555,0.0346,0.0340148786,0.0345,0.0339148836,0.1254,0.118138528,0.1253,0.118038533,0.1241,0.1169827155,0.124,0.1168827205
1936-02-01,0.0001,9.9995e-05,0.006,0.0059820717,0.0059,0.0058820767,0.0374,0.0367175829,0.0373,0.0366175879,0.0556,0.0541093256,0.0555,0.0540093306,0.0122,0.0121261798,0.0121,0.0120261848,0.0034,0.0033942331,0.0033,0.0032942381,0.0657,0.0636318602,0.0656,0.0635318652,0.0098,0.0097522914,0.0097,0.0096522964,0.0346,0.0340148786,0.0345,0.0339148836,-0.066,-0.0682788408,-0.0661,-0.0683788358,0.0284,0.0280041964,0.0283,0.0279042014
1936-03-01,0.0002,0.00019998,-0.0209,-0.0211214966,-0.0211,-0.0213214766,0.1018,0.0969452061,0.1016,0.0967452261,0.0243,0.0240094525,0.0241,0.0238094725,0.0166,0.016463726,0.0164,0.016263746,-0.0005,-0.000500125,-0.0007,-0.000700105,-0.0343,-0.034902052,-0.0345,-0.035102032,0.0115,0.0114343776,0.0113,0.0112343976,0.0351,0.0344980404,0.0349,0.0342980604,0.0065,0.0064789661,0.0063,0.0062789861,-0.0308,-0.03128429,-0.031,-0.03148427
1936-04-01,0.0002,0.00019998,-0.0446,-0.045625178,-0.0448,-0.045825158,-0.1015,-0.1070285728,-0.1017,-0.1072285528,-0.0894,-0.0936515561,-0.0896,-0.0938515361,-0.1022,-0.1078079526,-0.1024,-0.1080079326,-0.0863,-0.090252989,-0.0865,-0.090452969,-0.0563,-0.05794696,-0.0565,-0.05814694,-0.0525,-0.053928342,-0.0527,-0.054128322,-0.092,-0.0965109004,-0.0922,-0.0967108804,-0.0835,-0.0871932117,-0.0837,-0.0873931917,-0.0743,-0.0772050709,-0.0745,-0.0774050509
1936-05-01,0.0002,0.00019998,0.0497,0.0485044091,0.0495,0.0483044291,0.0405,0.0397013669,0.0403,0.0395013868,0.062,0.0601539228,0.0618,0.0599539428,-0.0059,-0.0059174738,-0.0061,-0.0061174538,0.0522,0.0508832103,0.052,0.0506832303,0.0646,0.0625991418,0.0644,0.0623991618,0.0673,0.0651320949,0.0671,0.0649321149,0.048,0.0468835859,0.0478,0.0466836059,0.0953,0.0910282983,0.0951,0.0908283183,0.0737,0.0711106275,0.0735,0.0709106475
1936-06-01,0.0003,0.000299955,0.0232,0.0229349713,0.0229,0.0226350163,0.0687,0.0664429565,0.0684,0.0661430015,0.0129,0.0128175037,0.0126,0.0125175487,0.0173,0.0171520588,0.017,0.0168521038,0.013,0.0129162253,0.0127,0.0126162703,0.0243,0.0240094525,0.024,0.0237094975,0.0529,0.0515482619,0.0526,0.0512483069,0.0128,0.0127187724,0.0125,0.0124188174,0.0362,0.0355601754,0.0359,0.0352602204,0.0178,0.0176434352,0.0175,0.0173434802
1936-07-01,0.0001,9.9995e-05,0.0296,0.0291703773,0.0295,0.0290703823,0.0491,0.0479326538,0.049,0.0478326588,0.0769,0.0740865434,0.0768,0.0739865484,0.0474,0.0463109029,0.0473,0.0462109079,0.1206,0.1138642561,0.1205,0.1137642611,0.0244,0.0241070753,0.0243,0.0240070803,0.064,0.0620353909,0.0639,0.0619353959,0.0466,0.045546815,0.0465,0.04544682,0.1159,0.1096612542,0.1158,0.1095612592,0.0964,0.0920320854,0.0963,0.0919320904
1936-08-01,0.0002,0.00019998,0.0084,0.0083649163,0.0082,0.0081649363,-0.0028,-0.0028039273,-0.003,-0.0030039073,0.0165,0.0163653541,0.0163,0.0161653741,-0.0068,-0.0068232253,-0.007,-0.0070232054,0.0241,0.0238141781,0.0239,0.0236141981,0.0176,0.0174469136,0.0174,0.0172469336,0.025,0.0246926126,0.0248,0.0244926326,-0.0148,-0.0149106127,-0.015,-0.0151105927,-0.0102,-0.0102523765,-0.0104,-0.0104523565,0.0186,0.0184291355,0.0184,0.0182291555
1936-09-01,0.0001,9.9995e-05,-0.0067,-0.0067225458,-0.0068,-0.0068225408,0.0326,0.0320798935,0.0325,0.0319798985,0.0207,0.0204886664,0.0206,0.0203886714,0.0105,0.0104452579,0.0104,0.0103452629,-0.0125,-0.0125787822,-0.0126,-0.0126787772,0.0031,0.0030952049,0.003,0.0029952099,0.0274,0.0270313391,0.0273,0.0269313441,0.0077,0.0076705063,0.0076,0.0075705113,-0.0205,-0.0207130416,-0.0206,-0.0208130366,0.0082,0.0081665627,0.0081,0.0080665677
1936-10-01,0.0002,0.00019998,0.0337,0.0331445986,0.0335,0.0329446186,0.0508,0.0495517788,0.0506,0.0493517988,0.0773,0.0744579109,0.0771,0.0742579309,0.1223,0.115380151,0.1221,0.115180171,0.0574,0.0558130648,0.0572,0.0556130848,0.0509,0.0496469399,0.0507,0.0494469599,0.1127,0.1067894942,0.1125,0.1065895142,0.0378,0.037103088,0.0376,0.0369031079,0.0573,0.0557184888,0.0571,0.0555185088,0.0806,0.0775164424,0.0804,0.0773164624
1936-11-01,0.0001,9.9995e-05,0.045,0.0440168854,0.0449,0.0439168904,-0.0145,-0.0146061524,-0.0146,-0.0147061474,0.0545,0.0530667209,0.0544,0.0529667259,0.0148,0.0146915487,0.0147,0.0145915537,0.0551,0.0536355492,0.055,0.0535355542,0.0387,0.0379699313,0.0386,0.0378699363,0.1098,0.1041798189,0.1097,0.1040798239,0.0337,0.0331445986,0.0336,0.0330446036,-0.0284,-0.0288110819,-0.0285,-0.0289110769,0.0047,0.0046889895,0.0046,0.0045889945
1936-12-01,0.0,0.0,-0.0147,-0.0148091157,-0.0147,-0.0148091157,-0.0728,-0.075585987,-0.0728,-0.075585987,0.0194,0.0192142189,0.0194,0.0192142189,0.0909,0.0870030436,0.0909,0.0870030436,0.0263,0.0259601017,0.0263,0.0259601017,-0.0042,-0.0042088448,-0.0042,-0.0042088448,-0.0817,-0.0852311444,-0.0817,-0.0852311444,-0.0206,-0.0208151397,-0.0206,-0.0208151397,-0.0163,-0.0164343065,-0.0163,-0.0164343065,-0.0124,-0.0124775215,-0.0124,-0.0124775215
1937-01-01,0.0001,9.9995e-05,0.0251,0.0247901688,0.025,0.0246901738,0.0727,0.0701788346,0.0726,0.0700788396,0.046,0.0449733656,0.0459,0.0448733706,0.0241,0.0238141781,0.024,0.0237141831,0.0862,0.0826853666,0.0861,0.0825853716,-0.0085,-0.008536331,-0.0086,-0.008636326,0.0008,0.0007996802,0.0007,0.0006996852,0.0347,0.0341115296,0.0346,0.0340115346,0.0261,0.0257652079,0.026,0.0256652129,0.0107,0.0106431601,0.0106,0.0105431651
1937-02-01,0.0002,0.00019998,0.0089,0.0088606284,0.0087,0.0086606484,-0.0051,-0.0051130494,-0.0053,-0.0053130294,0.0266,0.0262523711,0.0264,0.0260523911,0.0135,0.0134096869,0.0133,0.0132097069,-0.0132,-0.0132878943,-0.0134,-0.0134878743,-0.0306,-0.0310779556,-0.0308,-0.0312779356,0.0301,0.0296558849,0.0299,0.0294559049,-0.0373,-0.0380134422,-0.0375,-0.0382134222,-0.0421,-0.0430118906,-0.0423,-0.0432118706,0.0478,0.046692728,0.0476,0.046492748
1937-03-01,0.0001,9.9995e-05,-0.0101,-0.0101513511,-0.0102,-0.0102513461,-0.0413,-0.0421770789,-0.0414,-0.0422770739,0.0135,0.0134096869,0.0134,0.0133096919,0.0352,0.0345946448,0.0351,0.0344946498,-0.0449,-0.0459392319,-0.045,-0.0460392269,-0.021,-0.0212236365,-0.0211,-0.0213236315,-0.0268,-0.0271656681,-0.0269,-0.0272656631,-0.0503,-0.0516091337,-0.0504,-0.0517091287,-0.0632,-0.0652854667,-0.0633,-0.0653854617,0.0266,0.0262523711,0.0265,0.0261523761
1937-04-01,0.0003,0.000299955,-0.0639,-0.0660329706,-0.0642,-0.0663329256,-0.0791,-0.0824038263,-0.0794,-0.0827037813,-0.0915,-0.0959603911,-0.0918,-0.0962603462,-0.0531,-0.054561788,-0.0534,-0.054861743,-0.0762,-0.079259681,-0.0765,-0.079559636,-0.0525,-0.053928342,-0.0528,-0.054228297,-0.0726,-0.075370307,-0.0729,-0.075670262,-0.0332,-0.0337636302,-0.0335,-0.0340635852,-0.0748,-0.0777453486,-0.0751,-0.0780453036,-0.0685,-0.0709590889,-0.0688,-0.0712590439
1937-05-01,0.0006,0.0005998201,-0.0045,-0.0045101555,-0.0051,-0.0051099755,-0.0199,-0.0201006717,-0.0205,-0.0207004918,0.01,0.0099503309,0.0094,0.0093505108,-0.0022,-0.0022024236,-0.0028,-0.0028022436,0.008,0.0079681696,0.0074,0.0073683496,0.0153,0.0151841353,0.0147,0.0145843153,-0.0455,-0.0465676358,-0.0461,-0.0471674559,0.0168,0.0166604409,0.0162,0.0160606208,-0.053,-0.0544561858,-0.0536,-0.0550560059,-0.0333,-0.0338670695,-0.0339,-0.0344668896
1937-06-01,0.0003,0.000299955,-0.0326,-0.0331432186,-0.0329,-0.0334431736,-0.1077,-0.1139528801,-0.108,-0.1142528351,-0.0363,-0.0369752361,-0.0366,-0.0372751911,-0.0268,-0.0271656681,-0.0271,-0.0274656231,-0.0147,-0.0148091157,-0.015,-0.0151090707,0.0142,0.0141001244,0.0139,0.0138001694,-0.0159,-0.0160277611,-0.0162,-0.0163277161,-0.0413,-0.0421770789,-0.0416,-0.0424770339,-0.0527,-0.0541394461,-0.053,-0.0544394011,-0.0901,-0.0944205756,-0.0904,-0.0947205306
1937-07-01,0.0003,0.000299955,0.0507,0.0494566087,0.0504,0.0491566537,0.1323,0.1242509623,0.132,0.1239510073,0.0921,0.0881024482,0.0918,0.0878024932,0.0842,0.0808423878,0.0839,0.0805424328,0.0955,0.0912108801,0.0952,0.090910925,0.0327,0.0321767317,0.0324,0.0318767767,0.1034,0.0983963219,0.1031,0.0980963668,0.0414,0.0405659617,0.0411,0.0402660067,0.1933,0.1767225784,0.193,0.1764226234,0.0874,0.0837895257,0.0871,0.0834895707
1937-08-01,0.0002,0.00019998,-0.0248,-0.0251127008,-0.025,-0.0253126808,-0.0238,-0.0240877955,-0.024,-0.0242877755,-0.0444,-0.0454158635,-0.0446,-0.0456158435,-0.0659,-0.0681717801,-0.0661,-0.0683717601,-0.0476,-0.0487701644,-0.0478,-0.0489701444,-0.0254,-0.0257281486,-0.0256,-0.0259281286,-0.0427,-0.043638457,-0.0429,-0.043838437,0.011,0.01093994,0.0108,0.01073996,-0.102,-0.1075852107,-0.1022,-0.1077851907,-0.0836,-0.0873023284,-0.0838,-0.0875023084
1937-09-01,0.0004,0.00039992,-0.0914,-0.0958503257,-0.0918,-0.0962502457,-0.1268,-0.1355906543,-0.1272,-0.1359905743,-0.1748,-0.1921294978,-0.1752,-0.1925294178,-0.1314,-0.1408725589,-0.1318,-0.1412724789,-0.1413,-0.1523356613,-0.1417,-0.1527355813,-0.021,-0.0212236365,-0.0214,-0.0216235565,-0.1414,-0.1524521232,-0.1418,-0.1528520432,-0.108,-0.1142891464,-0.1084,-0.1146890664,-0.1176,-0.125109811,-0.118,-0.1255097311,-0.1594,-0.1736393564,-0.1598,-0.1740392764
1937-10-01,0.0002,0.00019998,-0.0706,-0.0732160623,-0.0708,-0.0734160423,-0.1289,-0.1379984982,-0.1291,-0.1381984782,-0.1388,-0.1494285135,-0.139,-0.1496284935,-0.0696,-0.0721406778,-0.0698,-0.0723406578,-0.0719,-0.0746157934,-0.0721,-0.0748157734,-0.0536,-0.0550899663,-0.0538,-0.0552899463,-0.0693,-0.0718182878,-0.0695,-0.0720182678,-0.0355,-0.0361454466,-0.0357,-0.0363454266,-0.048,-0.0491902442,-0.0482,-0.0493902242,-0.0996,-0.1049161699,-0.0998,-0.10511615
1937-11-01,0.0002,0.00019998,-0.0588,-0.0605996221,-0.059,-0.0607996021,-0.1563,-0.1699582978,-0.1565,-0.1701582778,-0.0929,-0.0975025814,-0.0931,-0.0977025614,-0.1156,-0.12284583,-0.1158,-0.12304581,-0.0446,-0.045625178,-0.0448,-0.045825158,-0.0359,-0.0365602553,-0.0361,-0.0367602353,-0.1442,-0.155718575,-0.1444,-0.155918555,-0.0513,-0.0526626526,-0.0515,-0.0528626326,0.0296,0.0291703773,0.0294,0.0289703973,-0.0678,-0.070207895,-0.068,-0.070407875
1937-12-01,0.0,0.0,-0.0232,-0.0234733562,-0.0232,-0.0234733562,-0.1633,-0.1782896957,-0.1633,-0.1782896957,-0.0246,-0.0249076357,-0.0246,-0.0249076357,-0.0125,-0.0125787822,-0.0125,-0.0125787822,-0.022,-0.0222456089,-0.022,-0.0222456089,-0.0155,-0.0156213809,-0.0155,-0.0156213809,-0.0675,-0.0698861275,-0.0675,-0.0698861275,-0.0241,-0.0243951568,-0.0241,-0.0243951568,-0.1073,-0.1135047008,-0.1073,-0.1135047008,-0.0685,-0.0709590889,-0.0685,-0.0709590889
1938-01-01,0.0,0.0,0.0284,0.0280041964,0.0284,0.0280041964,0.1105,0.1048103644,0.1105,0.1048103644,-0.0124,-0.0124775215,-0.0124,-0.0124775215,0.0048,0.0047885167,0.0048,0.0047885167,-0.0247,-0.025010163,-0.0247,-0.025010163,-0.0243,-0.0246001169,-0.0243,-0.0246001169,0.0599,0.0581745641,0.0599,0.0581745641,0.0351,0.0344980404,0.0351,0.0344980404,-0.0572,-0.0589011079,-0.0572,-0.0589011079,0.0049,0.0048880341,0.0049,0.0048880341
1938-02-01,0.0,0.0,0.0354,0.0347878255,0.0354,0.0347878255,0.0348,0.0342081713,0.0348,0.0342081713,0.0868,0.0832375986,0.0868,0.0832375986,0.0948,0.0905716982,0.0948,0.0905716982,0.0436,0.0426762743,0.0436,0.0426762743,-0.0232,-0.0234733562,-0.0232,-0.0234733562,0.0952,0.090936995,0.0952,0.090936995,0.0862,0.0826853666,0.0862,0.0826853666,0.0363,0.0356566772,0.0363,0.0356566772,0.049,0.0478373294,0.049,0.0478373294
1938-03-01,-0.0001,-0.000100005,-0.1599,-0.1742343466,-0.1598,-0.1741343416,-0.2735,-0.319516796,-0.2734,-0.319416791,-0.2578,-0.2981365304,-0.2577,-0.2980365254,-0.255,-0.2943710606,-0.2549,-0.2942710556,-0.2788,-0.3268387877,-0.2787,-0.3267387827,-0.1767,-0.1944346247,-0.1766,-0.1943346197,-0.224,-0.2536027588,-0.2239,-0.2535027538,-0.1454,-0.1571217558,-0.1453,-0.1570217508,-0.1966,-0.2189025571,-0.1965,-0.2188025521,-0.3018,-0.3592496843,-0.3017,-0.3591496793
1938-04-01,0.0001,9.9995e-05,0.1237,0.1166268119,0.1236,0.1165268169,0.1485,0.1384567431,0.1484,0.1383567481,0.1388,0.1299750764,0.1387,0.1298750814,0.1631,0.1510888544,0.163,0.1509888594,0.1676,0.15495036,0.1675,0.154850365,0.1347,0.1263682988,0.1346,0.1262683038,0.1634,0.1513467525,0.1633,0.1512467575,0.1182,0.1117202496,0.1181,0.1116202546,0.1478,0.1378470667,0.1477,0.1377470717,0.146,0.1362776183,0.1459,0.1361776233
1938-05-01,0.0,0.0,-0.0025,-0.0025031302,-0.0025,-0.0025031302,-0.0701,-0.0726782255,-0.0701,-0.0726782255,-0.069,-0.0714960017,-0.069,-0.0714960017,-0.0591,-0.060918415,-0.0591,-0.060918415,-0.03,-0.0304592075,-0.03,-0.0304592075,0.0083,0.0082657444,0.0083,0.0082657444,-0.039,-0.03978087,-0.039,-0.03978087,0.017,0.0168571171,0.017,0.0168571171,0.0215,0.0212721353,0.0215,0.0212721353,-0.0393,-0.0400930936,-0.0393,-0.0400930936
1938-06-01,0.0,0.0,0.1324,0.1243392743,0.1324,0.1243392743,0.3603,0.3077052637,0.3603,0.3077052637,0.3296,0.2848781451,0.3296,0.2848781451,0.2203,0.1990967302,0.2203,0.1990967302,0.2735,0.2417690154,0.2735,0.2417690154,0.1257,0.1184050644,0.1257,0.1184050644,0.241,0.2159175062,0.241,0.2159175062,0.1009,0.0961280271,0.1009,0.0961280271,0.1695,0.156576307,0.1695,0.156576307,0.2508,0.2237833466,0.2508,0.2237833466
1938-07-01,-0.0001,-0.000100005,0.0662,0.0641009254,0.0663,0.0642009304,0.1989,0.1814044697,0.199,0.1815044747,0.068,0.0657877405,0.0681,0.0658877455,0.0735,0.0709243383,0.0736,0.0710243433,0.0585,0.0568528116,0.0586,0.0569528166,0.0128,0.0127187724,0.0129,0.0128187774,0.0907,0.086819692,0.0908,0.086919697,0.058,0.0563803334,0.0581,0.0564803384,0.0067,0.0066776548,0.0068,0.0067776598,0.1001,0.0954010848,0.1002,0.0955010898
1938-08-01,0.0,0.0,-0.0403,-0.0411345434,-0.0403,-0.0411345434,0.0598,0.0580802111,0.0598,0.0580802111,-0.0192,-0.0193867138,-0.0192,-0.0193867138,-0.0885,-0.0926636849,-0.0885,-0.0926636849,-0.0119,-0.0119713718,-0.0119,-0.0119713718,0.0028,0.0027960873,0.0028,0.0027960873,-0.0242,-0.0244976316,-0.0242,-0.0244976316,0.0036,0.0035935355,0.0036,0.0035935355,-0.0553,-0.0568878622,-0.0553,-0.0568878622,-0.0374,-0.0381173221,-0.0374,-0.0381173221
1938-09-01,0.0002,0.00019998,0.0052,0.0051865267,0.005,0.0049865467,0.0069,0.0068763039,0.0067,0.0066763239,0.0168,0.0166604409,0.0166,0.0164604609,0.0083,0.0082657444,0.0081,0.0080657644,0.0161,0.0159717695,0.0159,0.0157717895,0.0092,0.0091579378,0.009,0.0089579578,0.0006,0.0005998201,0.0004,0.0003998401,0.0,0.0,-0.0002,-0.00019998,0.0125,0.01242252,0.0123,0.01222254,-0.0123,-0.0123762711,-0.0125,-0.0125762511
1938-10-01,0.0001,9.9995e-05,0.0515,0.0502177162,0.0514,0.0501177212,0.0649,0.062880898,0.0648,0.062780903,0.1061,0.1008403149,0.106,0.1007403199,-0.0141,-0.0142003494,-0.0142,-0.0143003444,0.1008,0.0960371882,0.1007,0.0959371932,0.0356,0.0349809689,0.0355,0.0348809739,0.0819,0.0787187547,0.0818,0.0786187597,0.0562,0.0546775613,0.0561,0.0545775663,0.2109,0.1913638848,0.2108,0.1912638898,0.1108,0.1050804765,0.1107,0.1049804815
1938-11-01,-0.0006,-0.0006001801,-0.025,-0.025317808,-0.0244,-0.0247176279,-0.0121,-0.0121738009,-0.0115,-0.0115736209,-0.0145,-0.0146061524,-0.0139,-0.0140059723,-0.0016,-0.0016012814,-0.001,-0.0010011013,-0.0435,-0.0444744901,-0.0429,-0.04387431,0.0065,0.0064789661,0.0071,0.0070791462,-0.0043,-0.0043092716,-0.0037,-0.0037090915,0.0143,0.0141987194,0.0149,0.0147988995,-0.0702,-0.0727857697,-0.0696,-0.0721855897,-0.0204,-0.0206109539,-0.0198,-0.0200107738
1938-12-01,0.0,0.0,0.0278,0.0274205956,0.0278,0.0274205956,0.0213,0.0210763256,0.0213,0.0210763256,0.056,0.0544881853,0.056,0.0544881853,0.0494,0.0482185723,0.0494,0.0482185723,0.031,0.030529205,0.031,0.030529205,0.0258,0.025472796,0.0258,0.025472796,0.0092,0.0091579378,0.0092,0.0091579378,0.0086,0.0085632307,0.0086,0.0085632307,0.0395,0.0387398283,0.0395,0.0387398283,0.0597,0.0579858492,0.0597,0.0579858492
1939-01-01,-0.0001,-0.000100005,-0.0192,-0.0193867138,-0.0191,-0.0192867088,-0.0834,-0.0870841069,-0.0833,-0.0869841019,-0.0941,-0.0988263543,-0.094,-0.0987263493,-0.0631,-0.065178726,-0.063,-0.065078721,-0.075,-0.0779615415,-0.0749,-0.0778615365,0.0181,0.0179381451,0.0182,0.0180381501,-0.0314,-0.031903549,-0.0313,-0.031803544,-0.0096,-0.0096463771,-0.0095,-0.0095463721,0.0121,0.0120273802,0.0122,0.0121273852,-0.0873,-0.0913480395,-0.0872,-0.0912480345
1939-02-01,0.0001,9.9995e-05,0.0247,0.0243998868,0.0246,0.0242998918,0.071,0.0685927915,0.0709,0.0684927965,0.0312,0.0307231726,0.0311,0.0306231776,-0.0118,-0.0118701726,-0.0119,-0.0119701676,0.0276,0.0272259863,0.0275,0.0271259913,0.0353,0.0346912398,0.0352,0.0345912448,0.0621,0.0602480803,0.062,0.0601480853,0.0373,0.0366211835,0.0372,0.0365211885,0.0879,0.0842492324,0.0878,0.0841492374,0.0469,0.0458334163,0.0468,0.0457334213
1939-03-01,-0.0001,-0.000100005,-0.0578,-0.0595377127,-0.0577,-0.0594377077,-0.1764,-0.1940703038,-0.1763,-0.1939702988,-0.1561,-0.1697212748,-0.156,-0.1696212698,-0.0835,-0.0871932117,-0.0834,-0.0870932067,-0.1505,-0.1631073379,-0.1504,-0.1630073329,-0.0231,-0.0233709863,-0.023,-0.0232709813,-0.0961,-0.1010365442,-0.096,-0.1009365392,-0.0436,-0.0445790434,-0.0435,-0.0444790384,-0.1366,-0.1468771959,-0.1365,-0.1467771909,-0.151,-0.1636960927,-0.1509,-0.1635960877
1939-04-01,0.0,0.0,0.006,0.0059820717,0.006,0.0059820717,0.0072,0.0071742037,0.0072,0.0071742037,-0.0132,-0.0132878943,-0.0132,-0.0132878943,-0.0106,-0.0106565802,-0.0106,-0.0106565802,-0.0271,-0.027473977,-0.0271,-0.027473977,0.0275,0.0271286674,0.0275,0.0271286674,-0.0013,-0.0013008457,-0.0013,-0.0013008457,0.01,0.0099503309,0.01,0.0099503309,0.0303,0.029850022,0.0303,0.029850022,-0.0178,-0.0179603254,-0.0178,-0.0179603254
1939-05-01,0.0001,9.9995e-05,0.0549,0.0534459757,0.0548,0.0533459807,0.0792,0.0762200259,0.0791,0.0761200309,0.0762,0.0734363181,0.0761,0.0733363231,0.0258,0.025472796,0.0257,0.025372801,0.0829,0.0796426277,0.0828,0.0795426327,0.0556,0.0541093256,0.0555,0.0540093306,0.114,0.1079571415,0.1139,0.1078571465,0.055,0.0535407669,0.0549,0.0534407719,0.066,0.0639133257,0.0659,0.0638133307,0.0802,0.0771462092,0.0801,0.0770462142
1939-06-01,0.0001,9.9995e-05,-0.0206,-0.0208151397,-0.0207,-0.0209151347,-0.0678,-0.070207895,-0.0679,-0.07030789,-0.0639,-0.0660329706,-0.064,-0.0661329656,-0.0596,-0.0614499623,-0.0597,-0.0615499573,-0.0802,-0.0835990239,-0.0803,-0.0836990189,-0.0384,-0.0391567152,-0.0385,-0.0392567102,-0.0271,-0.027473977,-0.0272,-0.027573972,0.0108,0.0107420965,0.0107,0.0106421015,-0.0355,-0.0361454466,-0.0356,-0.0362454416,-0.0756,-0.0786104006,-0.0757,-0.0787103956
1939-07-01,0.0,0.0,0.0623,0.0604363688,0.0623,0.0604363688,0.1758,0.161948767,0.1758,0.161948767,0.129,0.1213322852,0.129,0.1213322852,0.0295,0.0290732475,0.0295,0.0290732475,0.1404,0.1313790781,0.1404,0.1313790781,0.0651,0.0630686915,0.0651,0.0630686915,0.0872,0.0836055839,0.0872,0.0836055839,0.0308,0.0303351998,0.0308,0.0303351998,0.1272,0.1197366816,0.1272,0.1197366816,0.1221,0.1152019297,0.1221,0.1152019297
1939-08-01,-0.0001,-0.000100005,-0.0739,-0.0767730588,-0.0738,-0.0766730538,-0.0696,-0.0721406778,-0.0695,-0.0720406728,-0.0679,-0.0703151739,-0.0678,-0.0702151689,-0.0391,-0.0398849337,-0.039,-0.0397849287,-0.0811,-0.0845779765,-0.081,-0.0844779715,-0.0419,-0.0428031223,-0.0418,-0.0427031173,-0.0736,-0.0764491722,-0.0735,-0.0763491672,-0.0546,-0.0561471606,-0.0545,-0.0560471556,-0.0604,-0.0623010262,-0.0603,-0.0622010212,-0.0982,-0.103362513,-0.0981,-0.103262508
1939-09-01,0.0001,9.9995e-05,0.0478,0.046692728,0.0477,0.046592733,0.2373,0.2129315862,0.2372,0.2128315912,0.2701,0.2390956375,0.27,0.2389956425,0.2557,0.227693186,0.2556,0.227593191,0.1226,0.1156474235,0.1225,0.1155474285,0.0236,0.0233258253,0.0235,0.0232258303,0.016,0.0158733492,0.0159,0.0157733542,0.0706,0.068219239,0.0705,0.068119244,0.036,0.0353671438,0.0359,0.0352671488,0.2576,0.2292051427,0.2575,0.2291051477
1939-10-01,0.0,0.0,0.0326,0.0320798935,0.0326,0.0320798935,-0.014,-0.0140989244,-0.014,-0.0140989244,-0.0256,-0.025933382,-0.0256,-0.025933382,-0.0393,-0.0400930936,-0.0393,-0.0400930936,-0.0089,-0.0089398416,-0.0089,-0.0089398416,0.0305,0.0300441213,0.0305,0.0300441213,0.0578,0.0561912796,0.0578,0.0561912796,0.0022,0.0021975835,0.0022,0.0021975835,0.0212,0.0209784064,0.0212,0.0209784064,-0.0161,-0.0162310131,-0.0161,-0.0162310131
1939-11-01,0.0,0.0,-0.0047,-0.0047110797,-0.0047,-0.0047110797,-0.0296,-0.0300469214,-0.0296,-0.0300469214,-0.0601,-0.0619817924,-0.0601,-0.0619817924,-0.0619,-0.0638987259,-0.0619,-0.0638987259,-0.0263,-0.026652031,-0.0263,-0.026652031,0.0097,0.009653257,0.0097,0.009653257,-0.0234,-0.0236781274,-0.0234,-0.0236781274,0.0122,0.0121261798,0.0122,0.0121261798,-0.015,-0.0151136378,-0.015,-0.0151136378,-0.0511,-0.05245186,-0.0511,-0.05245186
1939-12-01,0.0,0.0,0.0318,0.0313048498,0.0318,0.0313048498,0.0388,0.0380662008,0.0388,0.0380662008,0.0397,0.03893221,0.0397,0.03893221,-0.0009,-0.0009004052,-0.0009,-0.0009004052,0.0362,0.0355601754,0.0362,0.0355601754,0.0289,0.0284902704,0.0289,0.0284902704,0.0305,0.0300441213,0.0305,0.0300441213,0.0377,0.0370067256,0.0377,0.0370067256,0.0295,0.0290732475,0.0295,0.0290732475,0.0135,0.0134096869,0.0135,0.0134096869
1940-01-01,0.0,0.0,0.0169,0.0167587838,0.0169,0.0167587838,-0.0383,-0.0390527273,-0.0383,-0.0390527273,-0.0463,-0.0474061224,-0.0463,-0.0474061224,-0.0219,-0.0221433647,-0.0219,-0.0221433647,-0.042,-0.042907501,-0.042,-0.042907501,-0.0012,-0.0012007206,-0.0012,-0.0012007206,-0.0095,-0.0095454128,-0.0095,-0.0095454128,-0.0179,-0.0180621428,-0.0179,-0.0180621428,-0.0005,-0.000500125,-0.0005,-0.000500125,-0.0275,-0.0278852035,-0.0275,-0.0278852035
1940-02-01,0.0,0.0,0.0094,0.0093560949,0.0094,0.0093560949,0.0206,0.0203906896,0.0206,0.0203906896,0.027,0.0266419309,0.027,0.0266419309,0.0096,0.0095542128,0.0096,0.0095542128,-0.0058,-0.0058168853,-0.0058,-0.0058168853,0.0104,0.0103462921,0.0104,0.0103462921,0.0251,0.0247901688,0.0251,0.0247901688,0.0149,0.0147900855,0.0149,0.0147900855,-0.0125,-0.0125787822,-0.0125,-0.0125787822,0.0086,0.0085632307,0.0086,0.0085632307
1940-03-01,0.0,0.0,0.0166,0.016463726,0.0166,0.016463726,0.0378,0.037103088,0.0378,0.037103088,0.0154,0.0152826235,0.0154,0.0152826235,0.0172,0.0170537546,0.0172,0.0170537546,0.0305,0.0300441213,0.0305,0.0300441213,0.0116,0.0115332358,0.0116,0.0115332358,0.031,0.030529205,0.031,0.030529205,0.0191,0.0189198849,0.0191,0.0189198849,0.0175,0.0173486383,0.0175,0.0173486383,0.0264,0.0260575343,0.0264,0.0260575343
1940-04-01,0.0,0.0,0.0175,0.0173486383,0.0175,0.0173486383,-0.0054,-0.0054146327,-0.0054,-0.0054146327,0.0075,0.0074720148,0.0075,0.0074720148,0.0017,0.0016985566,0.0017,0.0016985566,-0.0149,-0.0150121201,-0.0149,-0.0150121201,0.0033,0.0032945669,0.0033,0.0032945669,-0.0013,-0.0013008457,-0.0013,-0.0013008457,-0.0031,-0.003104815,-0.0031,-0.003104815,-0.0134,-0.0134905902,-0.0134,-0.0134905902,-0.0074,-0.0074275158,-0.0074,-0.0074275158
1940-05-01,-0.0002,-0.00020002,-0.2095,-0.2350896223,-0.2093,-0.2348896023,-0.2619,-0.3036759622,-0.2617,-0.3034759422,-0.2222,-0.2512858573,-0.222,-0.2510858373,-0.2466,-0.2831589837,-0.2464,-0.2829589637,-0.2079,-0.2330676325,-0.2077,-0.2328676125,-0.1413,-0.1523356613,-0.1411,-0.1521356413,-0.2447,-0.2806402577,-0.2445,-0.2804402377,-0.2127,-0.2391459088,-0.2125,-0.2389458888,-0.2001,-0.2232685591,-0.1999,-0.2230685391,-0.241,-0.2757535016,-0.2408,-0.2755534816
1940-06-01,0.0,0.0,0.054,0.0525924501,0.054,0.0525924501,0.0868,0.0832375986,0.0868,0.0832375986,0.0421,0.041237908,0.0421,0.041237908,0.0569,0.055340095,0.0569,0.055340095,0.0302,0.0297529581,0.0302,0.0297529581,0.0876,0.0839734338,0.0876,0.0839734338,0.0903,0.0864528877,0.0903,0.0864528877,0.0493,0.0481232752,0.0493,0.0481232752,0.1747,0.1610127958,0.1747,0.1610127958,0.0845,0.0811190513,0.0845,0.0811190513
1940-07-01,0.0001,9.9995e-05,-0.0002,-0.00020002,-0.0003,-0.000300015,0.0592,0.0575139062,0.0591,0.0574139112,0.0433,0.0423887665,0.0432,0.0422887715,0.032,0.0314986671,0.0319,0.0313986721,0.05,0.0487901642,0.0499,0.0486901692,0.0197,0.0195084664,0.0196,0.0194084714,0.0439,0.0429636994,0.0438,0.0428637044,-0.0052,-0.0052135671,-0.0053,-0.0053135621,0.0008,0.0007996802,0.0007,0.0006996852,0.0338,0.0332413338,0.0337,0.0331413388
1940-08-01,-0.0001,-0.000100005,0.0134,0.0133110141,0.0135,0.0134110191,0.0753,0.0725996924,0.0754,0.0726996974,0.025,0.0246926126,0.0251,0.0247926176,0.0143,0.0141987194,0.0144,0.0142987244,0.0332,0.0326607822,0.0333,0.0327607872,-0.0036,-0.0036064956,-0.0035,-0.0035064906,0.029,0.0285874569,0.0291,0.0286874619,-0.0229,-0.023166278,-0.0228,-0.023066273,-0.0105,-0.0105555139,-0.0104,-0.0104555089,0.0289,0.0284902704,0.029,0.0285902754
1940-09-01,0.0,0.0,0.0253,0.0249852527,0.0253,0.0249852527,0.0317,0.0312079271,0.0317,0.0312079271,0.0414,0.0405659617,0.0414,0.0405659617,-0.0227,-0.0229616116,-0.0227,-0.0229616116,0.0423,0.0414298098,0.0423,0.0414298098,0.0167,0.0165620883,0.0167,0.0165620883,0.0333,0.0327575642,0.0333,0.0327575642,0.0462,0.045164552,0.0462,0.045164552,-0.0219,-0.0221433647,-0.0219,-0.0221433647,0.0245,0.0242046887,0.0245,0.0242046887
1940-10-01,0.0,0.0,-0.0142,-0.0143017847,-0.0142,-0.0143017847,0.0394,0.0386436236,0.0394,0.0386436236,0.0411,0.0402778465,0.0411,0.0402778465,0.0631,0.0611891683,0.0631,0.0611891683,0.0243,0.0240094525,0.0243,0.0240094525,0.0161,0.0159717695,0.0161,0.0159717695,0.0008,0.0007996802,0.0008,0.0007996802,-0.03,-0.0304592075,-0.03,-0.0304592075,0.0383,0.0375847603,0.0383,0.0375847603,0.053,0.0516432332,0.053,0.0516432332
1940-11-01,0.0,0.0,-0.01,-0.0100503359,-0.01,-0.0100503359,-0.0074,-0.0074275158,-0.0074,-0.0074275158,-0.015,-0.0151136378,-0.015,-0.0151136378,0.008,0.0079681696,0.008,0.0079681696,-0.0285,-0.0289140102,-0.0285,-0.0289140102,0.006,0.0059820717,0.006,0.0059820717,-0.0221,-0.0223478637,-0.0221,-0.0223478637,-0.0186,-0.0187751553,-0.0186,-0.0187751553,-0.1311,-0.1405272351,-0.1311,-0.1405272351,-0.0014,-0.0014009809,-0.0014,-0.0014009809
1940-12-01,0.0,0.0,0.0054,0.0053854723,0.0054,0.0053854723,-0.0329,-0.0334533763,-0.0329,-0.0334533763,0.0118,0.0117309229,0.0118,0.0117309229,0.0235,0.0232281261,0.0235,0.0232281261,-0.001,-0.0010005003,-0.001,-0.0010005003,0.0205,0.0202927033,0.0205,0.0202927033,0.0042,0.0041912046,0.0042,0.0041912046,-0.0023,-0.0023026491,-0.0023,-0.0023026491,0.0177,0.0175451792,0.0177,0.0175451792,0.0022,0.0021975835,0.0022,0.0021975835
1941-01-01,-0.0001,-0.000100005,-0.0052,-0.0052135671,-0.0051,-0.0051135621,-0.0922,-0.096731189,-0.0921,-0.096631184,-0.0709,-0.0735389033,-0.0708,-0.0734388983,-0.0214,-0.0216323001,-0.0213,-0.0215322951,-0.0256,-0.025933382,-0.0255,-0.025833377,-0.021,-0.0212236365,-0.0209,-0.0211236315,-0.0364,-0.0370790082,-0.0363,-0.0369790032,-0.0219,-0.0221433647,-0.0218,-0.0220433597,-0.0218,-0.0220411309,-0.0217,-0.0219411259,-0.0161,-0.0162310131,-0.016,-0.0161310081
1941-02-01,-0.0001,-0.000100005,-0.025,-0.025317808,-0.0249,-0.025217803,0.0128,0.0127187724,0.0129,0.0128187774,-0.0204,-0.0206109539,-0.0203,-0.0205109489,-0.0069,-0.0069239151,-0.0068,-0.0068239101,-0.0033,-0.003305457,-0.0032,-0.003205452,-0.0223,-0.0225524045,-0.0222,-0.0224523995,-0.0254,-0.0257281486,-0.0253,-0.0256281436,-0.0471,-0.0482453126,-0.047,-0.0481453076,-0.0119,-0.0119713718,-0.0118,-0.0118713668,-0.0033,-0.003305457,-0.0032,-0.003205452
1941-03-01,0.0001,9.9995e-05,0.0056,0.0055843783,0.0055,0.0054843833,-0.017,-0.0171461588,-0.0171,-0.0172461538,0.0076,0.0075712655,0.0075,0.0074712705,0.0375,0.0368139731,0.0374,0.0367139781,0.0034,0.0033942331,0.0033,0.0032942381,0.0177,0.0175451792,0.0176,0.0174451842,0.0121,0.0120273802,0.012,0.0119273852,0.0178,0.0176434352,0.0177,0.0175434402,-0.0334,-0.0339705196,-0.0335,-0.0340705146,0.018,0.0178399181,0.0179,0.0177399231
1941-04-01,-0.0001,-0.000100005,-0.0413,-0.0421770789,-0.0412,-0.0420770739,-0.1057,-0.1117139896,-0.1056,-0.1116139846,-0.057,-0.0586889963,-0.0569,-0.0585889913,0.0141,0.0140015196,0.0142,0.0141015246,-0.0883,-0.0924442904,-0.0882,-0.0923442854,-0.0635,-0.0656057571,-0.0634,-0.0655057521,-0.0525,-0.053928342,-0.0524,-0.053828337,-0.0522,-0.0536117694,-0.0521,-0.0535117644,-0.0963,-0.1012578321,-0.0962,-0.1011578271,-0.0444,-0.0454158635,-0.0443,-0.0453158585
1941-05-01,0.0,0.0,-0.0141,-0.0142003494,-0.0141,-0.0142003494,0.0034,0.0033942331,0.0034,0.0033942331,0.0366,0.0359461268,0.0366,0.0359461268,0.0545,0.0530667209,0.0545,0.0530667209,-0.0043,-0.0043092716,-0.0043,-0.0043092716,0.004,0.0039920213,0.004,0.0039920213,0.0227,0.0224461888,0.0227,0.0224461888,-0.0147,-0.0148091157,-0.0147,-0.0148091157,-0.0447,-0.0457298517,-0.0447,-0.0457298517,-0.0093,-0.009343515,-0.0093,-0.009343515
1941-06-01,0.0,0.0,0.0629,0.0610010216,0.0629,0.0610010216,0.039,0.0382587121,0.039,0.0382587121,0.0649,0.062880898,0.0649,0.062880898,0.0522,0.0508832103,0.0522,0.0508832103,0.1078,0.1023760666,0.1078,0.1023760666,0.0503,0.0490758376,0.0503,0.0490758376,0.0509,0.0496469399,0.0509,0.0496469399,0.0672,0.0650383962,0.0672,0.0650383962,0.039,0.0382587121,0.039,0.0382587121,0.0453,0.0443039256,0.0453,0.0443039256
1941-07-01,0.0003,0.000299955,0.0554,0.053919842,0.0551,0.053619887,0.0397,0.03893221,0.0394,0.038632255,0.0711,0.0686861578,0.0708,0.0683862028,0.1106,0.1049004098,0.1103,0.1046004548,0.018,0.0178399181,0.0177,0.0175399631,-0.0038,-0.0038072383,-0.0041,-0.0041071934,0.0474,0.0463109029,0.0471,0.0460109479,0.0804,0.0773313429,0.0801,0.0770313879,0.0533,0.0519280929,0.053,0.0516281379,0.0752,0.0725066908,0.0749,0.0722067358
1941-08-01,0.0001,9.9995e-05,0.0083,0.0082657444,0.0082,0.0081657494,0.024,0.0237165266,0.0239,0.0236165316,-0.0065,-0.006521217,-0.0066,-0.006621212,-0.0345,-0.0351091771,-0.0346,-0.0352091721,0.0074,0.0073727543,0.0073,0.0072727593,0.0106,0.0105442139,0.0105,0.0104442189,0.0239,0.0236188656,0.0238,0.0235188706,0.0008,0.0007996802,0.0007,0.0006996852,-0.0205,-0.0207130416,-0.0206,-0.0208130366,0.0018,0.0017983819,0.0017,0.0016983869
1941-09-01,0.0001,9.9995e-05,0.0178,0.0176434352,0.0177,0.0175434402,0.0414,0.0405659617,0.0413,0.0404659667,-0.0291,-0.0295318026,-0.0292,-0.0296317976,-0.0066,-0.0066218763,-0.0067,-0.0067218713,-0.0079,-0.0079313703,-0.008,-0.0080313653,0.0025,0.0024968802,0.0024,0.0023968852,0.0043,0.0042907814,0.0042,0.0041907864,-0.0021,-0.0021022081,-0.0022,-0.0022022031,-0.0285,-0.0289140102,-0.0286,-0.0290140052,-0.0258,-0.0261386576,-0.0259,-0.0262386526
1941-10-01,0.0,0.0,-0.0706,-0.0732160623,-0.0706,-0.0732160623,-0.0798,-0.0831642413,-0.0798,-0.0831642413,-0.0644,-0.0665672443,-0.0644,-0.0665672443,0.0219,0.0216636396,0.0219,0.0216636396,-0.1011,-0.1065834854,-0.1011,-0.1065834854,-0.0272,-0.0275767678,-0.0272,-0.0275767678,-0.052,-0.0534007767,-0.052,-0.0534007767,-0.0372,-0.0379095731,-0.0372,-0.0379095731,-0.0973,-0.1023650067,-0.0973,-0.1023650067,-0.0415,-0.0423857165,-0.0415,-0.0423857165
1941-11-01,0.0,0.0,-0.0319,-0.0324198913,-0.0319,-0.0324198913,-0.0371,-0.0378057147,-0.0371,-0.0378057147,-0.0142,-0.0143017847,-0.0142,-0.0143017847,0.0314,0.0309171026,0.0314,0.0309171026,-0.0204,-0.0206109539,-0.0204,-0.0206109539,-0.0403,-0.0411345434,-0.0403,-0.0411345434,-0.0456,-0.0466724082,-0.0456,-0.0466724082,-0.0296,-0.0300469214,-0.0296,-0.0300469214,-0.0673,-0.0696716732,-0.0673,-0.0696716732,-0.0154,-0.0155198117,-0.0154,-0.0155198117
1941-12-01,0.0001,9.9995e-05,-0.0395,-0.0403012968,-0.0396,-0.0404012918,-0.1181,-0.1256766081,-0.1182,-0.1257766031,0.0078,0.0077697373,0.0077,0.0076697423,-0.1112,-0.1178830407,-0.1113,-0.1179830357,0.0051,0.005087039,0.005,0.004987044,-0.0863,-0.090252989,-0.0864,-0.090352984,-0.0984,-0.1035843163,-0.0985,-0.1036843113,-0.016,-0.0161293819,-0.0161,-0.0162293769,-0.0751,-0.0780696554,-0.0752,-0.0781696504,-0.0537,-0.0551956355,-0.0538,-0.0552956305
1942-01-01,0.0002,0.00019998,0.0254,0.0250827804,0.0252,0.0248828004,0.0625,0.0606246218,0.0623,0.0604246418,-0.022,-0.0222456089,-0.0222,-0.0224455889,-0.0163,-0.0164343065,-0.0165,-0.0166342865,0.0095,0.0094551588,0.0093,0.0092551788,-0.0137,-0.013794711,-0.0139,-0.013994691,0.0065,0.0064789661,0.0063,0.0062789861,-0.0302,-0.0306654143,-0.0304,-0.0308653943,0.0405,0.0397013669,0.0403,0.0395013868,0.0955,0.0912108801,0.0953,0.0910109001
1942-02-01,0.0001,9.9995e-05,-0.055,-0.0565703515,-0.0551,-0.0566703465,0.052,0.0506931143,0.0519,0.0505931193,-0.024,-0.0242926926,-0.0241,-0.0243926876,-0.0585,-0.0602809309,-0.0586,-0.0603809259,-0.0245,-0.0248051189,-0.0246,-0.0249051139,-0.0057,-0.005716307,-0.0058,-0.005816302,-0.0193,-0.0194886766,-0.0194,-0.0195886716,-0.0541,-0.0556184238,-0.0542,-0.0557184188,-0.0248,-0.0251127008,-0.0249,-0.0252126958,-0.0186,-0.0187751553,-0.0187,-0.0188751503
1942-03-01,0.0001,9.9995e-05,-0.0829,-0.0865387614,-0.083,-0.0866387564,0.0142,0.0141001244,0.0141,0.0140001294,-0.0557,-0.0573113667,-0.0558,-0.0574113617,-0.0825,-0.0861026991,-0.0826,-0.0862026941,-0.0629,-0.0649652789,-0.063,-0.0650652739,-0.0695,-0.0720332029,-0.0696,-0.0721331979,-0.0709,-0.0735389033,-0.071,-0.0736388983,-0.0554,-0.0569937215,-0.0555,-0.0570937165,-0.122,-0.1301086853,-0.1221,-0.1302086803,-0.0901,-0.0944205756,-0.0902,-0.0945205706
1942-04-01,0.0001,9.9995e-05,-0.0409,-0.0417599342,-0.041,-0.0418599292,-0.0437,-0.0446836076,-0.0438,-0.0447836026,-0.0458,-0.0468819859,-0.0459,-0.0469819809,-0.0358,-0.036456537,-0.0359,-0.036556532,-0.0362,-0.0368714748,-0.0363,-0.0369714698,-0.0732,-0.0760174864,-0.0733,-0.0761174814,-0.059,-0.0608121394,-0.0591,-0.0609121344,-0.0444,-0.0454158635,-0.0445,-0.0455158585,-0.0346,-0.0352127558,-0.0347,-0.0353127508,-0.0196,-0.0197946273,-0.0197,-0.0198946223
1942-05-01,0.0003,0.000299955,0.0878,0.084157308,0.0875,0.083857353,0.1006,0.0958554856,0.1003,0.0955555306,0.0174,0.0172503534,0.0171,0.0169503984,0.0682,0.0659749889,0.0679,0.0656750339,0.0786,0.0756639039,0.0783,0.0753639489,0.0772,0.074365082,0.0769,0.0740651269,0.1182,0.1117202496,0.1179,0.1114202946,0.1478,0.1378470667,0.1475,0.1375471117,0.0839,0.0805656478,0.0836,0.0802656928,0.0348,0.0342081713,0.0345,0.0339082163
1942-06-01,0.0002,0.00019998,0.0352,0.0345946448,0.035,0.0343946648,0.0176,0.0174469136,0.0174,0.0172469336,0.0351,0.0344980404,0.0349,0.0342980604,0.0443,0.0433468045,0.0441,0.0431468245,0.046,0.0449733656,0.0458,0.0447733856,-0.0231,-0.0233709863,-0.0233,-0.0235709663,0.0253,0.0249852527,0.0251,0.0247852727,0.0285,0.0281014301,0.0283,0.0279014501,0.0166,0.016463726,0.0164,0.016263746,0.019,0.0188217542,0.0188,0.0186217742
1942-07-01,0.0003,0.000299955,0.0242,0.02391182,0.0239,0.023611865,0.0209,0.0206845912,0.0206,0.0203846362,0.0276,0.0272259863,0.0273,0.0269260312,0.0606,0.0588347857,0.0603,0.0585348307,0.0181,0.0179381451,0.0178,0.0176381901,0.0448,0.0438254795,0.0445,0.0435255245,0.0496,0.0484091392,0.0493,0.0481091842,0.016,0.0158733492,0.0157,0.0155733941,-0.0047,-0.0047110797,-0.005,-0.0050110347,0.0658,0.0637256909,0.0655,0.0634257359
1942-08-01,0.0003,0.000299955,0.008,0.0079681696,0.0077,0.0076682146,0.0235,0.0232281261,0.0232,0.0229281711,0.0134,0.0133110141,0.0131,0.0130110591,0.0355,0.0348844019,0.0352,0.0345844468,0.0074,0.0073727543,0.0071,0.0070727993,0.0249,0.0245950469,0.0246,0.0242950918,0.0172,0.0170537546,0.0169,0.0167537996,0.0244,0.0241070753,0.0241,0.0238071203,0.0081,0.0080673711,0.0078,0.0077674161,0.0243,0.0240094525,0.024,0.0237094975
1942-09-01,0.0003,0.000299955,-0.0006,-0.0006001801,-0.0009,-0.0009001351,0.026,0.0256677467,0.0257,0.0253677917,0.0326,0.0320798935,0.0323,0.0317799385,0.0237,0.0234235149,0.0234,0.0231235599,0.0518,0.0505029822,0.0515,0.0502030272,0.0207,0.0204886664,0.0204,0.0201887114,0.0067,0.0066776548,0.0064,0.0063776997,0.0026,0.0025966258,0.0023,0.0022966708,0.0586,0.0569472804,0.0583,0.0566473254,0.0338,0.0332413338,0.0335,0.0329413788
1942-10-01,0.0003,0.000299955,0.0451,0.0441125746,0.0448,0.0438126196,0.0582,0.0565693515,0.0579,0.0562693965,0.0673,0.0651320949,0.067,0.0648321399,0.0962,0.0918496536,0.0959,0.0915496986,0.0627,0.0608128394,0.0624,0.0605128844,0.0619,0.0600597564,0.0616,0.0597598014,0.006,0.0059820717,0.0057,0.0056821167,0.0414,0.0405659617,0.0411,0.0402660067,0.1519,0.141412753,0.1516,0.1411127979,0.0891,0.0853516671,0.0888,0.0850517121
1942-11-01,0.0003,0.000299955,0.027,0.0266419309,0.0267,0.0263419759,-0.0019,-0.0019018073,-0.0022,-0.0022017623,-0.0239,-0.0241902388,-0.0242,-0.0244901938,0.0091,0.0090588445,0.0088,0.0087588895,0.0202,0.0199986865,0.0199,0.0196987315,0.0263,0.0259601017,0.026,0.0256601467,0.0667,0.0645697706,0.0664,0.0642698156,0.0158,0.0156764794,0.0155,0.0153765244,-0.0132,-0.0132878943,-0.0135,-0.0135878493,-0.0212,-0.0214279474,-0.0215,-0.0217279024
1942-12-01,0.0003,0.000299955,0.0474,0.0463109029,0.0471,0.0460109479,0.0819,0.0787187547,0.0816,0.0784187997,0.0529,0.0515482619,0.0526,0.0512483069,0.0753,0.0725996924,0.075,0.0722997374,0.0618,0.0599655812,0.0615,0.0596656262,0.0035,0.0034938893,0.0032,0.0031939342,0.0275,0.0271286674,0.0272,0.0268287124,0.0871,0.0835136002,0.0868,0.0832136452,0.0436,0.0426762743,0.0433,0.0423763193,0.0448,0.0438254795,0.0445,0.0435255245
1943-01-01,0.0003,0.000299955,0.0915,0.087552897,0.0912,0.087252942,0.0524,0.0510732702,0.0521,0.0507733152,0.0697,0.0673782353,0.0694,0.0670782803,0.064,0.0620353909,0.0637,0.0617354359,0.098,0.0934903431,0.0977,0.0931903881,0.0378,0.037103088,0.0375,0.0368031329,0.0693,0.0670042288,0.069,0.0667042738,0.0247,0.0243998868,0.0244,0.0240999318,0.1473,0.1374113558,0.147,0.1371114008,0.0708,0.0684060327,0.0705,0.0681060777
1943-02-01,0.0003,0.000299955,0.0362,0.0355601754,0.0359,0.0352602204,0.0759,0.0731575206,0.0756,0.0728575656,0.0524,0.0510732702,0.0521,0.0507733152,0.0793,0.0763126828,0.079,0.0760127278,0.0342,0.033628181,0.0339,0.033328226,0.0881,0.084433056,0.0878,0.084133101,0.0309,0.0304322071,0.0306,0.0301322521,0.0365,0.0358496529,0.0362,0.0355496979,0.0796,0.0765906022,0.0793,0.0762906472,0.0947,0.0904803531,0.0944,0.0901803981
1943-03-01,0.0003,0.000299955,0.0437,0.0427720918,0.0434,0.0424721368,0.0507,0.0494566087,0.0504,0.0491566537,0.0602,0.0584575696,0.0599,0.0581576146,0.0702,0.0678455469,0.0699,0.0675455919,0.0746,0.0719484993,0.0743,0.0716485443,0.0064,0.006379607,0.0061,0.006079652,0.0872,0.0836055839,0.0869,0.0833056288,0.0457,0.0446865176,0.0454,0.0443865626,0.047,0.0459289319,0.0467,0.0456289769,0.1014,0.0965820978,0.1011,0.0962821428
1943-04-01,0.0003,0.000299955,0.0104,0.0103462921,0.0101,0.010046337,0.0053,0.0052860044,0.005,0.0049860494,-0.0143,-0.0144032303,-0.0146,-0.0147031853,0.0097,0.009653257,0.0094,0.009353302,0.0118,0.0117309229,0.0115,0.0114309679,0.0416,0.0407579925,0.0413,0.0404580375,0.0188,0.0186254641,0.0185,0.0183255091,0.014,0.0139029052,0.0137,0.0136029502,0.0403,0.0395091331,0.04,0.0392091781,0.0219,0.0216636396,0.0216,0.0213636846
1943-05-01,0.0002,0.00019998,0.0657,0.0636318602,0.0655,0.0634318802,0.066,0.0639133257,0.0658,0.0637133457,0.0538,0.0524026788,0.0536,0.0522026988,0.057,0.0554347069,0.0568,0.0552347269,0.0626,0.060718735,0.0624,0.060518755,0.0457,0.0446865176,0.0455,0.0444865376,0.0752,0.0725066908,0.075,0.0723067108,0.0599,0.0581745641,0.0597,0.057974584,0.0455,0.0444952399,0.0453,0.0442952599,0.0559,0.0543934838,0.0557,0.0541935038
1943-06-01,0.0003,0.000299955,0.0206,0.0203906896,0.0203,0.0200907346,0.0485,0.0473605714,0.0482,0.0470606164,0.0087,0.0086623731,0.0084,0.0083624181,0.0119,0.0118297518,0.0116,0.0115297967,0.0243,0.0240094525,0.024,0.0237094975,0.0228,0.0225439644,0.0225,0.0222440094,0.056,0.0544881853,0.0557,0.0541882303,-0.0066,-0.0066218763,-0.0069,-0.0069218313,0.042,0.0411419433,0.0417,0.0408419883,-0.008,-0.0080321717,-0.0083,-0.0083321267
1943-07-01,0.0003,0.000299955,-0.0188,-0.0189789666,-0.0191,-0.0192789216,-0.097,-0.1020327256,-0.0973,-0.1023326806,-0.0682,-0.0706370796,-0.0685,-0.0709370346,-0.0286,-0.0290169491,-0.0289,-0.0293169041,-0.0731,-0.0759095941,-0.0734,-0.0762095491,-0.0018,-0.0018016219,-0.0021,-0.002101577,-0.0315,-0.0320067961,-0.0318,-0.0323067511,-0.0332,-0.0337636302,-0.0335,-0.0340635852,-0.005,-0.0050125418,-0.0053,-0.0053124968,-0.0522,-0.0536117694,-0.0525,-0.0539117245
1943-08-01,0.0003,0.000299955,0.0094,0.0093560949,0.0091,0.0090561399,0.0348,0.0342081713,0.0345,0.0339082163,0.0067,0.0066776548,0.0064,0.0063776997,0.0109,0.0108410232,0.0106,0.0105410682,0.0049,0.0048880341,0.0046,0.0045880791,0.0091,0.0090588445,0.0088,0.0087588895,0.0376,0.036910354,0.0373,0.036610399,0.0026,0.0025966258,0.0023,0.0022966708,0.0184,0.0182327683,0.0181,0.0179328133,0.0141,0.0140015196,0.0138,0.0137015646
1943-09-01,0.0003,0.000299955,0.0218,0.0215657779,0.0215,0.0212658229,0.0169,0.0167587838,0.0166,0.0164588288,0.0267,0.0263497753,0.0264,0.0260498203,0.014,0.0139029052,0.0137,0.0136029502,0.0519,0.0505980528,0.0516,0.0502980978,0.0145,0.0143958803,0.0142,0.0140959253,0.0216,0.0213700257,0.0213,0.0210700707,0.0402,0.0394130024,0.0399,0.0391130473,0.0387,0.0379699313,0.0384,0.0376699762,0.0218,0.0215657779,0.0215,0.0212658229
1943-10-01,0.0003,0.000299955,-0.0027,-0.0027036516,-0.003,-0.0030036066,-0.0112,-0.0112631923,-0.0115,-0.0115631473,-0.0084,-0.0084354788,-0.0087,-0.0087354338,-0.0205,-0.0207130416,-0.0208,-0.0210129966,-0.0343,-0.034902052,-0.0346,-0.035202007,0.0073,0.007273484,0.007,0.006973529,-0.0241,-0.0243951568,-0.0244,-0.0246951118,0.0059,0.0058826632,0.0056,0.0055827081,0.0057,0.0056838165,0.0054,0.0053838615,-0.0108,-0.0108587433,-0.0111,-0.0111586983
1943-11-01,0.0003,0.000299955,-0.0458,-0.0468819859,-0.0461,-0.0471819409,-0.0533,-0.0547730258,-0.0536,-0.0550729809,-0.0646,-0.0667810337,-0.0649,-0.0670809887,-0.0697,-0.0722481642,-0.07,-0.0725481192,-0.0643,-0.0664603667,-0.0646,-0.0667603217,-0.0174,-0.0175531592,-0.0177,-0.0178531143,-0.0452,-0.0462533845,-0.0455,-0.0465533395,-0.0394,-0.0401971898,-0.0397,-0.0404971448,-0.084,-0.0877389143,-0.0843,-0.0880388693,-0.0804,-0.0838164861,-0.0807,-0.0841164411
1943-12-01,0.0003,0.000299955,0.0615,0.0596830022,0.0612,0.0593830472,0.0795,0.076497971,0.0792,0.076198016,0.0592,0.0575139062,0.0589,0.0572139512,0.0736,0.0710174872,0.0733,0.0707175322,0.0803,0.0772387803,0.08,0.0769388253,0.0315,0.0310140535,0.0312,0.0307140985,0.0693,0.0670042288,0.069,0.0667042738,0.0395,0.0387398283,0.0392,0.0384398733,0.0743,0.0716692867,0.074,0.0713693317,0.0716,0.0691528587,0.0713,0.0688529037
1944-01-01,0.0003,0.000299955,0.0397,0.03893221,0.0394,0.038632255,0.0102,0.0101483311,0.0099,0.009848376,0.0194,0.0192142189,0.0191,0.0189142639,0.0047,0.0046889895,0.0044,0.0043890345,0.0063,0.006280238,0.006,0.0059802829,0.0086,0.0085632307,0.0083,0.0082632757,0.0078,0.0077697373,0.0075,0.0074697823,0.0029,0.0028958031,0.0026,0.0025958481,-0.0032,-0.0032051309,-0.0035,-0.003505086,0.045,0.0440168854,0.0447,0.0437169304
1944-02-01,0.0003,0.000299955,-0.0053,-0.0053140948,-0.0056,-0.0056140498,0.0371,0.0364283566,0.0368,0.0361284016,-0.0037,-0.0037068619,-0.004,-0.0040068169,0.0011,0.0010993954,0.0008,0.0007994404,-0.0212,-0.0214279474,-0.0215,-0.0217279024,0.0088,0.0087615057,0.0085,0.0084615507,0.0106,0.0105442139,0.0103,0.0102442589,-0.0265,-0.0268574542,-0.0268,-0.0271574092,0.0151,0.0149871298,0.0148,0.0146871748,0.0206,0.0203906896,0.0203,0.0200907346
1944-03-01,0.0002,0.00019998,0.0283,0.0279069533,0.0281,0.0277069733,0.0477,0.0465972854,0.0475,0.0463973054,0.0227,0.0224461888,0.0225,0.0222462088,0.0187,0.0185273046,0.0185,0.0183273246,0.0379,0.037199441,0.0377,0.036999461,0.0074,0.0073727543,0.0072,0.0071727743,0.0228,0.0225439644,0.0226,0.0223439844,0.0246,0.0243022925,0.0244,0.0241023125,0.0178,0.0176434352,0.0176,0.0174434552,0.0266,0.0262523711,0.0264,0.0260523911
1944-04-01,0.0003,0.000299955,-0.0195,-0.0196926333,-0.0198,-0.0199925884,-0.0118,-0.0118701726,-0.0121,-0.0121701276,-0.0203,-0.0205088766,-0.0206,-0.0208088316,-0.0137,-0.013794711,-0.014,-0.014094666,-0.0192,-0.0193867138,-0.0195,-0.0196866688,-0.0057,-0.005716307,-0.006,-0.006016262,-0.01,-0.0100503359,-0.0103,-0.0103502909,-0.0237,-0.0239853628,-0.024,-0.0242853178,-0.0088,-0.0088389487,-0.0091,-0.0091389037,-0.0246,-0.0249076357,-0.0249,-0.0252075907
1944-05-01,0.0003,0.000299955,0.0534,0.0520230281,0.0531,0.0517230731,0.0794,0.0764053312,0.0791,0.0761053762,0.0558,0.0542987734,0.0555,0.0539988184,0.0499,0.0486949215,0.0496,0.0483949665,0.0364,0.0357531697,0.0361,0.0354532147,0.0281,0.0277124386,0.0278,0.0274124836,0.0508,0.0495517788,0.0505,0.0492518238,0.0568,0.0552454742,0.0565,0.0549455192,0.0278,0.0274205956,0.0275,0.0271206406,0.0427,0.0418135028,0.0424,0.0415135478
1944-06-01,0.0003,0.000299955,0.0565,0.0549615581,0.0562,0.0546616031,0.0932,0.0891091751,0.0929,0.0888092201,0.0713,0.0688728643,0.071,0.0685729093,0.0054,0.0053854723,0.0051,0.0050855173,0.075,0.0723206616,0.0747,0.0720207066,0.0327,0.0321767317,0.0324,0.0318767767,0.0584,0.0567583338,0.0581,0.0564583788,0.0385,0.0377773643,0.0382,0.0374774093,0.0492,0.048027969,0.0489,0.047728014,0.0599,0.0581745641,0.0596,0.057874609
1944-07-01,0.0003,0.000299955,-0.0035,-0.0035061393,-0.0038,-0.0038060943,-0.0493,-0.0505567236,-0.0496,-0.0508566786,-0.0195,-0.0196926333,-0.0198,-0.0199925884,-0.0122,-0.0122750309,-0.0125,-0.0125749859,-0.0182,-0.0183676574,-0.0185,-0.0186676124,-0.0037,-0.0037068619,-0.004,-0.0040068169,-0.0008,-0.0008003202,-0.0011,-0.0011002752,-0.0124,-0.0124775215,-0.0127,-0.0127774765,0.002,0.0019980027,0.0017,0.0016980477,-0.0078,-0.0078305791,-0.0081,-0.0081305341
1944-08-01,0.0003,0.000299955,0.0256,0.0252778072,0.0253,0.0249778522,0.0398,0.039028387,0.0395,0.038728432,0.0216,0.0213700257,0.0213,0.0210700707,-0.0195,-0.0196926333,-0.0198,-0.0199925884,0.0196,0.0194103935,0.0193,0.0191104385,0.0067,0.0066776548,0.0064,0.0063776997,0.0313,0.0308201423,0.031,0.0305201873,0.0076,0.0075712655,0.0073,0.0072713105,0.0366,0.0359461268,0.0363,0.0356461718,0.0036,0.0035935355,0.0033,0.0032935805
1944-09-01,0.0002,0.00019998,-0.0022,-0.0022024236,-0.0024,-0.0024024036,0.0061,0.0060814703,0.0059,0.0058814903,0.0056,0.0055843783,0.0054,0.0053843983,-0.0138,-0.0138961052,-0.014,-0.0140960852,-0.0064,-0.0064205678,-0.0066,-0.0066205478,0.0028,0.0027960873,0.0026,0.0025961073,0.0182,0.0180363625,0.018,0.0178363825,0.0043,0.0042907814,0.0041,0.0040908014,-0.0152,-0.0153167041,-0.0154,-0.0155166841,0.0011,0.0010993954,0.0009,0.0008994154
1944-10-01,0.0003,0.000299955,-0.0003,-0.000300045,-0.0006,-0.0006,-0.0274,-0.027782381,-0.0277,-0.028082336,-0.0033,-0.003305457,-0.0036,-0.003605412,0.0187,0.0185273046,0.0184,0.0182273496,0.0082,0.0081665627,0.0079,0.0078666077,0.0076,0.0075712655,0.0073,0.0072713105,0.0044,0.0043903483,0.0041,0.0040903933,0.0109,0.0108410232,0.0106,0.0105410682,0.0134,0.0133110141,0.0131,0.0130110591,0.0068,0.0067769843,0.0065,0.0064770293
1944-11-01,0.0003,0.000299955,0.0126,0.0125212806,0.0123,0.0122213255,0.0224,0.0221528046,0.0221,0.0218528496,0.0086,0.0085632307,0.0083,0.0082632757,0.0264,0.0260575343,0.0261,0.0257575793,0.0159,0.0157749191,0.0156,0.0154749641,0.0069,0.0068763039,0.0066,0.0065763489,0.0279,0.027517886,0.0276,0.027217931,0.0052,0.0051865267,0.0049,0.0048865717,-0.004,-0.0040080214,-0.0043,-0.0043079764,0.0431,0.0421970487,0.0428,0.0418970937
1944-12-01,0.0002,0.00019998,0.0203,0.0200967017,0.0201,0.0198967217,0.0397,0.03893221,0.0395,0.03873223,0.0429,0.0420052941,0.0427,0.0418053141,0.0515,0.0502177162,0.0513,0.0500177362,0.0466,0.045546815,0.0464,0.045346835,0.0071,0.0070749137,0.0069,0.0068749337,0.0215,0.0212721353,0.0213,0.0210721553,0.0171,0.0169554406,0.0169,0.0167554606,0.0312,0.0307231726,0.031,0.0305231926,0.0848,0.0813956382,0.0846,0.0811956582
1945-01-01,0.0003,0.000299955,0.0263,0.0259601017,0.026,0.0256601467,0.0137,0.0136070034,0.0134,0.0133070484,0.0277,0.0273232956,0.0274,0.0270233406,0.0492,0.048027969,0.0489,0.047728014,0.0067,0.0066776548,0.0064,0.0063776997,-0.0212,-0.0214279474,-0.0215,-0.0217279024,0.0007,0.0006997551,0.0004,0.0003998001,0.0056,0.0055843783,0.0053,0.0052844233,0.0569,0.055340095,0.0566,0.05504014,0.0061,0.0060814703,0.0058,0.0057815153
1945-02-01,0.0002,0.00019998,0.0395,0.0387398283,0.0393,0.0385398483,0.0766,0.0738079271,0.0764,0.0736079471,0.0696,0.0672847468,0.0694,0.0670847668,0.0732,0.0706448396,0.073,0.0704448596,0.0661,0.06400713,0.0659,0.06380715,0.0284,0.0280041964,0.0282,0.0278042164,0.0453,0.0443039256,0.0451,0.0441039456,0.0424,0.0415257468,0.0422,0.0413257668,0.0612,0.0594003433,0.061,0.0592003633,0.079,0.0760346863,0.0788,0.0758347063
1945-03-01,0.0002,0.00019998,-0.03,-0.0304592075,-0.0302,-0.0306591875,-0.0603,-0.0621946036,-0.0605,-0.0623945836,-0.0479,-0.0490852077,-0.0481,-0.0492851877,-0.0525,-0.053928342,-0.0527,-0.054128322,-0.0383,-0.0390527273,-0.0385,-0.0392527073,-0.0011,-0.0011006054,-0.0013,-0.0013005854,-0.0137,-0.013794711,-0.0139,-0.013994691,-0.0183,-0.0184695163,-0.0185,-0.0186694963,-0.0311,-0.0315938716,-0.0313,-0.0317938516,-0.0359,-0.0365602553,-0.0361,-0.0367602353
1945-04-01,0.0003,0.000299955,0.0708,0.0684060327,0.0705,0.0681060777,0.1116,0.1058004189,0.1113,0.1055004639,0.0841,0.0807501497,0.0838,0.0804501947,0.069,0.066723632,0.0687,0.066423677,0.0805,0.077423897,0.0802,0.077123942,0.0251,0.0247901688,0.0248,0.0244902138,0.0716,0.0691528587,0.0713,0.0688529037,0.0633,0.0613772797,0.063,0.0610773247,0.1012,0.0964004943,0.1009,0.0961005393,0.0886,0.084892467,0.0883,0.084592512
1945-05-01,0.0003,0.000299955,0.0234,0.0231304174,0.0231,0.0228304624,0.0079,0.0078689584,0.0076,0.0075690034,0.0081,0.0080673711,0.0078,0.0077674161,-0.0086,-0.0086371934,-0.0089,-0.0089371484,0.0183,0.0181345702,0.018,0.0178346152,0.0376,0.036910354,0.0373,0.036610399,0.0628,0.0609069349,0.0625,0.0606069799,0.0412,0.0403738941,0.0409,0.0400739391,0.0189,0.018723614,0.0186,0.018423659,0.0312,0.0307231726,0.0309,0.0304232176
1945-06-01,0.0002,0.00019998,0.0088,0.0087615057,0.0086,0.0085615257,-0.0153,-0.0154182527,-0.0155,-0.0156182327,-0.0016,-0.0016012814,-0.0018,-0.0018012614,-0.005,-0.0050125418,-0.0052,-0.0052125218,-0.0189,-0.0190808878,-0.0191,-0.0192808678,0.0265,0.0261549575,0.0263,0.0259549775,-0.0314,-0.031903549,-0.0316,-0.032103529,-0.0466,-0.0477207362,-0.0468,-0.0479207162,0.0516,0.0503128139,0.0514,0.0501128339,0.0449,0.0439211871,0.0447,0.0437212071
1945-07-01,0.0003,0.000299955,-0.0144,-0.0145046862,-0.0147,-0.0148046412,-0.0099,-0.0099493309,-0.0102,-0.0102492859,-0.0299,-0.03035612,-0.0302,-0.030656075,-0.0323,-0.0328331571,-0.0326,-0.0331331121,-0.0173,-0.0174513936,-0.0176,-0.0177513486,0.0218,0.0215657779,0.0215,0.0212658229,-0.0011,-0.0011006054,-0.0014,-0.0014005605,-0.0162,-0.0163326546,-0.0165,-0.0166326096,-0.0034,-0.0034057931,-0.0037,-0.0037057481,-0.0548,-0.0563587337,-0.0551,-0.0566586887
1945-08-01,0.0003,0.000299955,0.0774,0.0745507313,0.0771,0.0742507763,0.0948,0.0905716982,0.0945,0.0902717432,0.0885,0.0848006017,0.0882,0.0845006467,0.0224,0.0221528046,0.0221,0.0218528496,0.0976,0.093125978,0.0973,0.092826023,0.0174,0.0172503534,0.0171,0.0169503984,0.0825,0.0792731809,0.0822,0.0789732259,0.0922,0.0881940107,0.0919,0.0878940557,0.0103,0.0102473165,0.01,0.0099473614,0.0254,0.0250827804,0.0251,0.0247828254
1945-09-01,0.0003,0.000299955,0.0629,0.0610010216,0.0626,0.0607010665,0.0274,0.0270313391,0.0271,0.026731384,0.0617,0.059871397,0.0614,0.059571442,0.0199,0.0197045833,0.0196,0.0194046283,0.0341,0.0335314832,0.0338,0.0332315282,0.019,0.0188217542,0.0187,0.0185217992,0.0565,0.0549615581,0.0562,0.0546616031,0.0651,0.0630686915,0.0648,0.0627687365,0.0659,0.0638195127,0.0656,0.0635195577,0.0611,0.0593061059,0.0608,0.0590061509
1945-10-01,0.0003,0.000299955,0.0678,0.0656004571,0.0675,0.0653005021,0.002,0.0019980027,0.0017,0.0016980477,0.0228,0.0225439644,0.0225,0.0222440094,0.0631,0.0611891683,0.0628,0.0608892133,0.0076,0.0075712655,0.0073,0.0072713105,0.0236,0.0233258253,0.0233,0.0230258703,0.0596,0.0578914784,0.0593,0.0575915234,0.066,0.0639133257,0.0657,0.0636133707,0.0619,0.0600597564,0.0616,0.0597598014,0.0573,0.0557184888,0.057,0.0554185337
1945-11-01,0.0002,0.00019998,0.0368,0.0361390466,0.0366,0.0359390666,0.0263,0.0259601017,0.0261,0.0257601217,0.0485,0.0473605714,0.0483,0.0471605914,0.0839,0.0805656478,0.0837,0.0803656678,0.027,0.0266419309,0.0268,0.0264419509,0.0339,0.0333380596,0.0337,0.0331380796,0.0691,0.066817173,0.0689,0.066617193,0.0859,0.0824091362,0.0857,0.0822091562,0.0481,0.0469790012,0.0479,0.0467790212,0.0915,0.087552897,0.0913,0.087352917
1945-12-01,0.0003,0.000299955,0.0129,0.0128175037,0.0126,0.0125175487,0.0254,0.0250827804,0.0251,0.0247828254,0.0156,0.0154795708,0.0153,0.0151796158,-0.0025,-0.0025031302,-0.0028,-0.0028030852,0.0263,0.0259601017,0.026,0.0256601467,0.0048,0.0047885167,0.0045,0.0044885617,0.0346,0.0340148786,0.0343,0.0337149236,0.0153,0.0151841353,0.015,0.0148841803,-0.0109,-0.0109598402,-0.0112,-0.0112597952,0.0014,0.0013990209,0.0011,0.0010990659
1946-01-01,0.0003,0.000299955,0.0485,0.0473605714,0.0482,0.0470606164,0.0667,0.0645697706,0.0664,0.0642698156,0.0798,0.0767758388,0.0795,0.0764758838,-0.0007,-0.0007002451,-0.001,-0.0010002001,0.0645,0.0625052054,0.0642,0.0622052503,0.0191,0.0189198849,0.0188,0.0186199298,0.1098,0.1041798189,0.1095,0.1038798639,0.0776,0.0747363461,0.0773,0.0744363911,0.1093,0.1037291858,0.109,0.1034292308,0.0739,0.0712968819,0.0736,0.0709969269
1946-02-01,0.0003,0.000299955,-0.0481,-0.0492952917,-0.0484,-0.0495952467,-0.0896,-0.0938712156,-0.0899,-0.0941711706,-0.0611,-0.0630463017,-0.0614,-0.0633462567,-0.0468,-0.0479305338,-0.0471,-0.0482304888,-0.0737,-0.0765571227,-0.074,-0.0768570777,-0.0282,-0.028605257,-0.0285,-0.028905212,-0.0425,-0.0434295579,-0.0428,-0.0437295129,-0.0432,-0.0441608958,-0.0435,-0.0444608508,-0.0574,-0.0591132645,-0.0577,-0.0594132195,-0.0615,-0.063472423,-0.0618,-0.063772378
1946-03-01,0.0003,0.000299955,0.0636,0.0616593804,0.0633,0.0613594254,0.0099,0.0098513161,0.0096,0.009551361,0.0568,0.0552454742,0.0565,0.0549455192,0.1106,0.1049004098,0.1103,0.1046004548,0.0217,0.0214679066,0.0214,0.0211679516,0.0117,0.0116320842,0.0114,0.0113321292,0.1142,0.1081366586,0.1139,0.1078367036,0.1458,0.136103083,0.1455,0.135803128,0.0629,0.0610010216,0.0626,0.0607010665,0.0469,0.0458334163,0.0466,0.0455334613
1946-04-01,0.0003,0.000299955,0.0354,0.0347878255,0.0351,0.0344878705,0.0142,0.0141001244,0.0139,0.0138001694,0.0433,0.0423887665,0.043,0.0420888115,0.0877,0.0840653751,0.0874,0.0837654201,0.017,0.0168571171,0.0167,0.0165571621,0.0159,0.0157749191,0.0156,0.0154749641,0.072,0.0695260626,0.0717,0.0692261076,0.1467,0.1368882521,0.1464,0.1365882971,0.0434,0.0424846116,0.0431,0.0421846566,0.0169,0.0167587838,0.0166,0.0164588288
1946-05-01,0.0003,0.000299955,0.0335,0.0329511001,0.0332,0.0326511451,0.052,0.0506931143,0.0517,0.0503931593,0.0502,0.0489806222,0.0499,0.0486806672,0.0369,0.0362354926,0.0366,0.0359355376,0.0515,0.0502177162,0.0512,0.0499177612,0.0282,0.0278097006,0.0279,0.0275097456,0.0189,0.018723614,0.0186,0.018423659,0.0563,0.0547722358,0.056,0.0544722808,0.0304,0.0299470764,0.0301,0.0296471214,0.034,0.0334347761,0.0337,0.0331348211
1946-06-01,0.0003,0.000299955,-0.0361,-0.0367677242,-0.0364,-0.0370676792,-0.0593,-0.061131,-0.0596,-0.061430955,-0.0359,-0.0365602553,-0.0362,-0.0368602103,-0.0315,-0.0320067961,-0.0318,-0.0323067511,-0.0526,-0.0540338885,-0.0529,-0.0543338435,0.0029,0.0028958031,0.0026,0.0025958481,-0.077,-0.0801260445,-0.0773,-0.0804259995,-0.0552,-0.0567820141,-0.0555,-0.0570819691,-0.028,-0.0283994745,-0.0283,-0.0286994295,-0.0326,-0.0331432186,-0.0329,-0.0334431736
1946-07-01,0.0003,0.000299955,-0.0075,-0.0075282664,-0.0078,-0.0078282214,-0.0475,-0.048665172,-0.0478,-0.048965127,-0.0327,-0.0332465938,-0.033,-0.0335465488,-0.0007,-0.0007002451,-0.001,-0.0010002001,-0.0329,-0.0334533763,-0.0332,-0.0337533313,-0.0008,-0.0008003202,-0.0011,-0.0011002752,-0.0283,-0.0287081641,-0.0286,-0.0290081191,-0.0323,-0.0328331571,-0.0326,-0.0331331121,-0.0363,-0.0369752361,-0.0366,-0.0372751911,-0.0497,-0.0509775548,-0.05,-0.0512775098
1946-08-01,0.0003,0.000299955,-0.0529,-0.0543505948,-0.0532,-0.0546505498,-0.104,-0.109814866,-0.1043,-0.110114821,-0.0672,-0.0695644634,-0.0675,-0.0698644184,-0.0563,-0.05794696,-0.0566,-0.058246915,-0.0691,-0.0716034189,-0.0694,-0.0719033739,-0.07,-0.0725706928,-0.0703,-0.0728706478,-0.0491,-0.0503463744,-0.0494,-0.0506463294,-0.0327,-0.0332465938,-0.033,-0.0335465488,-0.0537,-0.0551956355,-0.054,-0.0554955905,-0.0681,-0.0705297662,-0.0684,-0.0708297212
1946-09-01,0.0003,0.000299955,-0.1075,-0.1137287653,-0.1078,-0.1140287203,-0.1488,-0.1611081604,-0.1491,-0.1614081154,-0.1039,-0.1097032651,-0.1042,-0.1100032201,-0.0805,-0.0839252349,-0.0808,-0.0842251899,-0.0979,-0.1030299003,-0.0982,-0.1033298553,-0.0475,-0.048665172,-0.0478,-0.048965127,-0.069,-0.0714960017,-0.0693,-0.0717959567,-0.0703,-0.0728933255,-0.0706,-0.0731932805,-0.0897,-0.0939810635,-0.09,-0.0942810185,-0.1441,-0.1556017321,-0.1444,-0.1559016871
1946-10-01,0.0003,0.000299955,0.0047,0.0046889895,0.0044,0.0043890345,-0.0331,-0.0336602015,-0.0334,-0.0339601565,-0.0188,-0.0189789666,-0.0191,-0.0192789216,-0.0066,-0.0066218763,-0.0069,-0.0069218313,-0.0277,-0.0280908802,-0.028,-0.0283908352,-0.0513,-0.0526626526,-0.0516,-0.0529626076,-0.0223,-0.0225524045,-0.0226,-0.0228523595,-0.0024,-0.0024028846,-0.0027,-0.0027028396,0.0142,0.0141001244,0.0139,0.0138001694,-0.0045,-0.0045101555,-0.0048,-0.0048101105
1946-11-01,0.0003,0.000299955,-0.0132,-0.0132878943,-0.0135,-0.0135878493,-0.0116,-0.0116678049,-0.0119,-0.0119677599,0.0176,0.0174469136,0.0173,0.0171469586,0.0055,0.0054849302,0.0052,0.0051849752,-0.0215,-0.0217344921,-0.0218,-0.0220344472,0.0179,0.0177416815,0.0176,0.0174417265,-0.0499,-0.0511880368,-0.0502,-0.0514879918,0.0166,0.016463726,0.0163,0.016163771,0.008,0.0079681696,0.0077,0.0076682146,0.0001,9.9995e-05,-0.0002,-0.00019996
1946-12-01,0.0003,0.000299955,0.0375,0.0368139731,0.0372,0.0365140181,0.0617,0.059871397,0.0614,0.059571442,0.0666,0.0644760192,0.0663,0.0641760642,0.0439,0.0429636994,0.0436,0.0426637444,0.0474,0.0463109029,0.0471,0.0460109479,0.0382,0.0374884444,0.0379,0.0371884894,0.0404,0.0396052546,0.0401,0.0393052996,0.0724,0.0698991274,0.0721,0.0695991724,0.0609,0.0591176045,0.0606,0.0588176495,0.0276,0.0272259863,0.0273,0.0269260312
1947-01-01,0.0003,0.000299955,0.0024,0.0023971246,0.0021,0.0020971696,0.109,0.1034587084,0.1087,0.1031587534,0.009,0.0089597414,0.0087,0.0086597864,-0.0065,-0.006521217,-0.0068,-0.006821172,0.0538,0.0524026788,0.0535,0.0521027238,0.0103,0.0102473165,0.01,0.0099473614,0.0069,0.0068763039,0.0066,0.0065763489,-0.0532,-0.0546674013,-0.0535,-0.0549673564,-0.0014,-0.0014009809,-0.0017,-0.0017009359,0.0047,0.0046889895,0.0044,0.0043890345
1947-02-01,0.0003,0.000299955,-0.0027,-0.0027036516,-0.003,-0.0030036066,0.0148,0.0146915487,0.0145,0.0143915937,-0.0069,-0.0069239151,-0.0072,-0.0072238701,-0.0271,-0.027473977,-0.0274,-0.027773932,-0.0208,-0.0210193672,-0.0211,-0.0213193222,-0.0205,-0.0207130416,-0.0208,-0.0210129966,-0.0041,-0.004108428,-0.0044,-0.0044083831,-0.042,-0.042907501,-0.0423,-0.043207456,-0.009,-0.0090407447,-0.0093,-0.0093406997,-0.0128,-0.0128826258,-0.0131,-0.0131825808
1947-03-01,0.0003,0.000299955,-0.0223,-0.0225524045,-0.0226,-0.0228523595,-0.027,-0.0273711968,-0.0273,-0.0276711518,-0.016,-0.0161293819,-0.0163,-0.0164293369,0.0229,0.0226417305,0.0226,0.0223417755,-0.0229,-0.023166278,-0.0232,-0.023466233,-0.0215,-0.0217344921,-0.0218,-0.0220344472,-0.022,-0.0222456089,-0.0223,-0.022545564,-0.0126,-0.0126800532,-0.0129,-0.0129800082,-0.0279,-0.0282965992,-0.0282,-0.0285965542,-0.0335,-0.0340739803,-0.0338,-0.0343739353
1947-04-01,0.0003,0.000299955,-0.0665,-0.068814316,-0.0668,-0.069114271,-0.0408,-0.0416556753,-0.0411,-0.0419556303,-0.0574,-0.0591132645,-0.0577,-0.0594132195,-0.0044,-0.0044097085,-0.0047,-0.0047096635,-0.0521,-0.0535062675,-0.0524,-0.0538062225,-0.0022,-0.0022024236,-0.0025,-0.0025023786,-0.0798,-0.0831642413,-0.0801,-0.0834641963,-0.0861,-0.0900341227,-0.0864,-0.0903340777,-0.0376,-0.0383251143,-0.0379,-0.0386250693,-0.0627,-0.0647518772,-0.063,-0.0650518322
1947-05-01,0.0003,0.000299955,-0.0055,-0.0055151807,-0.0058,-0.0058151357,-0.0214,-0.0216323001,-0.0217,-0.0219322551,-0.0209,-0.0211214966,-0.0212,-0.0214214516,0.0256,0.0252778072,0.0253,0.0249778522,-0.0027,-0.0027036516,-0.003,-0.0030036066,-0.011,-0.0110609474,-0.0113,-0.0113609024,-0.0036,-0.0036064956,-0.0039,-0.0039064506,-0.0265,-0.0268574542,-0.0268,-0.0271574092,-0.0248,-0.0251127008,-0.0251,-0.0254126558,-0.0207,-0.0209172483,-0.021,-0.0212172033
1947-06-01,0.0003,0.000299955,0.0654,0.0633503155,0.0651,0.0630503605,0.0588,0.0571361914,0.0585,0.0568362364,0.0576,0.0560021901,0.0573,0.0557022351,0.0777,0.0748291406,0.0774,0.0745291856,0.0387,0.0379699313,0.0384,0.0376699762,-0.0319,-0.0324198913,-0.0322,-0.0327198463,0.099,0.0944006754,0.0987,0.0941007204,0.042,0.0411419433,0.0417,0.0408419883,0.0395,0.0387398283,0.0392,0.0384398733,0.0319,0.0314017631,0.0316,0.0311018081
1947-07-01,0.0003,0.000299955,0.0465,0.0454512629,0.0462,0.0451513079,0.052,0.0506931143,0.0517,0.0503931593,0.0387,0.0379699313,0.0384,0.0376699762,0.0388,0.0380662008,0.0385,0.0377662458,0.0634,0.0614713221,0.0631,0.0611713671,0.0081,0.0080673711,0.0078,0.0077674161,0.0461,0.0450689634,0.0458,0.0447690084,0.0261,0.0257652079,0.0258,0.0254652529,0.0251,0.0247901688,0.0248,0.0244902138,0.0598,0.0580802111,0.0595,0.0577802561
1947-08-01,0.0003,0.000299955,-0.0138,-0.0138961052,-0.0141,-0.0141960602,-0.0076,-0.0076290272,-0.0079,-0.0079289822,-0.0102,-0.0102523765,-0.0105,-0.0105523315,-0.023,-0.0232686269,-0.0233,-0.0235685819,-0.0422,-0.0431162911,-0.0425,-0.0434162461,0.0036,0.0035935355,0.0033,0.0032935805,-0.0355,-0.0361454466,-0.0358,-0.0364454016,-0.0383,-0.0390527273,-0.0386,-0.0393526823,0.0024,0.0023971246,0.0021,0.0020971696,-0.0318,-0.0323166015,-0.0321,-0.0326165565
1947-09-01,0.0006,0.0005998201,0.0039,0.0038924147,0.0033,0.0032925946,0.0017,0.0016985566,0.0011,0.0010987366,0.0071,0.0070749137,0.0065,0.0064750936,-0.0271,-0.027473977,-0.0277,-0.0280737971,0.0114,0.0113355097,0.0108,0.0107356896,0.0083,0.0082657444,0.0077,0.0076659243,-0.0281,-0.0285023605,-0.0287,-0.0291021805,-0.0263,-0.026652031,-0.0269,-0.0272518511,-0.0133,-0.0133892371,-0.0139,-0.0139890572,-0.0096,-0.0096463771,-0.0102,-0.0102461971
1947-10-01,0.0006,0.0005998201,0.0136,0.01350835,0.013,0.01290853,0.0293,0.0288789596,0.0287,0.0282791395,0.0324,0.0318861889,0.0318,0.0312863688,0.0524,0.0510732702,0.0518,0.0504734501,0.0174,0.0172503534,0.0168,0.0166505333,0.0021,0.0020977981,0.0015,0.001497978,0.0303,0.029850022,0.0297,0.0292502019,0.0121,0.0120273802,0.0115,0.0114275601,0.0015,0.0014988761,0.0009,0.0008990561,0.01,0.0099503309,0.0094,0.0093505108
1947-11-01,0.0006,0.0005998201,-0.017,-0.0171461588,-0.0176,-0.0177459789,-0.027,-0.0273711968,-0.0276,-0.0279710169,-0.0122,-0.0122750309,-0.0128,-0.0128748509,-0.0035,-0.0035061393,-0.0041,-0.0041059594,-0.0055,-0.0055151807,-0.0061,-0.0061150008,-0.0257,-0.0260360146,-0.0263,-0.0266358346,-0.0243,-0.0246001169,-0.0249,-0.0251999369,-0.0306,-0.0310779556,-0.0312,-0.0316777756,-0.0763,-0.0793679354,-0.0769,-0.0799677555,-0.0198,-0.0199986465,-0.0204,-0.0205984666
1947-12-01,0.0008,0.0007996802,0.007,0.0069756137,0.0062,0.0061759336,0.0225,0.0222506089,0.0217,0.0214509288,0.0264,0.0260575343,0.0256,0.0252578541,0.0934,0.0892921075,0.0926,0.0884924273,0.0249,0.0245950469,0.0241,0.0237953667,0.0044,0.0043903483,0.0036,0.0035906681,0.0037,0.0036931718,0.0029,0.0028934917,0.0312,0.0307231726,0.0304,0.0299234925,0.0118,0.0117309229,0.011,0.0109312427,0.0371,0.0364283566,0.0363,0.0356286764
1948-01-01,0.0007,0.0006997551,-0.0269,-0.0272684272,-0.0276,-0.0279681823,-0.0535,-0.0549843083,-0.0542,-0.0556840634,-0.0408,-0.0416556753,-0.0415,-0.0423554304,-0.0743,-0.0772050709,-0.075,-0.077904826,-0.0553,-0.0568878622,-0.056,-0.0575876173,0.001,0.0009995003,0.0003,0.0002997452,-0.0329,-0.0334533763,-0.0336,-0.0341531314,-0.0825,-0.0861026991,-0.0832,-0.0868024542,-0.0022,-0.0022024236,-0.0029,-0.0029021787,-0.0088,-0.0088389487,-0.0095,-0.0095387038
1948-02-01,0.0007,0.0006997551,-0.0613,-0.0632593396,-0.062,-0.0639590948,-0.0543,-0.055829885,-0.055,-0.0565296401,-0.0533,-0.0547730258,-0.054,-0.055472781,-0.0295,-0.0299438764,-0.0302,-0.0306436315,-0.0394,-0.0401971898,-0.0401,-0.0408969449,-0.0106,-0.0106565802,-0.0113,-0.0113563353,-0.0379,-0.0386368836,-0.0386,-0.0393366387,-0.0354,-0.0360417713,-0.0361,-0.0367415265,-0.0359,-0.0365602553,-0.0366,-0.0372600104,-0.0412,-0.0420727764,-0.0419,-0.0427725315
1948-03-01,0.0009,0.0008995952,0.0549,0.0534459757,0.054,0.0525463805,0.0727,0.0701788346,0.0718,0.0692792394,0.0966,0.092214484,0.0957,0.0913148887,0.0995,0.094855531,0.0986,0.0939559358,0.1117,0.1058903753,0.1108,0.10499078,0.0197,0.0195084664,0.0188,0.0186088711,0.067,0.0648509723,0.0661,0.0639513771,0.0635,0.0615653557,0.0626,0.0606657604,0.0676,0.0654131385,0.0667,0.0645135433,0.1001,0.0954010848,0.0992,0.0945014895
1948-04-01,0.0008,0.0007996802,0.0134,0.0133110141,0.0126,0.0125113339,0.0117,0.0116320842,0.0109,0.0108324041,0.0251,0.0247901688,0.0243,0.0239904886,0.1124,0.1065198434,0.1116,0.1057201632,-0.0059,-0.0059174738,-0.0067,-0.0067171539,0.0265,0.0261549575,0.0257,0.0253552773,0.0508,0.0495517788,0.05,0.0487520987,0.0214,0.0211742352,0.0206,0.0203745551,0.0151,0.0149871298,0.0143,0.0141874496,0.0326,0.0320798935,0.0318,0.0312802133
1948-05-01,0.0008,0.0007996802,0.051,0.0497420919,0.0502,0.0489424117,0.1454,0.135753921,0.1446,0.1349542408,0.0789,0.0759420036,0.0781,0.0751423234,0.061,0.0592118596,0.0602,0.0584121795,0.1278,0.1202688324,0.127,0.1194691522,0.0249,0.0245950469,0.0241,0.0237953667,0.0859,0.0824091362,0.0851,0.0816094561,0.068,0.0657877405,0.0672,0.0649880604,0.0575,0.0559076319,0.0567,0.0551079518,0.0677,0.0655068022,0.0669,0.064707122
1948-06-01,0.0009,0.0008995952,-0.0198,-0.0199986465,-0.0207,-0.0208982417,0.003,0.002995509,0.0021,0.0020959137,-0.0099,-0.0099493309,-0.0108,-0.0108489261,0.0349,0.0343048037,0.034,0.0334052084,-0.0142,-0.0143017847,-0.0151,-0.01520138,0.0043,0.0042907814,0.0034,0.0033911862,-0.0131,-0.0131865618,-0.014,-0.014086157,-0.0219,-0.0221433647,-0.0228,-0.0230429599,0.0249,0.0245950469,0.024,0.0236954516,-0.0078,-0.0078305791,-0.0087,-0.0087301744
1948-07-01,0.0008,0.0007996802,-0.0168,-0.0169427207,-0.0176,-0.0177424009,-0.0437,-0.0446836076,-0.0445,-0.0454832878,-0.0499,-0.0511880368,-0.0507,-0.0519877169,-0.0718,-0.0745080522,-0.0726,-0.0753077323,-0.066,-0.0682788408,-0.0668,-0.0690785209,-0.0165,-0.0166376412,-0.0173,-0.0174373213,-0.0772,-0.0803427527,-0.078,-0.0811424329,-0.0426,-0.043534002,-0.0434,-0.0443336822,-0.0414,-0.0422813923,-0.0422,-0.0430810724,-0.0499,-0.0511880368,-0.0507,-0.0519877169
1948-08-01,0.0009,0.0008995952,0.0002,0.00019998,-0.0007,-0.0006996152,0.0112,0.0111377444,0.0103,0.0102381492,0.0041,0.0040916179,0.0032,0.0031920227,-0.0203,-0.0205088766,-0.0212,-0.0214084719,0.0307,0.0302381831,0.0298,0.0293385878,0.0006,0.0005998201,-0.0003,-0.0002997752,0.025,0.0246926126,0.0241,0.0237930173,-0.019,-0.0191828194,-0.0199,-0.0200824147,0.001,0.0009995003,0.0001,9.99051e-05,0.0153,0.0151841353,0.0144,0.0142845401
1948-09-01,0.0004,0.00039992,-0.0398,-0.0406136829,-0.0402,-0.0410136029,-0.0389,-0.0396768172,-0.0393,-0.0400767372,-0.0268,-0.0271656681,-0.0272,-0.0275655881,-0.0447,-0.0457298517,-0.0451,-0.0461297717,-0.0319,-0.0324198913,-0.0323,-0.0328198113,-0.0023,-0.0023026491,-0.0027,-0.0027025691,-0.0094,-0.0094444588,-0.0098,-0.0098443788,-0.031,-0.0314906671,-0.0314,-0.0318905871,-0.0092,-0.0092425814,-0.0096,-0.0096425014,-0.0346,-0.0352127558,-0.035,-0.0356126758
1948-10-01,0.0004,0.00039992,0.0363,0.0356566772,0.0359,0.0352567572,0.0795,0.076497971,0.0791,0.076098051,0.0669,0.0647572472,0.0665,0.0643573272,0.092,0.0880108773,0.0916,0.0876109573,0.0685,0.0662557958,0.0681,0.0658558758,0.0111,0.0110388471,0.0107,0.0106389271,0.0414,0.0405659617,0.041,0.0401660417,0.052,0.0506931143,0.0516,0.0502931943,0.0445,0.043538302,0.0441,0.043138382,0.0496,0.0484091392,0.0492,0.0480092192
1948-11-01,0.0004,0.00039992,-0.0618,-0.0637921331,-0.0622,-0.0641920531,-0.1201,-0.1279470143,-0.1205,-0.1283469344,-0.1021,-0.1076965755,-0.1025,-0.1080964955,-0.1221,-0.130222587,-0.1225,-0.1306225071,-0.0928,-0.097392346,-0.0932,-0.097792266,-0.0206,-0.0208151397,-0.021,-0.0212150597,-0.0577,-0.0594315838,-0.0581,-0.0598315038,-0.0575,-0.0592193597,-0.0579,-0.0596192797,-0.0909,-0.0953001799,-0.0913,-0.0957000999,-0.1061,-0.1121613669,-0.1065,-0.1125612869
1948-12-01,0.0004,0.00039992,0.0067,0.0066776548,0.0063,0.0062777347,0.0343,0.0337248694,0.0339,0.0333249494,0.0404,0.0396052546,0.04,0.0392053346,0.0473,0.0462154238,0.0469,0.0458155038,0.0633,0.0613772797,0.0629,0.0609773597,0.0109,0.0108410232,0.0105,0.0104411032,0.0152,0.0150856374,0.0148,0.0146857174,0.0454,0.0443995873,0.045,0.0439996673,0.0266,0.0262523711,0.0262,0.0258524511,0.0287,0.0282958692,0.0283,0.0278959491
1949-01-01,0.001,0.0009995003,0.0367,0.0360425913,0.0357,0.035043091,0.0244,0.0241070753,0.0234,0.023107575,0.0031,0.0030952049,0.0021,0.0020957046,-0.0383,-0.0390527273,-0.0393,-0.0400522276,-0.0133,-0.0133892371,-0.0143,-0.0143887375,-0.0127,-0.0127813344,-0.0137,-0.0137808347,0.0117,0.0116320842,0.0107,0.0106325839,0.0458,0.0447821428,0.0448,0.0437826424,0.0476,0.0465018337,0.0466,0.0455023333,0.003,0.002995509,0.002,0.0019960086
1949-02-01,0.0009,0.0008995952,-0.0193,-0.0194886766,-0.0202,-0.0203882718,-0.0372,-0.0379095731,-0.0381,-0.0388091683,-0.0344,-0.0350056092,-0.0353,-0.0359052044,-0.043,-0.0439518875,-0.0439,-0.0448514828,-0.0421,-0.0430118906,-0.043,-0.0439114858,-0.003,-0.003004509,-0.0039,-0.0039041043,-0.0227,-0.0229616116,-0.0236,-0.0238612069,-0.0093,-0.009343515,-0.0102,-0.0102431102,0.0067,0.0066776548,0.0058,0.0057780595,-0.0319,-0.0324198913,-0.0328,-0.0333194865
1949-03-01,0.001,0.0009995003,0.0321,0.0315955616,0.0311,0.0305960613,0.0342,0.033628181,0.0332,0.0326286806,0.0357,0.0350775266,0.0347,0.0340780263,0.0608,0.0590233404,0.0598,0.0580238401,0.0583,0.0566638471,0.0573,0.0556643468,0.0136,0.01350835,0.0126,0.0125088497,0.044,0.0430594895,0.043,0.0420599891,0.055,0.0535407669,0.054,0.0525412666,0.038,0.0372957847,0.037,0.0362962844,0.0492,0.048027969,0.0482,0.0470284687
1949-04-01,0.0009,0.0008995952,-0.0165,-0.0166376412,-0.0174,-0.0175372364,-0.0422,-0.0431162911,-0.0431,-0.0440158863,-0.0354,-0.0360417713,-0.0363,-0.0369413666,0.0128,0.0127187724,0.0119,0.0118191772,-0.0371,-0.0378057147,-0.038,-0.03870531,-0.0165,-0.0166376412,-0.0174,-0.0175372364,-0.0164,-0.0165359686,-0.0173,-0.0174355639,0.0024,0.0023971246,0.0015,0.0014975294,0.0122,0.0121261798,0.0113,0.0112265846,-0.0153,-0.0154182527,-0.0162,-0.016317848
1949-05-01,0.001,0.0009995003,-0.0043,-0.0043092716,-0.0053,-0.0053087719,-0.0294,-0.029840842,-0.0304,-0.0308403423,-0.0334,-0.0339705196,-0.0344,-0.0349700199,-0.0567,-0.0583709133,-0.0577,-0.0593704137,-0.0532,-0.0546674013,-0.0542,-0.0556669017,-0.0217,-0.0219389075,-0.0227,-0.0229384079,0.0017,0.0016985566,0.0007,0.0006990563,-0.019,-0.0191828194,-0.02,-0.0201823197,-0.0059,-0.0059174738,-0.0069,-0.0069169741,-0.0271,-0.027473977,-0.0281,-0.0284734773
1949-06-01,0.001,0.0009995003,0.0104,0.0103462921,0.0094,0.0093467917,0.013,0.0129162253,0.012,0.0119167249,0.0024,0.0023971246,0.0014,0.0013976243,-0.0118,-0.0118701726,-0.0128,-0.0128696729,0.0011,0.0010993954,0.0001,9.98951e-05,0.0113,0.0112366319,0.0103,0.0102371316,0.0287,0.0282958692,0.0277,0.0272963688,0.0217,0.0214679066,0.0207,0.0204684063,-0.0101,-0.0101513511,-0.0111,-0.0111508514,-0.0137,-0.013794711,-0.0147,-0.0147942114
1949-07-01,0.0009,0.0008995952,0.0495,0.0483138603,0.0486,0.047414265,0.0944,0.0902062679,0.0935,0.0893066726,0.0594,0.0577027101,0.0585,0.0568031149,0.0624,0.0605304997,0.0615,0.0596309045,0.069,0.066723632,0.0681,0.0658240368,0.0241,0.0238141781,0.0232,0.0229145829,0.0516,0.0503128139,0.0507,0.0494132186,0.0601,0.0583632433,0.0592,0.0574636481,0.0472,0.0461199356,0.0463,0.0452203404,0.0419,0.0410459694,0.041,0.0401463742
1949-08-01,0.0009,0.0008995952,0.0397,0.03893221,0.0388,0.0380326148,0.0232,0.0229349713,0.0223,0.022035376,0.0216,0.0213700257,0.0207,0.0204704305,0.055,0.0535407669,0.0541,0.0526411717,0.0074,0.0073727543,0.0065,0.0064731591,0.0097,0.009653257,0.0088,0.0087536618,0.015,0.0148886125,0.0141,0.0139890173,0.0018,0.0017983819,0.0009,0.0008987867,0.0368,0.0361390466,0.0359,0.0352394514,0.0144,0.0142973047,0.0135,0.0133977095
1949-09-01,0.0009,0.0008995952,0.0284,0.0280041964,0.0275,0.0271046012,0.0264,0.0260575343,0.0255,0.0251579391,0.0393,0.0385474096,0.0384,0.0376478144,0.0303,0.029850022,0.0294,0.0289504267,0.0365,0.0358496529,0.0356,0.0349500577,0.0121,0.0120273802,0.0112,0.011127785,0.023,0.022739487,0.0221,0.0218398917,0.0186,0.0184291355,0.0177,0.0175295402,0.0406,0.0397974699,0.0397,0.0388978746,0.0341,0.0335314832,0.0332,0.032631888
1949-10-01,0.0009,0.0008995952,0.0152,0.0150856374,0.0143,0.0141860422,0.0734,0.0708311808,0.0725,0.0699315855,0.0434,0.0424846116,0.0425,0.0415850164,0.0371,0.0364283566,0.0362,0.0355287614,0.0374,0.0367175829,0.0365,0.0358179877,0.0188,0.0186254641,0.0179,0.0177258689,0.0066,0.0065783154,0.0057,0.0056787201,0.0338,0.0332413338,0.0329,0.0323417385,0.0131,0.0130149371,0.0122,0.0121153418,0.0242,0.02391182,0.0233,0.0230122248
1949-11-01,0.0008,0.0007996802,0.0184,0.0182327683,0.0176,0.0174330881,0.0488,0.0476466535,0.048,0.0468469733,0.0323,0.0317893225,0.0315,0.0309896423,-0.0285,-0.0289140102,-0.0293,-0.0297136903,0.039,0.0382587121,0.0382,0.0374590319,0.0167,0.0165620883,0.0159,0.0157624081,0.0211,0.0208804776,0.0203,0.0200807974,0.048,0.0468835859,0.0472,0.0460839057,0.0328,0.0322735606,0.032,0.0314738804,0.0122,0.0121261798,0.0114,0.0113264996
1949-12-01,0.0009,0.0008995952,0.0515,0.0502177162,0.0506,0.0493181209,0.0829,0.0796426277,0.082,0.0787430324,0.0651,0.0630686915,0.0642,0.0621690962,0.0109,0.0108410232,0.01,0.0099414279,0.0919,0.087919298,0.091,0.0870197028,0.0158,0.0156764794,0.0149,0.0147768841,0.0478,0.046692728,0.0469,0.0457931327,0.0872,0.0836055839,0.0863,0.0827059886,0.0325,0.0319830459,0.0316,0.0310834506,0.0714,0.0689662045,0.0705,0.0680666092
1950-01-01,0.0009,0.0008995952,0.0137,0.0136070034,0.0128,0.0127074082,0.0187,0.0185273046,0.0178,0.0176277094,0.0198,0.0196065296,0.0189,0.0187069344,-0.0065,-0.006521217,-0.0074,-0.0074208122,0.0454,0.0443995873,0.0445,0.0434999921,0.0186,0.0184291355,0.0177,0.0175295402,0.0043,0.0042907814,0.0034,0.0033911862,0.0106,0.0105442139,0.0097,0.0096446186,0.0375,0.0368139731,0.0366,0.0359143779,0.032,0.0314986671,0.0311,0.0305990718
1950-02-01,0.0009,0.0008995952,0.0053,0.0052860044,0.0044,0.0043864092,0.0347,0.0341115296,0.0338,0.0332119344,0.0194,0.0192142189,0.0185,0.0183146237,-0.0054,-0.0054146327,-0.0063,-0.0063142279,0.034,0.0334347761,0.0331,0.0325351808,0.0066,0.0065783154,0.0057,0.0056787201,0.0233,0.0230326991,0.0224,0.0221331039,0.0192,0.0190180058,0.0183,0.0181184106,0.024,0.0237165266,0.0231,0.0228169314,0.0101,0.0100493359,0.0092,0.0091497406
1950-03-01,0.001,0.0009995003,-0.0057,-0.005716307,-0.0067,-0.0067158073,0.0187,0.0185273046,0.0177,0.0175278043,0.0081,0.0080673711,0.0071,0.0070678707,0.0485,0.0473605714,0.0475,0.046361071,0.0241,0.0238141781,0.0231,0.0228146778,0.046,0.0449733656,0.045,0.0439738653,-0.0018,-0.0018016219,-0.0028,-0.0028011223,-0.0292,-0.0296348051,-0.0302,-0.0306343055,0.0056,0.0055843783,0.0046,0.004584878,-0.0071,-0.0071253249,-0.0081,-0.0081248253
1950-04-01,0.0009,0.0008995952,0.0014,0.0013990209,0.0005,0.0004994257,0.1057,0.1004786186,0.1048,0.0995790233,0.0745,0.0718554371,0.0736,0.0709558419,0.0323,0.0317893225,0.0314,0.0308897272,0.0473,0.0462154238,0.0464,0.0453158286,0.0237,0.0234235149,0.0228,0.0225239197,-0.0036,-0.0036064956,-0.0045,-0.0045060908,0.0552,0.0537303224,0.0543,0.0528307272,0.0094,0.0093560949,0.0085,0.0084564997,0.0151,0.0149871298,0.0142,0.0140875346
1950-05-01,0.001,0.0009995003,0.0207,0.0204886664,0.0197,0.0194891661,0.0655,0.0634441726,0.0645,0.0624446722,0.0599,0.0581745641,0.0589,0.0571750637,0.0878,0.084157308,0.0868,0.0831578077,0.0023,0.002297359,0.0013,0.0012978587,0.0197,0.0195084664,0.0187,0.0185089661,0.0317,0.0312079271,0.0307,0.0302084268,0.0397,0.03893221,0.0387,0.0379327097,0.0183,0.0181345702,0.0173,0.0171350699,0.0136,0.01350835,0.0126,0.0125088497
1950-06-01,0.001,0.0009995003,-0.0572,-0.0589011079,-0.0582,-0.0599006083,-0.0406,-0.0414471899,-0.0416,-0.0424466902,-0.0658,-0.0680647309,-0.0668,-0.0690642312,-0.0443,-0.0453112227,-0.0453,-0.046310723,-0.0801,-0.0834903105,-0.0811,-0.0844898108,-0.0434,-0.0443699477,-0.0444,-0.0453694481,-0.0445,-0.0455205153,-0.0455,-0.0465200156,-0.042,-0.042907501,-0.043,-0.0439070013,-0.0769,-0.080017708,-0.0779,-0.0810172083,-0.0684,-0.070851741,-0.0694,-0.0718512413
1950-07-01,0.001,0.0009995003,0.0045,0.0044899053,0.0035,0.0034904049,-0.0272,-0.0275767678,-0.0282,-0.0285762681,0.0214,0.0211742352,0.0204,0.0201747349,0.0883,0.0846168457,0.0873,0.0836173454,-0.0291,-0.0295318026,-0.0301,-0.0305313029,-0.0133,-0.0133892371,-0.0143,-0.0143887375,-0.0096,-0.0096463771,-0.0106,-0.0106458774,-0.0696,-0.0721406778,-0.0706,-0.0731401781,-0.0523,-0.0537172825,-0.0533,-0.0547167828,0.075,0.0723206616,0.074,0.0713211612
1950-08-01,0.001,0.0009995003,0.0393,0.0385474096,0.0383,0.0375479093,0.0921,0.0881024482,0.0911,0.0871029479,0.0633,0.0613772797,0.0623,0.0603777793,0.0434,0.0424846116,0.0424,0.0414851113,0.0525,0.0511682866,0.0515,0.0501687862,0.0256,0.0252778072,0.0246,0.0242783069,0.0438,0.0428679002,0.0428,0.0418683999,0.0368,0.0361390466,0.0358,0.0351395463,0.0345,0.0339182182,0.0335,0.0329187179,0.0233,0.0230326991,0.0223,0.0220331988
1950-09-01,0.001,0.0009995003,0.0489,0.047741996,0.0479,0.0467424957,0.0883,0.0846168457,0.0873,0.0836173454,0.0451,0.0441125746,0.0441,0.0431130743,0.0353,0.0346912398,0.0343,0.0336917395,0.0502,0.0489806222,0.0492,0.0479811219,-0.0048,-0.004811557,-0.0058,-0.0058110573,0.0849,0.0814878168,0.0839,0.0804883165,0.0616,0.059777204,0.0606,0.0587777037,0.0453,0.0443039256,0.0443,0.0433044252,0.0652,0.063162575,0.0642,0.0621630746
1950-10-01,0.0012,0.0011992806,-0.0038,-0.0038072383,-0.005,-0.0050065189,0.0061,0.0060814703,0.0049,0.0048821897,0.0045,0.0044899053,0.0033,0.0032906247,0.0029,0.0028958031,0.0017,0.0016965225,-0.0149,-0.0150121201,-0.0161,-0.0162114007,0.0021,0.0020977981,0.0009,0.0008985175,0.0084,0.0083649163,0.0072,0.0071656358,-0.0177,-0.0178585183,-0.0189,-0.0190577989,-0.0075,-0.0075282664,-0.0087,-0.008727547,-0.0152,-0.0153167041,-0.0164,-0.0165159847
1950-11-01,0.0011,0.0010993954,0.0,0.0,-0.0011,-0.0010993954,-0.029,-0.0294288107,-0.0301,-0.0305282061,0.0593,0.0576083126,0.0582,0.0565089172,0.0534,0.0520230281,0.0523,0.0509236326,0.0263,0.0259601017,0.0252,0.0248607062,-0.0024,-0.0024028846,-0.0035,-0.0035022801,0.011,0.01093994,0.0099,0.0098405446,0.0467,0.0456423579,0.0456,0.0445429624,-0.0119,-0.0119713718,-0.013,-0.0130707672,0.0393,0.0385474096,0.0382,0.0374480142
1950-12-01,0.0011,0.0010993954,0.0284,0.0280041964,0.0273,0.026904801,0.0151,0.0149871298,0.014,0.0138877344,0.0671,0.0649446886,0.066,0.0638452932,0.0869,0.0833296076,0.0858,0.0822302121,0.0391,0.0383549539,0.038,0.0372555584,0.019,0.0188217542,0.0179,0.0177223588,0.0279,0.027517886,0.0268,0.0264184906,0.061,0.0592118596,0.0599,0.0581124642,0.0361,0.0354636643,0.035,0.0343642688,0.1112,0.1054405125,0.1101,0.104341117
1951-01-01,0.0013,0.0012991557,0.0462,0.045164552,0.0449,0.0438653962,0.0922,0.0881940107,0.0909,0.086894855,0.0613,0.0594945718,0.06,0.0581954161,0.063,0.0610950994,0.0617,0.0597959436,0.0773,0.0744579109,0.076,0.0731587552,0.0187,0.0185273046,0.0174,0.0172281489,0.0363,0.0356566772,0.035,0.0343575215,0.031,0.030529205,0.0297,0.0292300493,0.0505,0.0492662413,0.0492,0.0479670856,0.0637,0.0617533963,0.0624,0.0604542405
1951-02-01,0.001,0.0009995003,0.0095,0.0094551588,0.0085,0.0084556584,0.0279,0.027517886,0.0269,0.0265183857,0.0122,0.0121261798,0.0112,0.0111266795,0.0096,0.0095542128,0.0086,0.0085547125,0.0091,0.0090588445,0.0081,0.0080593442,0.0411,0.0402778465,0.0401,0.0392783462,0.0312,0.0307231726,0.0302,0.0297236723,0.0145,0.0143958803,0.0135,0.01339638,0.0313,0.0308201423,0.0303,0.029820642,-0.0042,-0.0042088448,-0.0052,-0.0052083451
1951-03-01,0.0011,0.0010993954,-0.0279,-0.0282965992,-0.029,-0.0293959946,0.0117,0.0116320842,0.0106,0.0105326888,-0.0305,-0.0309748043,-0.0316,-0.0320741997,-0.0237,-0.0239853628,-0.0248,-0.0250847582,-0.0091,-0.0091416579,-0.0102,-0.0102410534,-0.0109,-0.0109598402,-0.012,-0.0120592357,-0.0211,-0.0213257867,-0.0222,-0.0224251822,0.017,0.0168571171,0.0159,0.0157577216,-0.014,-0.0140989244,-0.0151,-0.0151983198,-0.0286,-0.0290169491,-0.0297,-0.0301163445
1951-04-01,0.0013,0.0012991557,0.0095,0.0094551588,0.0082,0.008156003,0.0342,0.033628181,0.0329,0.0323290252,0.0685,0.0662557958,0.0672,0.06495664,0.1081,0.102646837,0.1068,0.1013476812,0.0317,0.0312079271,0.0304,0.0299087714,0.0084,0.0083649163,0.0071,0.0070657606,0.0039,0.0038924147,0.0026,0.002593259,0.1041,0.0990305235,0.1028,0.0977313677,0.0022,0.0021975835,0.0009,0.0008984278,0.0375,0.0368139731,0.0362,0.0355148174
1951-05-01,0.0012,0.0011992806,-0.0129,-0.0129839276,-0.0141,-0.0141832081,-0.0534,-0.0548786615,-0.0546,-0.0560779421,-0.0215,-0.0217344921,-0.0227,-0.0229337727,-0.0305,-0.0309748043,-0.0317,-0.0321740849,-0.0277,-0.0280908802,-0.0289,-0.0292901607,-0.004,-0.0040080214,-0.0052,-0.005207302,-0.0133,-0.0133892371,-0.0145,-0.0145885177,0.0157,0.01557803,0.0145,0.0143787494,-0.0004,-0.00040008,-0.0016,-0.0015993606,-0.0326,-0.0331432186,-0.0338,-0.0343424992
1951-06-01,0.0012,0.0011992806,-0.036,-0.0366639844,-0.0372,-0.0378632649,-0.0684,-0.070851741,-0.0696,-0.0720510215,-0.0382,-0.0389487501,-0.0394,-0.0401480307,0.0109,0.0108410232,0.0097,0.0096417426,-0.0163,-0.0164343065,-0.0175,-0.017633587,-0.0019,-0.0019018073,-0.0031,-0.0031010879,-0.0272,-0.0275767678,-0.0284,-0.0287760483,0.0083,0.0082657444,0.0071,0.0070664638,-0.0042,-0.0042088448,-0.0054,-0.0054081253,-0.0512,-0.0525572507,-0.0524,-0.0537565313
1951-07-01,0.0013,0.0012991557,0.0313,0.0308201423,0.03,0.0295209866,0.031,0.030529205,0.0297,0.0292300493,0.0845,0.0811190513,0.0832,0.0798198956,0.1137,0.1076878054,0.1124,0.1063886497,0.0567,0.0551508445,0.0554,0.0538516887,0.028,0.027615167,0.0267,0.0263160113,0.0284,0.0280041964,0.0271,0.0267050407,0.1448,0.1352299493,0.1435,0.1339307935,0.0531,0.0517381954,0.0518,0.0504390397,0.074,0.0713899961,0.0727,0.0700908404
1951-08-01,0.0013,0.0012991557,0.035,0.0344014267,0.0337,0.033102271,0.0703,0.067938983,0.069,0.0666398273,0.0489,0.047741996,0.0476,0.0464428403,0.0577,0.0560967394,0.0564,0.0547975836,0.0593,0.0576083126,0.058,0.0563091569,0.0264,0.0260575343,0.0251,0.0247583786,0.0264,0.0260575343,0.0251,0.0247583786,-0.0143,-0.0144032303,-0.0156,-0.015702386,0.0213,0.0210763256,0.02,0.0197771699,0.0345,0.0339182182,0.0332,0.0326190625
1951-09-01,0.0012,0.0011992806,-0.0043,-0.0043092716,-0.0055,-0.0055085522,0.0266,0.0262523711,0.0254,0.0250530906,0.0022,0.0021975835,0.001,0.000998303,-0.0076,-0.0076290272,-0.0088,-0.0088283077,0.0333,0.0327575642,0.0321,0.0315582837,-0.0006,-0.0006001801,-0.0018,-0.0017994606,0.034,0.0334347761,0.0328,0.0322354955,-0.0183,-0.0184695163,-0.0195,-0.0196687969,0.0133,0.0132123315,0.0121,0.0120130509,0.0358,0.035174075,0.0346,0.0339747944
1951-10-01,0.0016,0.0015987214,-0.0312,-0.0316970867,-0.0328,-0.0332958081,-0.0204,-0.0206109539,-0.022,-0.0222096753,-0.0415,-0.0423857165,-0.0431,-0.0439844379,0.0117,0.0116320842,0.0101,0.0100333629,-0.0637,-0.065819341,-0.0653,-0.0674180624,-0.0108,-0.0108587433,-0.0124,-0.0124574647,-0.0313,-0.0318003125,-0.0329,-0.0333990339,-0.0598,-0.0616626604,-0.0614,-0.0632613818,0.007,0.0069756137,0.0054,0.0053768924,-0.0362,-0.0368714748,-0.0378,-0.0384701961
1951-11-01,0.0011,0.0010993954,-0.0006,-0.0006001801,-0.0017,-0.0016995755,0.0202,0.0199986865,0.0191,0.0188992911,0.0044,0.0043903483,0.0033,0.0032909529,-0.0077,-0.0077297981,-0.0088,-0.0088291935,0.0254,0.0250827804,0.0243,0.0239833849,0.005,0.0049875415,0.0039,0.0038881461,0.0153,0.0151841353,0.0142,0.0140847399,-0.0048,-0.004811557,-0.0059,-0.0059109524,0.0166,0.016463726,0.0155,0.0153643306,0.0212,0.0209784064,0.0201,0.0198790109
1951-12-01,0.0012,0.0011992806,0.0192,0.0190180058,0.018,0.0178187253,0.0248,0.0244974716,0.0236,0.023298191,0.0457,0.0446865176,0.0445,0.043487237,0.0472,0.0461199356,0.046,0.044920655,0.0492,0.048027969,0.048,0.0468286884,0.0087,0.0086623731,0.0075,0.0074630925,-0.0027,-0.0027036516,-0.0039,-0.0039029321,0.0515,0.0502177162,0.0503,0.0490184356,0.0328,0.0322735606,0.0316,0.03107428,0.0213,0.0210763256,0.0201,0.019877045
1952-01-01,0.0015,0.0014988761,0.0052,0.0051865267,0.0037,0.0036876506,-0.0117,-0.0117689836,-0.0132,-0.0132678597,-0.003,-0.003004509,-0.0045,-0.0045033851,0.066,0.0639133257,0.0645,0.0624144496,-0.0165,-0.0166376412,-0.018,-0.0181365173,0.0018,0.0017983819,0.0003,0.0002995058,-0.0046,-0.0046106126,-0.0061,-0.0061094887,0.0065,0.0064789661,0.005,0.00498009,0.0308,0.0303351998,0.0293,0.0288363237,0.0333,0.0327575642,0.0318,0.0312586881
1952-02-01,0.0012,0.0011992806,-0.0203,-0.0205088766,-0.0215,-0.0217081572,0.0043,0.0042907814,0.0031,0.0030915008,-0.0385,-0.039260714,-0.0397,-0.0404599945,-0.0343,-0.034902052,-0.0355,-0.0361013326,-0.0331,-0.0336602015,-0.0343,-0.0348594821,-0.0062,-0.0062192998,-0.0074,-0.0074185804,-0.0377,-0.0384290266,-0.0389,-0.0396283072,-0.0425,-0.0434295579,-0.0437,-0.0446288385,0.0069,0.0068763039,0.0057,0.0056770234,-0.0158,-0.0159261506,-0.017,-0.0171254311
1952-03-01,0.0011,0.0010993954,0.0172,0.0170537546,0.0161,0.0159543591,0.0833,0.080011938,0.0822,0.0789125425,0.0298,0.0293646086,0.0287,0.0282652132,0.0872,0.0836055839,0.0861,0.0825061884,0.0522,0.0508832103,0.0511,0.0497838149,0.0127,0.0126200314,0.0116,0.0115206359,0.0254,0.0250827804,0.0243,0.0239833849,0.0044,0.0043903483,0.0033,0.0032909529,0.0223,0.0220549908,0.0212,0.0209555953,0.0584,0.0567583338,0.0573,0.0556589384
1952-04-01,0.0012,0.0011992806,-0.0333,-0.0338670695,-0.0345,-0.0350663501,-0.03,-0.0304592075,-0.0312,-0.0316584881,-0.0662,-0.0684929964,-0.0674,-0.069692277,-0.0766,-0.0796927689,-0.0778,-0.0808920495,-0.0337,-0.034280934,-0.0349,-0.0354802146,-0.0075,-0.0075282664,-0.0087,-0.008727547,-0.0185,-0.0186732653,-0.0197,-0.0198725458,-0.055,-0.0565703515,-0.0562,-0.0577696321,-0.018,-0.0181639706,-0.0192,-0.0193632512,-0.0339,-0.0344879305,-0.0351,-0.035687211
1952-05-01,0.0013,0.0012991557,0.0214,0.0211742352,0.0201,0.0198750795,0.0401,0.0393168624,0.0388,0.0380177066,0.0428,0.0419094031,0.0415,0.0406102473,0.0352,0.0345946448,0.0339,0.033295489,0.0293,0.0288789596,0.028,0.0275798038,0.0103,0.0102473165,0.009,0.0089481607,0.0259,0.0255702761,0.0246,0.0242711204,0.0252,0.0248877155,0.0239,0.0235885598,0.0299,0.0294617101,0.0286,0.0281625544,0.0295,0.0290732475,0.0282,0.0277740918
1952-06-01,0.0015,0.0014988761,0.0287,0.0282958692,0.0272,0.026796993,0.0525,0.0511682866,0.051,0.0496694105,0.0433,0.0423887665,0.0418,0.0408898904,0.0545,0.0530667209,0.053,0.0515678448,0.059,0.0573250666,0.0575,0.0558261905,0.0207,0.0204886664,0.0192,0.0189897903,0.0301,0.0296558849,0.0286,0.0281570088,-0.0096,-0.0096463771,-0.0111,-0.0111452532,0.011,0.01093994,0.0095,0.0094410639,0.0403,0.0395091331,0.0388,0.038010257
1952-07-01,0.0015,0.0014988761,0.0058,0.0057832448,0.0043,0.0042843686,0.0253,0.0249852527,0.0238,0.0234863766,0.0222,0.0219571674,0.0207,0.0204582912,-0.0102,-0.0102523765,-0.0117,-0.0117512526,0.0142,0.0141001244,0.0127,0.0126012483,0.0025,0.0024968802,0.001,0.0009980041,0.0194,0.0192142189,0.0179,0.0177153428,-0.044,-0.0449973659,-0.0455,-0.0464962421,0.0203,0.0200967017,0.0188,0.0185978256,0.0114,0.0113355097,0.0099,0.0098366335
1952-08-01,0.0015,0.0014988761,0.0096,0.0095542128,0.0081,0.0080553367,0.0202,0.0199986865,0.0187,0.0184998104,-0.0167,-0.0168410172,-0.0182,-0.0183398933,-0.0268,-0.0271656681,-0.0283,-0.0286645442,-0.0022,-0.0022024236,-0.0037,-0.0037012997,0.0089,0.0088606284,0.0074,0.0073617523,-0.0031,-0.003104815,-0.0046,-0.0046036911,-0.0057,-0.005716307,-0.0072,-0.0072151831,0.0182,0.0180363625,0.0167,0.0165374864,-0.0014,-0.0014009809,-0.0029,-0.002899857
1952-09-01,0.0016,0.0015987214,-0.0285,-0.0289140102,-0.0301,-0.0305127315,-0.0078,-0.0078305791,-0.0094,-0.0094293005,-0.021,-0.0212236365,-0.0226,-0.0228223578,-0.043,-0.0439518875,-0.0446,-0.0455506089,0.0105,0.0104452579,0.0089,0.0088465365,-0.0035,-0.0035061393,-0.0051,-0.0051048607,-0.0077,-0.0077297981,-0.0093,-0.0093285194,-0.0412,-0.0420727764,-0.0428,-0.0436714978,0.0033,0.0032945669,0.0017,0.0016958456,-0.0137,-0.013794711,-0.0153,-0.0153934324
1952-10-01,0.0014,0.0013990209,-0.0089,-0.0089398416,-0.0103,-0.0103388625,0.012,0.0119285709,0.0106,0.01052955,-0.0155,-0.0156213809,-0.0169,-0.0170204018,0.0038,0.0037927982,0.0024,0.0023937773,-0.0106,-0.0106565802,-0.012,-0.0120556011,0.0092,0.0091579378,0.0078,0.0077589169,-0.011,-0.0110609474,-0.0124,-0.0124599683,-0.0138,-0.0138961052,-0.0152,-0.0152951261,0.0034,0.0033942331,0.002,0.0019952122,-0.0157,-0.0158245503,-0.0171,-0.0172235713
1952-11-01,0.001,0.0009995003,0.0605,0.058740495,0.0595,0.0577409947,0.0656,0.0635380208,0.0646,0.0625385205,0.0874,0.0837895257,0.0864,0.0827900254,0.0208,0.0205866336,0.0198,0.0195871333,0.0919,0.087919298,0.0909,0.0869197977,0.0407,0.0398935637,0.0397,0.0388940633,0.0457,0.0446865176,0.0447,0.0436870173,0.0724,0.0698991274,0.0714,0.068899627,0.0509,0.0496469399,0.0499,0.0486474396,0.073,0.0704584636,0.072,0.0694589633
1952-12-01,0.0016,0.0015987214,0.0143,0.0141987194,0.0127,0.012599998,0.0702,0.0678455469,0.0686,0.0662468255,0.0268,0.02644717,0.0252,0.0248484487,0.0455,0.0444952399,0.0439,0.0428965185,0.0306,0.0301411569,0.029,0.0285424355,0.0088,0.0087615057,0.0072,0.0071627843,0.013,0.0129162253,0.0114,0.0113175039,-0.0195,-0.0196926333,-0.0211,-0.0212913547,0.0201,0.0199006617,0.0185,0.0183019403,0.0374,0.0367175829,0.0358,0.0351188616
1953-01-01,0.0016,0.0015987214,0.0216,0.0213700257,0.02,0.0197713044,-0.0036,-0.0036064956,-0.0052,-0.005205217,0.0066,0.0065783154,0.005,0.004979594,-0.0299,-0.03035612,-0.0315,-0.0319548414,-0.0231,-0.0233709863,-0.0247,-0.0249697077,0.01,0.0099503309,0.0084,0.0083516095,0.0082,0.0081665627,0.0066,0.0065678413,-0.0512,-0.0525572507,-0.0528,-0.0541559721,0.0092,0.0091579378,0.0076,0.0075592164,0.0108,0.0107420965,0.0092,0.0091433752
1953-02-01,0.0014,0.0013990209,0.0178,0.0176434352,0.0164,0.0162444143,-0.0119,-0.0119713718,-0.0133,-0.0133703927,-0.0098,-0.0098483361,-0.0112,-0.011247357,0.0033,0.0032945669,0.0019,0.001895546,0.0052,0.0051865267,0.0038,0.0037875058,-0.004,-0.0040080214,-0.0054,-0.0054070423,-0.0015,-0.0015011261,-0.0029,-0.002900147,0.0207,0.0204886664,0.0193,0.0190896455,0.0051,0.005087039,0.0037,0.0036880181,-0.0022,-0.0022024236,-0.0036,-0.0036014445
1953-03-01,0.0018,0.0017983819,-0.0175,-0.0176549352,-0.0193,-0.0194533172,-0.0439,-0.0448927689,-0.0457,-0.0466911508,-0.0164,-0.0165359686,-0.0182,-0.0183343506,-0.0055,-0.0055151807,-0.0073,-0.0073135626,-0.0077,-0.0077297981,-0.0095,-0.00952818,-0.0044,-0.0044097085,-0.0062,-0.0062080904,-0.0049,-0.0049120444,-0.0067,-0.0067104263,-0.0016,-0.0016012814,-0.0034,-0.0033996633,0.0015,0.0014988761,-0.0003,-0.0002995058,-0.0145,-0.0146061524,-0.0163,-0.0164045343
1953-04-01,0.0016,0.0015987214,-0.0013,-0.0013008457,-0.0029,-0.0028995671,-0.0197,-0.0198966317,-0.0213,-0.0214953531,-0.0268,-0.0271656681,-0.0284,-0.0287643894,-0.0518,-0.0531898285,-0.0534,-0.0547885499,-0.0037,-0.0037068619,-0.0053,-0.0053055833,-0.0104,-0.0104544579,-0.012,-0.0120531793,-0.0081,-0.0081329832,-0.0097,-0.0097317046,-0.0534,-0.0548786615,-0.055,-0.0564773829,-0.0296,-0.0300469214,-0.0312,-0.0316456427,-0.0321,-0.0326265028,-0.0337,-0.0342252242
1953-05-01,0.0017,0.0016985566,0.0023,0.002297359,0.0006,0.0005988024,-0.0005,-0.000500125,-0.0022,-0.0021986817,0.0022,0.0021975835,0.0005,0.0004990269,0.0183,0.0181345702,0.0166,0.0164360136,0.0114,0.0113355097,0.0097,0.009636953,0.0037,0.0036931718,0.002,0.0019946152,0.0152,0.0150856374,0.0135,0.0133870808,-0.0005,-0.000500125,-0.0022,-0.0021986817,-0.0014,-0.0014009809,-0.0031,-0.0030995376,0.0143,0.0141987194,0.0126,0.0125001628
1953-06-01,0.0018,0.0017983819,-0.0084,-0.0084354788,-0.0102,-0.0102338608,-0.0333,-0.0338670695,-0.0351,-0.0356654515,-0.0232,-0.0234733562,-0.025,-0.0252717381,-0.0007,-0.0007002451,-0.0025,-0.0024986271,-0.02,-0.0202027073,-0.0218,-0.0220010893,0.0051,0.005087039,0.0033,0.0032886571,-0.0219,-0.0221433647,-0.0237,-0.0239417466,-0.0331,-0.0336602015,-0.0349,-0.0354585834,-0.0282,-0.028605257,-0.03,-0.030403639,-0.0205,-0.0207130416,-0.0223,-0.0225114235
1953-07-01,0.0015,0.0014988761,0.0272,0.026836654,0.0257,0.0253377778,0.0072,0.0071742037,0.0057,0.0056753276,0.026,0.0256677467,0.0245,0.0241688706,0.0393,0.0385474096,0.0378,0.0370485335,0.0231,0.0228372339,0.0216,0.0213383578,0.0094,0.0093560949,0.0079,0.0078572188,0.0197,0.0195084664,0.0182,0.0180095903,0.0366,0.0359461268,0.0351,0.0344472506,0.0341,0.0335314832,0.0326,0.0320326071,0.0143,0.0141987194,0.0128,0.0126998433
1953-08-01,0.0017,0.0016985566,-0.0352,-0.035834453,-0.0369,-0.0375330096,-0.0646,-0.0667810337,-0.0663,-0.0684795903,-0.0489,-0.0501360695,-0.0506,-0.0518346261,-0.0644,-0.0665672443,-0.0661,-0.0682658009,-0.0442,-0.0452065928,-0.0459,-0.0469051495,-0.0084,-0.0084354788,-0.0101,-0.0101340355,-0.0237,-0.0239853628,-0.0254,-0.0256839194,0.0004,0.00039992,-0.0013,-0.0012986366,-0.0036,-0.0036064956,-0.0053,-0.0053050522,-0.0681,-0.0705297662,-0.0698,-0.0722283228
1953-09-01,0.0016,0.0015987214,0.0025,0.0024968802,0.0009,0.0008981588,-0.0083,-0.0083346368,-0.0099,-0.0099333582,0.0116,0.0115332358,0.01,0.0099345144,-0.0192,-0.0193867138,-0.0208,-0.0209854352,0.0337,0.0331445986,0.0321,0.0315458772,0.0178,0.0176434352,0.0162,0.0160447138,0.001,0.0009995003,-0.0006,-0.000599221,0.0043,0.0042907814,0.0027,0.0026920601,0.0164,0.0162669725,0.0148,0.0146682511,-0.01,-0.0100503359,-0.0116,-0.0116490572
1953-10-01,0.0013,0.0012991557,0.0069,0.0068763039,0.0056,0.0055771482,0.077,0.0741793982,0.0757,0.0728802424,0.0601,0.0583632433,0.0588,0.0570640876,0.0564,0.0548669014,0.0551,0.0535677457,0.0725,0.0699923718,0.0712,0.0686932161,0.0139,0.013804281,0.0126,0.0125051252,0.0087,0.0086623731,0.0074,0.0073632173,0.0265,0.0261549575,0.0252,0.0248558017,0.0447,0.0437297629,0.0434,0.0424306071,0.037,0.0363319292,0.0357,0.0350327735
1953-11-01,0.0008,0.0007996802,0.0034,0.0033942331,0.0026,0.0025945529,0.0049,0.0048880341,0.0041,0.0040883539,0.0418,0.0409499863,0.041,0.0401503062,0.02,0.0198026273,0.0192,0.0190029471,0.0507,0.0494566087,0.0499,0.0486569285,0.0227,0.0224461888,0.0219,0.0216465087,0.0334,0.0328543369,0.0326,0.0320546567,0.0803,0.0772387803,0.0795,0.0764391002,0.03,0.0295588022,0.0292,0.0287591221,0.0278,0.0274205956,0.027,0.0266209154
1953-12-01,0.0013,0.0012991557,-0.0062,-0.0062192998,-0.0075,-0.0075184555,-0.0121,-0.0121738009,-0.0134,-0.0134729567,0.0062,0.0061808591,0.0049,0.0048817033,0.0044,0.0043903483,0.0031,0.0030911926,0.0069,0.0068763039,0.0056,0.0055771482,0.0053,0.0052860044,0.004,0.0039868487,0.0124,0.0123237497,0.0111,0.011024594,-0.0135,-0.0135919535,-0.0148,-0.0148911093,0.0069,0.0068763039,0.0056,0.0055771482,-0.0231,-0.0233709863,-0.0244,-0.0246701421
1954-01-01,0.0011,0.0010993954,0.0418,0.0409499863,0.0407,0.0398505909,0.0528,0.0514532816,0.0517,0.0503538861,0.0451,0.0441125746,0.044,0.0430131792,0.0864,0.0828694778,0.0853,0.0817700824,0.0685,0.0662557958,0.0674,0.0651564003,0.0189,0.018723614,0.0178,0.0176242186,0.0332,0.0326607822,0.0321,0.0315613868,0.0565,0.0549615581,0.0554,0.0538621626,0.0332,0.0326607822,0.0321,0.0315613868,0.0665,0.0643822589,0.0654,0.0632828635
1954-02-01,0.0007,0.0006997551,-0.0031,-0.003104815,-0.0038,-0.0038045701,0.0172,0.0170537546,0.0165,0.0163539995,0.0097,0.009653257,0.009,0.0089535019,0.0282,0.0278097006,0.0275,0.0271099455,0.0501,0.0488853977,0.0494,0.0481856426,0.0258,0.025472796,0.0251,0.0247730409,0.0044,0.0043903483,0.0037,0.0036905932,-0.0018,-0.0018016219,-0.0025,-0.0025013771,0.0159,0.0157749191,0.0152,0.015075164,0.0154,0.0152826235,0.0147,0.0145828684
1954-03-01,0.0008,0.0007996802,0.0137,0.0136070034,0.0129,0.0128073232,0.0351,0.0344980404,0.0343,0.0336983602,0.0486,0.0474559412,0.0478,0.046656261,0.0428,0.0419094031,0.042,0.0411097229,0.0887,0.0849843239,0.0879,0.0841846437,0.0172,0.0170537546,0.0164,0.0162540744,0.0037,0.0036931718,0.0029,0.0028934917,0.0029,0.0028958031,0.0021,0.0020961229,0.0296,0.0291703773,0.0288,0.0283706971,0.018,0.0178399181,0.0172,0.017040238
1954-04-01,0.0009,0.0008995952,0.0098,0.0097522914,0.0089,0.0088526962,0.0409,0.0400857235,0.04,0.0391861283,0.0572,0.0556239037,0.0563,0.0547243085,0.0615,0.0596830022,0.0606,0.0587834069,0.0908,0.086911372,0.0899,0.0860117767,0.0196,0.0194103935,0.0187,0.0185107983,0.0153,0.0151841353,0.0144,0.0142845401,0.012,0.0119285709,0.0111,0.0110289756,0.0125,0.01242252,0.0116,0.0115229248,0.0287,0.0282958692,0.0278,0.0273962739
1954-05-01,0.0005,0.000499875,0.0239,0.0236188656,0.0234,0.0231189906,0.0447,0.0437297629,0.0442,0.0432298878,0.0449,0.0439211871,0.0444,0.043421312,0.0299,0.0294617101,0.0294,0.0289618351,-0.0042,-0.0042088448,-0.0047,-0.0047087198,0.0123,0.0122249696,0.0118,0.0117250946,0.0285,0.0281014301,0.028,0.0276015551,0.0161,0.0159717695,0.0156,0.0154718945,0.0264,0.0260575343,0.0259,0.0255576593,0.044,0.0430594895,0.0435,0.0425596144
1954-06-01,0.0006,0.0005998201,0.0058,0.0057832448,0.0052,0.0051834247,0.0119,0.0118297518,0.0113,0.0112299317,0.0361,0.0354636643,0.0355,0.0348638442,-0.0587,-0.0604933804,-0.0593,-0.0610932005,0.0973,0.092852617,0.0967,0.0922527969,0.0055,0.0054849302,0.0049,0.0048851102,0.025,0.0246926126,0.0244,0.0240927925,-0.0245,-0.0248051189,-0.0251,-0.025404939,0.0129,0.0128175037,0.0123,0.0122176836,0.015,0.0148886125,0.0144,0.0142887924
1954-07-01,0.0005,0.000499875,0.0639,0.0619414015,0.0634,0.0614415265,0.0984,0.0938545755,0.0979,0.0933547004,0.0521,0.0507881668,0.0516,0.0502882918,0.0418,0.0409499863,0.0413,0.0404501113,-0.005,-0.0050125418,-0.0055,-0.0055124169,0.0436,0.0426762743,0.0431,0.0421763992,0.0422,0.0413338635,0.0417,0.0408339885,0.0822,0.0789960062,0.0817,0.0784961312,0.0542,0.0527821854,0.0537,0.0522823104,0.0682,0.0659749889,0.0677,0.0654751139
1954-08-01,0.0005,0.000499875,-0.0271,-0.027473977,-0.0276,-0.027973852,-0.0337,-0.034280934,-0.0342,-0.034780809,-0.0379,-0.0386368836,-0.0384,-0.0391367587,0.0056,0.0055843783,0.0051,0.0050845033,-0.0468,-0.0479305338,-0.0473,-0.0484304088,-0.0142,-0.0143017847,-0.0147,-0.0148016598,-0.0023,-0.0023026491,-0.0028,-0.0028025241,-0.0258,-0.0261386576,-0.0263,-0.0266385327,-0.0173,-0.0174513936,-0.0178,-0.0179512687,-0.0227,-0.0229616116,-0.0232,-0.0234614867
1954-09-01,0.0009,0.0008995952,0.0388,0.0380662008,0.0379,0.0371666056,0.1447,0.1351425939,0.1438,0.1342429987,0.066,0.0639133257,0.0651,0.0630137305,0.1001,0.0954010848,0.0992,0.0945014895,0.0643,0.0623173061,0.0634,0.0614177108,0.025,0.0246926126,0.0241,0.0237930173,0.0484,0.0472651925,0.0475,0.0463655972,0.0281,0.0277124386,0.0272,0.0268128433,0.0201,0.0199006617,0.0192,0.0190010665,0.043,0.042101176,0.0421,0.0412015808
1954-10-01,0.0007,0.0006997551,-0.0222,-0.0224501288,-0.0229,-0.023149884,-0.0076,-0.0076290272,-0.0083,-0.0083287823,-0.0111,-0.0111620647,-0.0118,-0.0118618198,-0.0199,-0.0201006717,-0.0206,-0.0208004268,-0.0197,-0.0198966317,-0.0204,-0.0205963868,-0.0085,-0.008536331,-0.0092,-0.0092360861,-0.0253,-0.0256255476,-0.026,-0.0263253028,-0.0163,-0.0164343065,-0.017,-0.0171340616,-0.0381,-0.0388447838,-0.0388,-0.0395445389,0.0059,0.0058826632,0.0052,0.005182908
1954-11-01,0.0006,0.0005998201,0.0609,0.0591176045,0.0603,0.0585177844,0.0447,0.0437297629,0.0441,0.0431299428,0.1374,0.1287449559,0.1368,0.1281451358,0.0809,0.0777940274,0.0803,0.0771942074,0.1321,0.1240743151,0.1315,0.123474495,0.0343,0.0337248694,0.0337,0.0331250493,0.0841,0.0807501497,0.0835,0.0801503296,0.1261,0.1187603357,0.1255,0.1181605156,0.0568,0.0552454742,0.0562,0.0546456542,0.1118,0.1059803235,0.1112,0.1053805035
1954-12-01,0.0008,0.0007996802,0.0435,0.0425804475,0.0427,0.0417807674,0.0726,0.0700856076,0.0718,0.0692859274,0.0655,0.0634441726,0.0647,0.0626444924,0.0648,0.0627869881,0.064,0.0619873079,0.0308,0.0303351998,0.03,0.0295355196,0.0158,0.0156764794,0.015,0.0148767992,0.0227,0.0224461888,0.0219,0.0216465087,0.0615,0.0596830022,0.0607,0.058883322,0.0354,0.0347878255,0.0346,0.0339881453,0.0937,0.0895664434,0.0929,0.0887667632
1955-01-01,0.0008,0.0007996802,0.0028,0.0027960873,0.002,0.0019964071,0.0054,0.0053854723,0.0046,0.0045857921,-0.0011,-0.0011006054,-0.0019,-0.0019002856,0.0041,0.0040916179,0.0033,0.0032919377,0.0349,0.0343048037,0.0341,0.0335051235,0.008,0.0079681696,0.0072,0.0071684895,0.0174,0.0172503534,0.0166,0.0164506732,-0.0288,-0.0292228587,-0.0296,-0.0300225388,0.0146,0.0144944462,0.0138,0.013694766,0.0089,0.0088606284,0.0081,0.0080609483
1955-02-01,0.0009,0.0008995952,0.0154,0.0152826235,0.0145,0.0143830283,-0.0106,-0.0106565802,-0.0115,-0.0115561754,0.0418,0.0409499863,0.0409,0.0400503911,0.0243,0.0240094525,0.0234,0.0231098572,0.0442,0.043251042,0.0433,0.0423514468,0.0399,0.0391245547,0.039,0.0382249594,0.013,0.0129162253,0.0121,0.01201663,0.0286,0.0281986544,0.0277,0.0272990591,0.0364,0.0357531697,0.0355,0.0348535745,0.0378,0.037103088,0.0369,0.0362034927
1955-03-01,0.001,0.0009995003,-0.0085,-0.008536331,-0.0095,-0.0095358314,0.0005,0.000499875,-0.0005,-0.0004996253,0.0036,0.0035935355,0.0026,0.0025940352,-0.0024,-0.0024028846,-0.0034,-0.0034023849,-0.0109,-0.0109598402,-0.0119,-0.0119593406,-0.0019,-0.0019018073,-0.0029,-0.0029013076,-0.014,-0.0140989244,-0.015,-0.0150984247,0.0611,0.0593061059,0.0601,0.0583066056,-0.0074,-0.0074275158,-0.0084,-0.0084270162,0.0094,0.0093560949,0.0084,0.0083565946
1955-04-01,0.001,0.0009995003,0.0408,0.0399896482,0.0398,0.0389901479,0.0567,0.0551508445,0.0557,0.0541513441,0.0434,0.0424846116,0.0424,0.0414851113,0.0056,0.0055843783,0.0046,0.004584878,0.0537,0.0523077796,0.0527,0.0513082793,0.0197,0.0195084664,0.0187,0.0185089661,0.0183,0.0181345702,0.0173,0.0171350699,0.0001,9.9995e-05,-0.0009,-0.0008995053,0.0256,0.0252778072,0.0246,0.0242783069,0.0342,0.033628181,0.0332,0.0326286806
1955-05-01,0.0014,0.0013990209,-0.0029,-0.0029042131,-0.0043,-0.0043032341,-0.0112,-0.0112631923,-0.0126,-0.0126622132,0.0301,0.0296558849,0.0287,0.028256864,-0.006,-0.0060180723,-0.0074,-0.0074170932,0.0007,0.0006997551,-0.0007,-0.0006992658,0.0129,0.0128175037,0.0115,0.0114184828,0.0302,0.0297529581,0.0288,0.0283539372,0.0317,0.0312079271,0.0303,0.0298089062,-0.0015,-0.0015011261,-0.0029,-0.002900147,0.0164,0.0162669725,0.015,0.0148679516
1955-06-01,0.001,0.0009995003,0.025,0.0246926126,0.024,0.0236931123,0.1009,0.0961280271,0.0999,0.0951285268,0.0959,0.0915759435,0.0949,0.0905764432,0.112,0.1061601958,0.111,0.1051606955,0.0272,0.026836654,0.0262,0.0258371536,0.0069,0.0068763039,0.0059,0.0058768036,0.0443,0.0433468045,0.0433,0.0423473042,0.0017,0.0016985566,0.0007,0.0006990563,0.0167,0.0165620883,0.0157,0.015562588,0.0237,0.0234235149,0.0227,0.0224240146
1955-07-01,0.001,0.0009995003,0.0206,0.0203906896,0.0196,0.0193911893,0.196,0.1789826555,0.195,0.1779831552,-0.0117,-0.0117689836,-0.0127,-0.0127684839,0.0276,0.0272259863,0.0266,0.0262264859,-0.0274,-0.027782381,-0.0284,-0.0287818813,0.0261,0.0257652079,0.0251,0.0247657076,0.0203,0.0200967017,0.0193,0.0190972014,0.0013,0.0012991557,0.0003,0.0002996554,0.0368,0.0361390466,0.0358,0.0351395463,-0.0142,-0.0143017847,-0.0152,-0.015301285
1955-08-01,0.0016,0.0015987214,-0.0067,-0.0067225458,-0.0083,-0.0083212671,-0.0431,-0.0440563862,-0.0447,-0.0456551076,0.0305,0.0300441213,0.0289,0.0284454,-0.0108,-0.0108587433,-0.0124,-0.0124574647,0.0086,0.0085632307,0.007,0.0069645093,-0.0244,-0.0247026126,-0.026,-0.026301334,0.0163,0.0161685812,0.0147,0.0145698598,0.0016,0.0015987214,0.0,0.0,0.0005,0.000499875,-0.0011,-0.0010988463,0.0058,0.0057832448,0.0042,0.0041845234
1955-09-01,0.0016,0.0015987214,-0.016,-0.0161293819,-0.0176,-0.0177281033,0.0921,0.0881024482,0.0905,0.0865037269,-0.0076,-0.0076290272,-0.0092,-0.0092277485,-0.0038,-0.0038072383,-0.0054,-0.0054059597,-0.0422,-0.0431162911,-0.0438,-0.0447150124,0.0109,0.0108410232,0.0093,0.0092423018,0.0342,0.033628181,0.0326,0.0320294596,-0.0318,-0.0323166015,-0.0334,-0.0339153228,-0.0268,-0.0271656681,-0.0284,-0.0287643894,-0.0271,-0.027473977,-0.0287,-0.0290726984
1955-10-01,0.0018,0.0017983819,-0.0083,-0.0083346368,-0.0101,-0.0101330187,-0.0494,-0.0506619148,-0.0512,-0.0524602967,-0.0305,-0.0309748043,-0.0323,-0.0327731862,-0.0098,-0.0098483361,-0.0116,-0.011646718,-0.052,-0.0534007767,-0.0538,-0.0551991587,-0.0115,-0.0115666364,-0.0133,-0.0133650183,-0.0251,-0.0254203773,-0.0269,-0.0272187593,0.0082,0.0081665627,0.0064,0.0063681807,-0.0094,-0.0094444588,-0.0112,-0.0112428408,-0.0263,-0.026652031,-0.0281,-0.0284504129
1955-11-01,0.0017,0.0016985566,0.0351,0.0344980404,0.0334,0.0327994838,0.0908,0.086911372,0.0891,0.0852128154,0.0802,0.0771462092,0.0785,0.0754476525,0.0862,0.0826853666,0.0845,0.08098681,0.1013,0.0964913002,0.0996,0.0947927436,0.0163,0.0161685812,0.0146,0.0144700245,0.0601,0.0583632433,0.0584,0.0566646867,0.0629,0.0610010216,0.0612,0.0593024649,0.034,0.0334347761,0.0323,0.0317362195,0.0836,0.0802888312,0.0819,0.0785902746
1955-12-01,0.0018,0.0017983819,0.0119,0.0118297518,0.0101,0.0100313698,-0.0407,-0.0415514272,-0.0425,-0.0433498091,0.0289,0.0284902704,0.0271,0.0266918885,0.037,0.0363319292,0.0352,0.0345335473,0.0488,0.0476466535,0.047,0.0458482715,0.0087,0.0086623731,0.0069,0.0068639911,-0.0077,-0.0077297981,-0.0095,-0.00952818,0.0623,0.0604363688,0.0605,0.0586379869,-0.0012,-0.0012007206,-0.003,-0.0029991025,-0.0067,-0.0067225458,-0.0085,-0.0085209277
1956-01-01,0.0022,0.0021975835,-0.0152,-0.0153167041,-0.0174,-0.0175142877,-0.0672,-0.0695644634,-0.0694,-0.0717620469,-0.0457,-0.0467771916,-0.0479,-0.0489747751,0.0054,0.0053854723,0.0032,0.0031878887,-0.0521,-0.0535062675,-0.0543,-0.0557038511,0.0187,0.0185273046,0.0165,0.0163297211,-0.0441,-0.0451019739,-0.0463,-0.0472995575,-0.065,-0.0672087497,-0.0672,-0.0694063332,-0.0034,-0.0034057931,-0.0056,-0.0056033767,-0.0276,-0.0279880365,-0.0298,-0.0301856201
1956-02-01,0.0019,0.0018981973,0.0109,0.0108410232,0.009,0.0089428259,0.0565,0.0549615581,0.0546,0.0530633608,0.0489,0.047741996,0.047,0.0458437987,0.0428,0.0419094031,0.0409,0.0400112058,0.0628,0.0609069349,0.0609,0.0590087376,0.0016,0.0015987214,-0.0003,-0.0002994759,0.0282,0.0278097006,0.0263,0.0259115034,0.0829,0.0796426277,0.081,0.0777444304,0.0194,0.0192142189,0.0175,0.0173160216,0.0338,0.0332413338,0.0319,0.0313431365
1956-03-01,0.0015,0.0014988761,0.0175,0.0173486383,0.016,0.0158497622,0.0374,0.0367175829,0.0359,0.0352187068,0.0772,0.074365082,0.0757,0.0728662058,0.1144,0.1083161435,0.1129,0.1068172674,0.1048,0.0996643231,0.1033,0.098165447,0.0143,0.0141987194,0.0128,0.0126998433,0.0043,0.0042907814,0.0028,0.0027919053,0.0726,0.0700856076,0.0711,0.0685867314,0.0377,0.0370067256,0.0362,0.0355078495,0.0571,0.0555293098,0.0556,0.0540304337
1956-04-01,0.0019,0.0018981973,0.0086,0.0085632307,0.0067,0.0066650334,-0.0514,-0.0527680655,-0.0533,-0.0546662628,0.0102,0.0101483311,0.0083,0.0082501338,0.0362,0.0355601754,0.0343,0.0336619781,0.0009,0.0008995952,-0.001,-0.000998602,-0.0088,-0.0088389487,-0.0107,-0.010737146,-0.0182,-0.0183676574,-0.0201,-0.0202658546,0.0277,0.0273232956,0.0258,0.0254250984,-0.0218,-0.0220411309,-0.0237,-0.0239393282,0.0089,0.0088606284,0.007,0.0069624311
1956-05-01,0.0023,0.002297359,-0.0325,-0.0330398541,-0.0348,-0.0353372131,-0.0448,-0.0458345363,-0.0471,-0.0481318954,-0.0618,-0.0637921331,-0.0641,-0.0660894921,-0.0641,-0.0662466458,-0.0664,-0.0685440049,-0.0528,-0.0542450149,-0.0551,-0.0565423739,-0.0106,-0.0106565802,-0.0129,-0.0129539392,-0.0456,-0.0466724082,-0.0479,-0.0489697672,-0.0124,-0.0124775215,-0.0147,-0.0147748806,-0.0073,-0.0073267754,-0.0096,-0.0096241344,-0.0541,-0.0556184238,-0.0564,-0.0579157828
1956-06-01,0.002,0.0019980027,0.0065,0.0064789661,0.0045,0.0044809634,0.0702,0.0678455469,0.0682,0.0658475442,0.0461,0.0450689634,0.0441,0.0430709607,0.0273,0.0269340012,0.0253,0.0249359986,0.0713,0.0688728643,0.0693,0.0668748616,0.0128,0.0127187724,0.0108,0.0107207697,0.0221,0.0218593344,0.0201,0.0198613317,0.036,0.0353671438,0.034,0.0333691412,0.0236,0.0233258253,0.0216,0.0213278226,0.0155,0.015381102,0.0135,0.0133830994
1956-07-01,0.0022,0.0021975835,0.0199,0.0197045833,0.0177,0.0175069997,0.0436,0.0426762743,0.0414,0.0404786907,0.0606,0.0588347857,0.0584,0.0566372022,0.0603,0.0585518869,0.0581,0.0563543034,0.0528,0.0514532816,0.0506,0.049255698,0.0265,0.0261549575,0.0243,0.0239573739,0.0457,0.0446865176,0.0435,0.0424889341,0.031,0.030529205,0.0288,0.0283316215,0.0524,0.0510732702,0.0502,0.0488756866,0.0242,0.02391182,0.022,0.0217142365
1956-08-01,0.0017,0.0016985566,-0.0138,-0.0138961052,-0.0155,-0.0155946618,0.0081,0.0080673711,0.0064,0.0063688144,-0.0302,-0.0306654143,-0.0319,-0.0323639709,-0.053,-0.0544561858,-0.0547,-0.0561547424,-0.0356,-0.0362491327,-0.0373,-0.0379476893,-0.0139,-0.0139975096,-0.0156,-0.0156960663,-0.0262,-0.0265493352,-0.0279,-0.0282478919,-0.0308,-0.03128429,-0.0325,-0.0329828467,-0.0249,-0.0252152491,-0.0266,-0.0269138058,-0.0355,-0.0361454466,-0.0372,-0.0378440033
1956-09-01,0.0018,0.0017983819,-0.0326,-0.0331432186,-0.0344,-0.0349416005,-0.0121,-0.0121738009,-0.0139,-0.0139721829,-0.0608,-0.0627268299,-0.0626,-0.0645252118,-0.0581,-0.0598561672,-0.0599,-0.0616545491,-0.0687,-0.0711738195,-0.0705,-0.0729722014,-0.0282,-0.028605257,-0.03,-0.030403639,-0.0441,-0.0451019739,-0.0459,-0.0469003559,-0.037,-0.0377018672,-0.0388,-0.0395002491,-0.0387,-0.0394687439,-0.0405,-0.0412671259,-0.0441,-0.0451019739,-0.0459,-0.0469003559
1956-10-01,0.0025,0.0024968802,0.004,0.0039920213,0.0015,0.0014951411,-0.0101,-0.0101513511,-0.0126,-0.0126482313,0.0109,0.0108410232,0.0084,0.008344143,0.0053,0.0052860044,0.0028,0.0027891242,0.0325,0.0319830459,0.03,0.0294861657,-0.014,-0.0140989244,-0.0165,-0.0165958046,0.0133,0.0132123315,0.0108,0.0107154513,0.0058,0.0057832448,0.0033,0.0032863646,0.0113,0.0112366319,0.0088,0.0087397517,0.011,0.01093994,0.0085,0.0084430598
1956-11-01,0.002,0.0019980027,-0.0044,-0.0044097085,-0.0064,-0.0064077112,-0.0349,-0.0355235561,-0.0369,-0.0375215587,-0.0077,-0.0077297981,-0.0097,-0.0097278007,0.0529,0.0515482619,0.0509,0.0495502592,0.0069,0.0068763039,0.0049,0.0048783013,0.0153,0.0151841353,0.0133,0.0131861327,-0.0215,-0.0217344921,-0.0235,-0.0237324948,-0.0136,-0.0136933271,-0.0156,-0.0156913298,0.0041,0.0040916179,0.0021,0.0020936152,0.0021,0.0020977981,0.0001,9.97954e-05
1956-12-01,0.0024,0.0023971246,0.0125,0.01242252,0.0101,0.0100253954,0.0104,0.0103462921,0.008,0.0079491675,0.0486,0.0474559412,0.0462,0.0450588166,0.0411,0.0402778465,0.0387,0.0378807219,0.0443,0.0433468045,0.0419,0.0409496799,0.0258,0.025472796,0.0234,0.0230756714,-0.0043,-0.0043092716,-0.0067,-0.0067063962,0.0607,0.0589290675,0.0583,0.0565319429,0.0182,0.0180363625,0.0158,0.0156392379,0.0199,0.0197045833,0.0175,0.0173074587
1957-01-01,0.0027,0.0026963615,0.0177,0.0175451792,0.015,0.0148488177,-0.0622,-0.0642185723,-0.0649,-0.0669149339,-0.0587,-0.0604933804,-0.0614,-0.063189742,-0.0412,-0.0420727764,-0.0439,-0.044769138,-0.0564,-0.0580529314,-0.0591,-0.060749293,0.029,0.0285874569,0.0263,0.0258910953,-0.0125,-0.0125787822,-0.0152,-0.0152751438,-0.0227,-0.0229616116,-0.0254,-0.0256579732,0.0263,0.0259601017,0.0236,0.0232637401,-0.0054,-0.0054146327,-0.0081,-0.0081109942
1957-02-01,0.0024,0.0023971246,-0.014,-0.0140989244,-0.0164,-0.016496049,-0.0188,-0.0189789666,-0.0212,-0.0213760912,-0.0275,-0.0278852035,-0.0299,-0.0302823281,-0.0227,-0.0229616116,-0.0251,-0.0253587362,-0.0065,-0.006521217,-0.0089,-0.0089183416,0.0033,0.0032945669,0.0009,0.0008974423,-0.0093,-0.009343515,-0.0117,-0.0117406396,-0.0035,-0.0035061393,-0.0059,-0.0059032639,-0.003,-0.003004509,-0.0054,-0.0054016336,-0.0256,-0.025933382,-0.028,-0.0283305066
1957-03-01,0.0023,0.002297359,0.0158,0.0156764794,0.0135,0.0133791203,0.0054,0.0053854723,0.0031,0.0030881132,0.0203,0.0200967017,0.018,0.0177993427,0.0317,0.0312079271,0.0294,0.0289105681,0.0478,0.046692728,0.0455,0.0443953689,0.0152,0.0150856374,0.0129,0.0127882784,0.02,0.0198026273,0.0177,0.0175052682,0.0823,0.0790884063,0.08,0.0767910473,0.0169,0.0167587838,0.0146,0.0144614248,0.0231,0.0228372339,0.0208,0.0205398749
1957-04-01,0.0025,0.0024968802,0.0139,0.013804281,0.0114,0.0113074008,0.0795,0.076497971,0.077,0.0740010908,0.037,0.0363319292,0.0345,0.033835049,0.0694,0.0670977435,0.0669,0.0646008633,0.0839,0.0805656478,0.0814,0.0780687676,0.0044,0.0043903483,0.0019,0.0018934681,0.0018,0.0017983819,-0.0007,-0.0006984983,0.0543,0.0528770396,0.0518,0.0503801594,0.0316,0.031110995,0.0291,0.0286141148,0.0316,0.031110995,0.0291,0.0286141148
1957-05-01,0.0026,0.0025966258,0.0139,0.013804281,0.0113,0.0112076551,0.0103,0.0102473165,0.0077,0.0076506906,0.0317,0.0312079271,0.0291,0.0286113013,0.0765,0.0737150378,0.0739,0.071118412,0.0579,0.056285811,0.0553,0.0536891852,0.0104,0.0103462921,0.0078,0.0077496662,0.0256,0.0252778072,0.023,0.0226811813,0.048,0.0468835859,0.0454,0.0442869601,0.0225,0.0222506089,0.0199,0.0196539831,0.0136,0.01350835,0.011,0.0109117242
1957-06-01,0.0024,0.0023971246,-0.0065,-0.006521217,-0.0089,-0.0089183416,0.0007,0.0006997551,-0.0017,-0.0016973695,0.0034,0.0033942331,0.001,0.0009971085,-0.0175,-0.0176549352,-0.0199,-0.0200520598,0.0525,0.0511682866,0.0501,0.048771162,-0.0211,-0.0213257867,-0.0235,-0.0237229113,-0.0191,-0.0192847614,-0.0215,-0.021681886,0.0648,0.0627869881,0.0624,0.0603898635,-0.0512,-0.0525572507,-0.0536,-0.0549543753,-0.011,-0.0110609474,-0.0134,-0.013458072
1957-07-01,0.003,0.002995509,0.0092,0.0091579378,0.0062,0.0061624288,0.0364,0.0357531697,0.0334,0.0327576607,0.0045,0.0044899053,0.0015,0.0014943963,0.01,0.0099503309,0.007,0.0069548219,0.0107,0.0106431601,0.0077,0.0076476511,-0.0024,-0.0024028846,-0.0054,-0.0053983936,0.0289,0.0284902704,0.0259,0.0254947614,0.026,0.0256677467,0.023,0.0226722378,0.0001,9.9995e-05,-0.0029,-0.002895514,0.0113,0.0112366319,0.0083,0.0082411229
1957-08-01,0.0025,0.0024968802,-0.02,-0.0202027073,-0.0225,-0.0226995875,-0.0311,-0.0315938716,-0.0336,-0.0340907518,-0.0623,-0.0643252106,-0.0648,-0.0668220908,-0.0575,-0.0592193597,-0.06,-0.0617162399,-0.0705,-0.0731084718,-0.073,-0.075605352,-0.0012,-0.0012007206,-0.0037,-0.0036976008,-0.0271,-0.027473977,-0.0296,-0.0299708572,-0.0297,-0.030149977,-0.0322,-0.0326468571,-0.0258,-0.0261386576,-0.0283,-0.0286355378,-0.0547,-0.0562529416,-0.0572,-0.0587498217
1957-09-01,0.0026,0.0025966258,-0.0116,-0.0116678049,-0.0142,-0.0142644307,-0.071,-0.0736465402,-0.0736,-0.076243166,-0.0689,-0.0713885961,-0.0715,-0.0739852219,-0.0798,-0.0831642413,-0.0824,-0.0857608671,-0.0638,-0.0659261501,-0.0664,-0.068522776,-0.0225,-0.0227569871,-0.0251,-0.025353613,0.0041,0.0040916179,0.0015,0.0014949921,-0.0304,-0.0308716637,-0.033,-0.0334682895,-0.0174,-0.0175531592,-0.02,-0.0201497851,-0.0667,-0.0690285864,-0.0693,-0.0716252123
1957-10-01,0.0029,0.0028958031,-0.0212,-0.0214279474,-0.0241,-0.0243237505,-0.0395,-0.0403012968,-0.0424,-0.0431970999,-0.0473,-0.0484552203,-0.0502,-0.0513510234,-0.0577,-0.0594315838,-0.0606,-0.0623273869,-0.0178,-0.0179603254,-0.0207,-0.0208561285,-0.021,-0.0212236365,-0.0239,-0.0241194396,-0.0393,-0.0400930936,-0.0422,-0.0429888967,-0.0068,-0.0068232253,-0.0097,-0.0097190285,-0.007,-0.0070246149,-0.0099,-0.009920418,-0.0687,-0.0711738195,-0.0716,-0.0740696226
1957-11-01,0.0028,0.0027960873,0.0337,0.0331445986,0.0309,0.0303485113,-0.0528,-0.0542450149,-0.0556,-0.0570411022,0.0337,0.0331445986,0.0309,0.0303485113,0.0243,0.0240094525,0.0215,0.0212133652,0.0648,0.0627869881,0.062,0.0599909008,0.0149,0.0147900855,0.0121,0.0119939982,0.0174,0.0172503534,0.0146,0.0144542661,0.0863,0.0827774265,0.0835,0.0799813392,0.044,0.0430594895,0.0412,0.0402634022,0.0041,0.0040916179,0.0013,0.0012955306
1957-12-01,0.0024,0.0023971246,0.0043,0.0042907814,0.0019,0.0018936568,-0.0789,-0.082186671,-0.0813,-0.0845837956,-0.046,-0.0470916075,-0.0484,-0.0494887321,-0.0699,-0.0724631717,-0.0723,-0.0748602963,-0.0322,-0.0327298246,-0.0346,-0.0351269492,0.0126,0.0125212806,0.0102,0.010124156,-0.0172,-0.0173496383,-0.0196,-0.0197467629,-0.0048,-0.004811557,-0.0072,-0.0072086816,0.0256,0.0252778072,0.0232,0.0228806826,-0.0443,-0.0453112227,-0.0467,-0.0477083473
1958-01-01,0.0028,0.0027960873,0.0746,0.0719484993,0.0718,0.069152412,0.0496,0.0484091392,0.0468,0.0456130519,0.0539,0.052497569,0.0511,0.0497014817,0.0159,0.0157749191,0.0131,0.0129788318,0.0403,0.0395091331,0.0375,0.0367130458,0.0426,0.0417175934,0.0398,0.038921506,0.0749,0.072227634,0.0721,0.0694315467,-0.0041,-0.004108428,-0.0069,-0.0069045153,0.0606,0.0588347857,0.0578,0.0560386984,0.1103,0.1046302491,0.1075,0.1018341618
1958-02-01,0.0012,0.0011992806,0.0204,0.0201947073,0.0192,0.0189954267,-0.0146,-0.0147076289,-0.0158,-0.0159069094,-0.0203,-0.0205088766,-0.0215,-0.0217081572,-0.0463,-0.0474061224,-0.0475,-0.048605403,-0.0164,-0.0165359686,-0.0176,-0.0177352492,0.0066,0.0065783154,0.0054,0.0053790348,0.0141,0.0140015196,0.0129,0.0128022391,0.0495,0.0483138603,0.0483,0.0471145797,0.0129,0.0128175037,0.0117,0.0116182231,-0.0178,-0.0179603254,-0.019,-0.019159606
1958-03-01,0.0009,0.0008995952,0.042,0.0411419433,0.0411,0.0402423481,0.0295,0.0290732475,0.0286,0.0281736522,0.0157,0.01557803,0.0148,0.0146784347,0.0792,0.0762200259,0.0783,0.0753204307,0.0261,0.0257652079,0.0252,0.0248656126,0.0117,0.0116320842,0.0108,0.010732489,0.0408,0.0399896482,0.0399,0.039090053,0.0817,0.0785338777,0.0808,0.0776342824,0.0207,0.0204886664,0.0198,0.0195890712,0.0251,0.0247901688,0.0242,0.0238905736
1958-04-01,0.0008,0.0007996802,0.0354,0.0347878255,0.0346,0.0339881453,0.0496,0.0484091392,0.0488,0.047609459,0.0144,0.0142973047,0.0136,0.0134976245,0.0514,0.0501226094,0.0506,0.0493229292,-0.0012,-0.0012007206,-0.002,-0.0020004007,0.027,0.0266419309,0.0262,0.0258422508,0.03,0.0295588022,0.0292,0.0287591221,0.0656,0.0635380208,0.0648,0.0627383406,0.0495,0.0483138603,0.0487,0.0475141801,0.0452,0.0442082547,0.0444,0.0434085745
1958-05-01,0.0011,0.0010993954,0.0272,0.026836654,0.0261,0.0257372585,0.0481,0.0469790012,0.047,0.0458796058,0.0345,0.0339182182,0.0334,0.0328188228,0.0033,0.0032945669,0.0022,0.0021951715,0.015,0.0148886125,0.0139,0.0137892171,0.0211,0.0208804776,0.02,0.0197810821,0.0362,0.0355601754,0.0351,0.03446078,0.0144,0.0142973047,0.0133,0.0131979093,0.0145,0.0143958803,0.0134,0.0132964848,0.0374,0.0367175829,0.0363,0.0356181875
1958-06-01,0.0003,0.000299955,0.0264,0.0260575343,0.0261,0.0257575793,0.0262,0.0258626595,0.0259,0.0255627045,0.0237,0.0234235149,0.0234,0.0231235599,0.0493,0.0481232752,0.049,0.0478233202,0.0363,0.0356566772,0.036,0.0353567222,0.0167,0.0165620883,0.0164,0.0162621333,0.0215,0.0212721353,0.0212,0.0209721803,0.0355,0.0348844019,0.0352,0.0345844468,0.0219,0.0216636396,0.0216,0.0213636846,0.0289,0.0284902704,0.0286,0.0281903154
1958-07-01,0.0007,0.0006997551,0.0164,0.0162669725,0.0157,0.0155672173,0.0998,0.0951283451,0.0991,0.09442859,0.0849,0.0814878168,0.0842,0.0807880617,0.0069,0.0068763039,0.0062,0.0061765488,0.0374,0.0367175829,0.0367,0.0360178278,0.009,0.0089597414,0.0083,0.0082599863,0.0187,0.0185273046,0.018,0.0178275495,0.0598,0.0580802111,0.0591,0.057380456,0.0112,0.0111377444,0.0105,0.0104379893,0.0522,0.0508832103,0.0515,0.0501834552
1958-08-01,0.0004,0.00039992,0.0293,0.0288789596,0.0289,0.0284790395,-0.0001,-0.000100005,-0.0005,-0.000499925,0.0242,0.02391182,0.0238,0.0235119,0.0192,0.0190180058,0.0188,0.0186180858,0.0208,0.0205866336,0.0204,0.0201867136,0.0241,0.0238141781,0.0237,0.0234142581,0.0571,0.0555293098,0.0567,0.0551293898,0.0198,0.0196065296,0.0194,0.0192066096,-0.01,-0.0100503359,-0.0104,-0.0104502559,0.0306,0.0301411569,0.0302,0.0297412369
1958-09-01,0.0019,0.0018981973,0.0426,0.0417175934,0.0407,0.0398193961,0.1004,0.0956737501,0.0985,0.0937755528,0.0454,0.0443995873,0.0435,0.04250139,0.0328,0.0322735606,0.0309,0.0303753633,0.062,0.0601539228,0.0601,0.0582557255,0.0508,0.0495517788,0.0489,0.0476535815,0.0403,0.0395091331,0.0384,0.0376109358,0.1174,0.111004558,0.1155,0.1091063608,0.0346,0.0340148786,0.0327,0.0321166813,0.0427,0.0418135028,0.0408,0.0399153055
1958-10-01,0.0018,0.0017983819,0.025,0.0246926126,0.0232,0.0228942306,0.0228,0.0225439644,0.021,0.0207455825,0.0305,0.0300441213,0.0287,0.0282457394,0.0133,0.0132123315,0.0115,0.0114139495,0.0449,0.0439211871,0.0431,0.0421228051,0.0146,0.0144944462,0.0128,0.0126960642,0.0121,0.0120273802,0.0103,0.0102289983,0.0105,0.0104452579,0.0087,0.0086468759,0.0428,0.0419094031,0.041,0.0401110211,0.0375,0.0368139731,0.0357,0.0350155912
1958-11-01,0.0011,0.0010993954,0.041,0.0401817896,0.0399,0.0390823942,0.0171,0.0169554406,0.016,0.0158560452,0.0292,0.0287818014,0.0281,0.027682406,0.0193,0.0191161172,0.0182,0.0180167217,0.0435,0.0425804475,0.0424,0.0414810521,0.0215,0.0212721353,0.0204,0.0201727398,0.059,0.0573250666,0.0579,0.0562256712,0.0804,0.0773313429,0.0793,0.0762319475,0.0296,0.0291703773,0.0285,0.0280709819,0.0463,0.0452601314,0.0452,0.044160736
1958-12-01,0.0022,0.0021975835,0.0268,0.02644717,0.0246,0.0242495865,0.0275,0.0271286674,0.0253,0.0249310838,0.0521,0.0507881668,0.0499,0.0485905833,0.0125,0.01242252,0.0103,0.0102249365,0.1314,0.1234558039,0.1292,0.1212582204,0.134,0.1257512053,0.1318,0.1235536218,0.0572,0.0556239037,0.055,0.0534263202,0.0461,0.0450689634,0.0439,0.0428713798,0.0594,0.0577027101,0.0572,0.0555051266,0.0309,0.0304322071,0.0287,0.0282346236
1959-01-01,0.0021,0.0020977981,0.0381,0.0373921192,0.036,0.0352943211,-0.0109,-0.0109598402,-0.013,-0.0130576383,0.0079,0.0078689584,0.0058,0.0057711603,0.0051,0.005087039,0.003,0.002989241,-0.0222,-0.0224501288,-0.0243,-0.0245479269,0.0391,0.0383549539,0.037,0.0362571558,0.0349,0.0343048037,0.0328,0.0322070056,-0.0062,-0.0062192998,-0.0083,-0.0083170979,0.0125,0.01242252,0.0104,0.0103247219,0.021,0.0207825392,0.0189,0.0186847411
1959-02-01,0.0019,0.0018981973,0.0301,0.0296558849,0.0282,0.0277576876,-0.0195,-0.0196926333,-0.0214,-0.0215908306,0.0363,0.0356566772,0.0344,0.0337584799,-0.0743,-0.0772050709,-0.0762,-0.0791032682,0.0515,0.0502177162,0.0496,0.0483195189,0.0486,0.0474559412,0.0467,0.0455577439,0.0265,0.0261549575,0.0246,0.0242567602,0.0388,0.0380662008,0.0369,0.0361680035,0.0126,0.0125212806,0.0107,0.0106230833,0.0176,0.0174469136,0.0157,0.0155487163
1959-03-01,0.0022,0.0021975835,0.0029,0.0028958031,0.0007,0.0006982196,-0.0119,-0.0119713718,-0.0141,-0.0141689553,-0.0024,-0.0024028846,-0.0046,-0.0046004682,0.0214,0.0211742352,0.0192,0.0189766517,0.0233,0.0230326991,0.0211,0.0208351156,-0.0052,-0.0052135671,-0.0074,-0.0074111506,-0.0167,-0.0168410172,-0.0189,-0.0190386007,0.0425,0.0416216747,0.0403,0.0394240911,0.0164,0.0162669725,0.0142,0.0140693889,-0.0074,-0.0074275158,-0.0096,-0.0096250994
1959-04-01,0.002,0.0019980027,0.0301,0.0296558849,0.0281,0.0276578822,0.0938,0.0896578719,0.0918,0.0876598693,0.0417,0.040853994,0.0397,0.0388559913,0.0171,0.0169554406,0.0151,0.014957438,0.0844,0.0810268386,0.0824,0.079028836,0.0461,0.0450689634,0.0441,0.0430709607,0.0154,0.0152826235,0.0134,0.0132846209,0.1193,0.1127034899,0.1173,0.1107054873,-0.0113,-0.0113643301,-0.0133,-0.0133623327,0.0195,0.019312311,0.0175,0.0173143084
1959-05-01,0.0022,0.0021975835,0.0133,0.0132123315,0.0111,0.0110147479,0.0521,0.0507881668,0.0499,0.0485905833,0.0405,0.0397013669,0.0383,0.0375037833,-0.0095,-0.0095454128,-0.0117,-0.0117429964,0.0485,0.0473605714,0.0463,0.0451629878,-0.0101,-0.0101513511,-0.0123,-0.0123489346,0.0272,0.026836654,0.025,0.0246390704,-0.0107,-0.0107576567,-0.0129,-0.0129552402,-0.011,-0.0110609474,-0.0132,-0.0132585309,0.0063,0.006280238,0.0041,0.0040826544
1959-06-01,0.0024,0.0023971246,0.0167,0.0165620883,0.0143,0.0141649637,0.0016,0.0015987214,-0.0008,-0.0007984032,0.0128,0.0127187724,0.0104,0.0103216478,-0.0272,-0.0275767678,-0.0296,-0.0299738924,-0.0098,-0.0098483361,-0.0122,-0.0122454607,-0.011,-0.0110609474,-0.0134,-0.013458072,0.0227,0.0224461888,0.0203,0.0200490642,0.066,0.0639133257,0.0636,0.0615162011,-0.0223,-0.0225524045,-0.0247,-0.0249495291,0.0123,0.0122249696,0.0099,0.009827845
1959-07-01,0.0025,0.0024968802,0.037,0.0363319292,0.0345,0.033835049,0.0843,0.0809346175,0.0818,0.0784377373,0.0373,0.0366211835,0.0348,0.0341243033,0.0496,0.0484091392,0.0471,0.045912259,0.0045,0.0044899053,0.002,0.0019930251,0.006,0.0059820717,0.0035,0.0034851915,0.0212,0.0209784064,0.0187,0.0184815262,0.0474,0.0463109029,0.0449,0.0438140227,0.0382,0.0374884444,0.0357,0.0349915642,0.0046,0.0045894523,0.0021,0.0020925721
1959-08-01,0.0019,0.0018981973,-0.0039,-0.0039076248,-0.0058,-0.0058058221,0.0246,0.0243022925,0.0227,0.0224040952,-0.0189,-0.0190808878,-0.0208,-0.0209790851,-0.0315,-0.0320067961,-0.0334,-0.0339049934,-0.025,-0.025317808,-0.0269,-0.0272160053,0.0061,0.0060814703,0.0042,0.004183273,0.0079,0.0078689584,0.006,0.0059707611,-0.0357,-0.0363528295,-0.0376,-0.0382510267,0.0134,0.0133110141,0.0115,0.0114128168,-0.0223,-0.0225524045,-0.0242,-0.0244506018
1959-09-01,0.0031,0.0030952049,-0.0325,-0.0330398541,-0.0356,-0.036135059,-0.0445,-0.0455205153,-0.0476,-0.0486157202,-0.0496,-0.0508723304,-0.0527,-0.0539675353,-0.0691,-0.0716034189,-0.0722,-0.0746986238,-0.0418,-0.0426987545,-0.0449,-0.0457939594,-0.0096,-0.0096463771,-0.0127,-0.012741582,-0.0212,-0.0214279474,-0.0243,-0.0245231523,-0.0495,-0.0507671171,-0.0526,-0.053862322,-0.0435,-0.0444744901,-0.0466,-0.047569695,-0.0411,-0.0419684848,-0.0442,-0.0450636897
1959-10-01,0.003,0.002995509,0.038,0.0372957847,0.035,0.0343002758,-0.0126,-0.0126800532,-0.0156,-0.0156755621,0.0142,0.0141001244,0.0112,0.0111046154,0.0116,0.0115332358,0.0086,0.0085377268,0.0498,0.0485996698,0.0468,0.0456041609,0.013,0.0129162253,0.01,0.0099207163,0.0087,0.0086623731,0.0057,0.0056668641,0.0234,0.0231304174,0.0204,0.0201349084,0.0089,0.0088606284,0.0059,0.0058651195,0.003,0.002995509,0.0,0.0
1959-11-01,0.0026,0.0025966258,0.0125,0.01242252,0.0099,0.0098258942,-0.0011,-0.0011006054,-0.0037,-0.0036972313,0.0219,0.0216636396,0.0193,0.0190670138,-0.0041,-0.004108428,-0.0067,-0.0067050539,0.0921,0.0881024482,0.0895,0.0855058224,-0.0123,-0.0123762711,-0.0149,-0.0149728969,0.0234,0.0231304174,0.0208,0.0205337915,0.0562,0.0546775613,0.0536,0.0520809354,0.004,0.0039920213,0.0014,0.0013953954,-0.005,-0.0050125418,-0.0076,-0.0076091677
1959-12-01,0.0034,0.0033942331,0.0123,0.0122249696,0.0089,0.0088307366,0.0516,0.0503128139,0.0482,0.0469185808,0.0216,0.0213700257,0.0182,0.0179757927,0.0424,0.0415257468,0.039,0.0381315138,0.0342,0.033628181,0.0308,0.0302339479,0.0434,0.0424846116,0.04,0.0390903785,0.0268,0.02644717,0.0234,0.0230529369,-0.0168,-0.0169427207,-0.0202,-0.0203369538,0.0214,0.0211742352,0.018,0.0177800022,0.0207,0.0204886664,0.0173,0.0170944334
1960-01-01,0.0033,0.0032945669,-0.0336,-0.0341774518,-0.0369,-0.0374720188,-0.1117,-0.1184457552,-0.115,-0.1217403222,-0.0841,-0.0878480906,-0.0874,-0.0911426575,-0.075,-0.0779615415,-0.0783,-0.0812561084,-0.0979,-0.1030299003,-0.1012,-0.1063244673,0.0095,0.0094551588,0.0062,0.0061605918,-0.0567,-0.0583709133,-0.06,-0.0616654803,-0.0638,-0.0659261501,-0.0671,-0.0692207171,-0.0208,-0.0210193672,-0.0241,-0.0243139342,-0.0451,-0.046148656,-0.0484,-0.049443223
1960-02-01,0.0029,0.0028958031,0.0296,0.0291703773,0.0267,0.0262745742,-0.0222,-0.0224501288,-0.0251,-0.0253459319,0.0049,0.0048880341,0.002,0.001992231,-0.0346,-0.0352127558,-0.0375,-0.0381085589,0.0535,0.0521179543,0.0506,0.0492221512,0.0837,0.0803811119,0.0808,0.0774853088,0.0422,0.0413338635,0.0393,0.0384380604,0.0031,0.0030952049,0.0002,0.0001994018,0.0277,0.0273232956,0.0248,0.0244274925,-0.0002,-0.00020002,-0.0031,-0.0030958231
1960-03-01,0.0035,0.0034938893,-0.0141,-0.0142003494,-0.0176,-0.0176942387,-0.0438,-0.0447881828,-0.0473,-0.048282072,-0.0355,-0.0361454466,-0.039,-0.0396393359,-0.008,-0.0080321717,-0.0115,-0.011526061,0.0164,0.0162669725,0.0129,0.0127730832,0.0017,0.0016985566,-0.0018,-0.0017953326,0.001,0.0009995003,-0.0025,-0.0024943889,0.0162,0.0160701802,0.0127,0.0125762909,0.0175,0.0173486383,0.014,0.0138547491,-0.0227,-0.0229616116,-0.0262,-0.0264555009
1960-04-01,0.0019,0.0018981973,0.0152,0.0150856374,0.0133,0.0131874401,-0.0157,-0.0158245503,-0.0176,-0.0177227476,-0.0353,-0.0359381068,-0.0372,-0.0378363041,-0.0426,-0.043534002,-0.0445,-0.0454321993,0.0052,0.0051865267,0.0033,0.0032883294,-0.0105,-0.0105555139,-0.0124,-0.0124537112,-0.0023,-0.0023026491,-0.0042,-0.0042008463,0.0165,0.0163653541,0.0146,0.0144671568,0.0138,0.0137056471,0.0119,0.0118074498,-0.0111,-0.0111620647,-0.013,-0.013060262
1960-05-01,0.0027,0.0026963615,0.0653,0.0632564496,0.0626,0.0605600881,-0.0069,-0.0069239151,-0.0096,-0.0096202766,0.0386,0.0378736524,0.0359,0.0351772909,-0.0349,-0.0355235561,-0.0376,-0.0382199176,0.0955,0.0912108801,0.0928,0.0885145185,0.0332,0.0326607822,0.0305,0.0299644207,0.0314,0.0309171026,0.0287,0.0282207411,0.1373,0.1286570322,0.1346,0.1259606707,0.015,0.0148886125,0.0123,0.0121922509,0.0025,0.0024968802,-0.0002,-0.0001994813
1960-06-01,0.0024,0.0023971246,0.0433,0.0423887665,0.0409,0.0399916419,0.008,0.0079681696,0.0056,0.005571045,0.0167,0.0165620883,0.0143,0.0141649637,0.0353,0.0346912398,0.0329,0.0322941152,0.0145,0.0143958803,0.0121,0.0119987557,-0.0035,-0.0035061393,-0.0059,-0.0059032639,0.0382,0.0374884444,0.0358,0.0350913198,-0.0016,-0.0016012814,-0.004,-0.003998406,0.0577,0.0560967394,0.0553,0.0536996148,0.0279,0.027517886,0.0255,0.0251207614
1960-07-01,0.0013,0.0012991557,-0.0095,-0.0095454128,-0.0108,-0.0108445686,-0.0059,-0.0059174738,-0.0072,-0.0072166295,-0.0416,-0.0424900516,-0.0429,-0.0437892074,0.007,0.0069756137,0.0057,0.005676458,-0.042,-0.042907501,-0.0433,-0.0442066567,0.001,0.0009995003,-0.0003,-0.0002996554,-0.0301,-0.0305623056,-0.0314,-0.0318614613,-0.0387,-0.0394687439,-0.04,-0.0407678996,-0.0107,-0.0107576567,-0.012,-0.0120568124,-0.0139,-0.0139975096,-0.0152,-0.0152966654
1960-08-01,0.0017,0.0016985566,0.0452,0.0442082547,0.0435,0.042509698,0.035,0.0344014267,0.0333,0.0327028701,0.017,0.0168571171,0.0153,0.0151585604,0.041,0.0401817896,0.0393,0.038483233,0.0116,0.0115332358,0.0099,0.0098346792,0.0711,0.0686861578,0.0694,0.0669876012,0.0313,0.0308201423,0.0296,0.0291215857,0.0247,0.0243998868,0.023,0.0227013302,0.0432,0.0422929122,0.0415,0.0405943556,0.0311,0.0306261935,0.0294,0.0289276369
1960-09-01,0.0016,0.0015987214,-0.0344,-0.0350056092,-0.036,-0.0366043306,-0.0568,-0.0584769298,-0.0584,-0.0600756511,-0.0704,-0.0730008929,-0.072,-0.0745996142,-0.01,-0.0100503359,-0.0116,-0.0116490572,-0.0873,-0.0913480395,-0.0889,-0.0929467608,-0.0595,-0.0613436302,-0.0611,-0.0629423516,-0.0839,-0.08762975,-0.0855,-0.0892284713,-0.0872,-0.0912384804,-0.0888,-0.0928372018,-0.0449,-0.0459392319,-0.0465,-0.0475379533,-0.057,-0.0586889963,-0.0586,-0.0602877177
1960-10-01,0.0022,0.0021975835,0.0166,0.016463726,0.0144,0.0142661425,-0.0134,-0.0134905902,-0.0156,-0.0156881737,-0.0097,-0.0097473515,-0.0119,-0.011944935,0.0242,0.02391182,0.022,0.0217142365,-0.0325,-0.0330398541,-0.0347,-0.0352374376,0.0014,0.0013990209,-0.0008,-0.0007985626,0.0023,0.002297359,0.0001,9.97755e-05,-0.0349,-0.0355235561,-0.0371,-0.0377211396,-0.0034,-0.0034057931,-0.0056,-0.0056033767,-0.0081,-0.0081329832,-0.0103,-0.0103305668
1960-11-01,0.0013,0.0012991557,0.0867,0.0831455811,0.0854,0.0818464254,-0.007,-0.0070246149,-0.0083,-0.0083237707,0.0484,0.0472651925,0.0471,0.0459660367,0.0339,0.0333380596,0.0326,0.0320389039,0.0702,0.0678455469,0.0689,0.0665463912,0.0419,0.0410459694,0.0406,0.0397468137,0.0692,0.0669107053,0.0679,0.0656115496,0.0405,0.0397013669,0.0392,0.0384022111,0.0374,0.0367175829,0.0361,0.0354184272,0.0667,0.0645697706,0.0654,0.0632706149
1960-12-01,0.0016,0.0015987214,0.0448,0.0438254795,0.0432,0.0422267582,-0.0041,-0.004108428,-0.0057,-0.0057071494,0.0396,0.0388360238,0.038,0.0372373024,0.0531,0.0517381954,0.0515,0.050139474,0.0303,0.029850022,0.0287,0.0282513006,0.1256,0.1183162268,0.124,0.1167175055,0.0226,0.0223484037,0.021,0.0207496823,0.0622,0.060342229,0.0606,0.0587435076,0.0636,0.0616593804,0.062,0.060060659,0.0421,0.041237908,0.0405,0.0396391867
1961-01-01,0.0019,0.0018981973,0.0541,0.0526873223,0.0522,0.050789125,0.0836,0.0802888312,0.0817,0.0783906339,0.066,0.0639133257,0.0641,0.0620151285,0.0976,0.093125978,0.0957,0.0912277807,0.0287,0.0282958692,0.0268,0.0263976719,0.0789,0.0759420036,0.077,0.0740438063,0.0294,0.0289761082,0.0275,0.027077911,0.0602,0.0584575696,0.0583,0.0565593723,0.0496,0.0484091392,0.0477,0.0465109419,0.0778,0.0749219265,0.0759,0.0730237292
1961-02-01,0.0014,0.0013990209,0.0661,0.06400713,0.0647,0.0626081091,0.0401,0.0393168624,0.0387,0.0379178415,0.0506,0.0493614295,0.0492,0.0479624086,0.0073,0.007273484,0.0059,0.0058744631,0.0271,0.0267392972,0.0257,0.0253402763,0.0075,0.0074720148,0.0061,0.0060729939,0.0496,0.0484091392,0.0482,0.0470101183,0.052,0.0506931143,0.0506,0.0492940934,0.0363,0.0356566772,0.0349,0.0342576563,0.0568,0.0552454742,0.0554,0.0538464533
1961-03-01,0.002,0.0019980027,0.0485,0.0473605714,0.0465,0.0453625687,0.0343,0.0337248694,0.0323,0.0317268667,0.0161,0.0159717695,0.0141,0.0139737668,0.014,0.0139029052,0.012,0.0119049025,0.0277,0.0273232956,0.0257,0.025325293,0.0748,0.0721345978,0.0728,0.0701365951,0.0587,0.0570417404,0.0567,0.0550437377,0.038,0.0372957847,0.036,0.0352977821,0.0202,0.0199986865,0.0182,0.0180006838,0.0355,0.0348844019,0.0335,0.0328863992
1961-04-01,0.0017,0.0016985566,-0.0135,-0.0135919535,-0.0152,-0.0152905102,-0.0171,-0.0172478934,-0.0188,-0.01894645,-0.0134,-0.0134905902,-0.0151,-0.0151891468,0.0475,0.0464063728,0.0458,0.0447078162,0.0048,0.0047885167,0.0031,0.0030899601,0.008,0.0079681696,0.0063,0.006269613,0.0059,0.0058826632,0.0042,0.0041841065,-0.0031,-0.003104815,-0.0048,-0.0048033716,0.0186,0.0184291355,0.0169,0.0167305788,0.0057,0.0056838165,0.004,0.0039852598
1961-05-01,0.0018,0.0017983819,0.0368,0.0361390466,0.035,0.0343406647,0.0128,0.0127187724,0.011,0.0109203905,0.0458,0.0447821428,0.044,0.0429837608,0.0014,0.0013990209,-0.0004,-0.000399361,0.0286,0.0281986544,0.0268,0.0264002724,-0.0104,-0.0104544579,-0.0122,-0.0122528398,0.0409,0.0400857235,0.0391,0.0382873416,0.0228,0.0225439644,0.021,0.0207455825,0.0239,0.0236188656,0.0221,0.0218204837,0.0418,0.0409499863,0.04,0.0391516044
1961-06-01,0.002,0.0019980027,-0.014,-0.0140989244,-0.016,-0.016096927,-0.0153,-0.0154182527,-0.0173,-0.0174162554,-0.0297,-0.030149977,-0.0317,-0.0321479796,-0.0402,-0.0410303496,-0.0422,-0.0430283522,-0.0336,-0.0341774518,-0.0356,-0.0361754545,-0.0402,-0.0410303496,-0.0422,-0.0430283522,0.0058,0.0057832448,0.0038,0.0037852421,-0.0343,-0.034902052,-0.0363,-0.0369000547,-0.0187,-0.0188770558,-0.0207,-0.0208750584,-0.0374,-0.0381173221,-0.0394,-0.0401153248
1961-07-01,0.0018,0.0017983819,0.0284,0.0280041964,0.0266,0.0262058145,0.0615,0.0596830022,0.0597,0.0578846202,0.0248,0.0244974716,0.023,0.0226990897,0.0228,0.0225439644,0.021,0.0207455825,0.0179,0.0177416815,0.0161,0.0159432995,0.0643,0.0623173061,0.0625,0.0605189241,0.0246,0.0243022925,0.0228,0.0225039106,0.035,0.0344014267,0.0332,0.0326030448,0.0287,0.0282958692,0.0269,0.0264974872,0.0126,0.0125212806,0.0108,0.0107228986
1961-08-01,0.0014,0.0013990209,0.0513,0.0500274936,0.0499,0.0486284727,0.0136,0.01350835,0.0122,0.0121093291,0.0245,0.0242046887,0.0231,0.0228056678,0.0017,0.0016985566,0.0003,0.0002995357,0.0449,0.0439211871,0.0435,0.0425221661,0.0021,0.0020977981,0.0007,0.0006987772,0.0326,0.0320798935,0.0312,0.0306808725,0.0386,0.0378736524,0.0372,0.0364746315,0.0381,0.0373921192,0.0367,0.0359930983,0.0519,0.0505980528,0.0505,0.0491990318
1961-09-01,0.0017,0.0016985566,0.0005,0.000499875,-0.0012,-0.0011986816,0.0467,0.0456423579,0.045,0.0439438012,-0.0447,-0.0457298517,-0.0464,-0.0474284083,-0.0642,-0.0663535006,-0.0659,-0.0680520572,0.0022,0.0021975835,0.0005,0.0004990269,-0.0273,-0.0276795691,-0.029,-0.0293781257,0.0031,0.0030952049,0.0014,0.0013966483,-0.0123,-0.0123762711,-0.014,-0.0140748277,0.0141,0.0140015196,0.0124,0.012302963,-0.018,-0.0181639706,-0.0197,-0.0198625273
1961-10-01,0.0019,0.0018981973,0.0335,0.0329511001,0.0316,0.0310529029,0.0054,0.0053854723,0.0035,0.003487275,-0.0022,-0.0022024236,-0.0041,-0.0041006208,0.0667,0.0645697706,0.0648,0.0626715734,0.0337,0.0331445986,0.0318,0.0312464013,0.002,0.0019980027,0.0001,9.98054e-05,0.0906,0.0867280035,0.0887,0.0848298062,0.0366,0.0359461268,0.0347,0.0340479295,0.0531,0.0517381954,0.0512,0.0498399981,0.023,0.022739487,0.0211,0.0208412897
1961-11-01,0.0015,0.0014988761,0.0549,0.0534459757,0.0534,0.0519470996,0.0973,0.092852617,0.0958,0.0913537409,0.0293,0.0288789596,0.0278,0.0273800834,0.0544,0.0529718848,0.0529,0.0514730086,0.0292,0.0287818014,0.0277,0.0272829253,0.085,0.081579987,0.0835,0.0800811109,0.0513,0.0500274936,0.0498,0.0485286175,0.0313,0.0308201423,0.0298,0.0293212662,0.0342,0.033628181,0.0327,0.0321293049,0.0384,0.037681067,0.0369,0.0361821908
1961-12-01,0.0019,0.0018981973,-0.0319,-0.0324198913,-0.0338,-0.0343180885,0.0287,0.0282958692,0.0268,0.0263976719,0.0017,0.0016985566,-0.0002,-0.0001996406,0.0385,0.0377773643,0.0366,0.0358791671,-0.0068,-0.0068232253,-0.0087,-0.0087214226,0.0332,0.0326607822,0.0313,0.030762585,-0.0035,-0.0035061393,-0.0054,-0.0054043366,-0.0199,-0.0201006717,-0.0218,-0.021998869,-0.042,-0.042907501,-0.0439,-0.0448056983,-0.0186,-0.0187751553,-0.0205,-0.0206733526
1962-01-01,0.0024,0.0023971246,-0.0615,-0.063472423,-0.0639,-0.0658695476,-0.0017,-0.0017014466,-0.0041,-0.0040985712,-0.0355,-0.0361454466,-0.0379,-0.0385425712,0.0014,0.0013990209,-0.001,-0.0009981037,-0.0496,-0.0508723304,-0.052,-0.053269455,-0.0607,-0.062620362,-0.0631,-0.0650174866,-0.0863,-0.090252989,-0.0887,-0.0926501136,-0.0478,-0.0489801822,-0.0502,-0.0513773068,-0.0259,-0.0262413112,-0.0283,-0.0286384358,-0.0146,-0.0147076289,-0.017,-0.0171047535
1962-02-01,0.002,0.0019980027,0.0025,0.0024968802,0.0005,0.0004988775,-0.0147,-0.0148091157,-0.0167,-0.0168071183,0.014,0.0139029052,0.012,0.0119049025,0.0531,0.0517381954,0.0511,0.0497401927,-0.0002,-0.00020002,-0.0022,-0.0021980227,0.0411,0.0402778465,0.0391,0.0382798438,0.0164,0.0162669725,0.0144,0.0142689698,0.0375,0.0368139731,0.0355,0.0348159705,0.0263,0.0259601017,0.0243,0.023962099,0.017,0.0168571171,0.015,0.0148591144
1962-03-01,0.002,0.0019980027,-0.011,-0.0110609474,-0.013,-0.01305895,0.0041,0.0040916179,0.0021,0.0020936152,-0.0044,-0.0044097085,-0.0064,-0.0064077112,-0.0168,-0.0169427207,-0.0188,-0.0189407234,0.0023,0.002297359,0.0003,0.0002993564,-0.0294,-0.029840842,-0.0314,-0.0318388447,0.0091,0.0090588445,0.0071,0.0070608418,0.0041,0.0040916179,0.0021,0.0020936152,0.0196,0.0194103935,0.0176,0.0174123909,-0.0177,-0.0178585183,-0.0197,-0.019856521
1962-04-01,0.0022,0.0021975835,-0.0677,-0.0701006277,-0.0699,-0.0722982112,-0.0518,-0.0531898285,-0.054,-0.0553874121,-0.0795,-0.0828382783,-0.0817,-0.0850358619,-0.0357,-0.0363528295,-0.0379,-0.038550413,-0.1107,-0.1173206426,-0.1129,-0.1195182261,-0.0468,-0.0479305338,-0.049,-0.0501281173,-0.0443,-0.0453112227,-0.0465,-0.0475088063,-0.1134,-0.1203613567,-0.1156,-0.1225589402,-0.0279,-0.0282965992,-0.0301,-0.0304941827,-0.0708,-0.0734312781,-0.073,-0.0756288616
1962-05-01,0.0024,0.0023971246,-0.1131,-0.1200230426,-0.1155,-0.1224201672,-0.0445,-0.0455205153,-0.0469,-0.0479176399,-0.0823,-0.0858847392,-0.0847,-0.0882818638,-0.0495,-0.0507671171,-0.0519,-0.0531642417,-0.1118,-0.1185583361,-0.1142,-0.1209554607,-0.0706,-0.0732160623,-0.073,-0.0756131869,-0.0908,-0.095190187,-0.0932,-0.0975873116,-0.1081,-0.1144012603,-0.1105,-0.1167983849,-0.1047,-0.1105964213,-0.1071,-0.1129935459,-0.0786,-0.0818610265,-0.081,-0.0842581511
1962-06-01,0.002,0.0019980027,-0.0882,-0.0923346112,-0.0902,-0.0943326139,-0.0607,-0.062620362,-0.0627,-0.0646183646,-0.0962,-0.101147182,-0.0982,-0.1031451847,-0.0484,-0.0496105006,-0.0504,-0.0516085032,-0.1157,-0.1229589074,-0.1177,-0.1249569101,-0.0852,-0.0890498168,-0.0872,-0.0910478195,-0.1026,-0.1082535854,-0.1046,-0.1102515881,-0.129,-0.1381133021,-0.131,-0.1401113048,-0.0511,-0.05245186,-0.0531,-0.0544498627,-0.0916,-0.0960704688,-0.0936,-0.0980684714
1962-07-01,0.0027,0.0026963615,0.0523,0.0509782448,0.0496,0.0482818832,0.0803,0.0772387803,0.0776,0.0745424188,0.0525,0.0511682866,0.0498,0.048471925,0.049,0.0478373294,0.0463,0.0451409679,0.113,0.1070590723,0.1103,0.1043627107,0.0723,0.0698058742,0.0696,0.0671095127,0.0437,0.0427720918,0.041,0.0400757303,0.0778,0.0749219265,0.0751,0.072225565,0.0739,0.0712968819,0.0712,0.0686005203,0.0574,0.0558130648,0.0547,0.0531167033
1962-08-01,0.0023,0.002297359,0.009,0.0089597414,0.0067,0.0066623823,0.0385,0.0377773643,0.0362,0.0354800053,0.0236,0.0233258253,0.0213,0.0210284663,0.0184,0.0182327683,0.0161,0.0159354092,0.0339,0.0333380596,0.0316,0.0310407006,0.0158,0.0156764794,0.0135,0.0133791203,0.043,0.042101176,0.0407,0.039803817,-0.0792,-0.0825124216,-0.0815,-0.0848097806,0.0315,0.0310140535,0.0292,0.0287166945,0.0383,0.0375847603,0.036,0.0352874013
1962-09-01,0.0021,0.0020977981,-0.0561,-0.0577350507,-0.0582,-0.0598328487,-0.022,-0.0222456089,-0.0241,-0.024343407,-0.058,-0.0597500044,-0.0601,-0.0618478025,-0.0177,-0.0178585183,-0.0198,-0.0199563164,-0.0887,-0.0928831275,-0.0908,-0.0949809256,-0.0606,-0.0625139054,-0.0627,-0.0646117035,-0.0663,-0.0686000915,-0.0684,-0.0706978896,-0.0405,-0.0413429635,-0.0426,-0.0434407616,-0.0287,-0.0291198986,-0.0308,-0.0312176967,-0.0576,-0.0593254661,-0.0597,-0.0614232642
1962-10-01,0.0026,0.0025966258,-0.0327,-0.0332465938,-0.0353,-0.0358432196,0.0246,0.0243022925,0.022,0.0217056667,0.0148,0.0146915487,0.0122,0.0120949229,-0.0029,-0.0029042131,-0.0055,-0.005500839,-0.0014,-0.0014009809,-0.004,-0.0039976068,0.0277,0.0273232956,0.0251,0.0247266698,-0.0134,-0.0134905902,-0.016,-0.016087216,0.0246,0.0243022925,0.022,0.0217056667,-0.0109,-0.0109598402,-0.0135,-0.0135564661,0.0057,0.0056838165,0.0031,0.0030871906
1962-11-01,0.002,0.0019980027,0.1212,0.1143995403,0.1192,0.1124015376,0.0682,0.0659749889,0.0662,0.0639769863,0.1323,0.1242509623,0.1303,0.1222529597,0.1075,0.1021052229,0.1055,0.1001072203,0.1458,0.136103083,0.1438,0.1341050803,0.0717,0.0692461727,0.0697,0.0672481701,0.1116,0.1058004189,0.1096,0.1038024162,0.1763,0.162373919,0.1743,0.1603759163,0.0765,0.0737150378,0.0745,0.0717170352,0.1478,0.1378470667,0.1458,0.135849064
1962-12-01,0.0023,0.002297359,0.0145,0.0143958803,0.0122,0.0120985212,0.0354,0.0347878255,0.0331,0.0324904664,-0.0107,-0.0107576567,-0.013,-0.0130550157,0.0469,0.0458334163,0.0446,0.0435360573,-0.0017,-0.0017014466,-0.004,-0.0039988057,0.0108,0.0107420965,0.0085,0.0084447375,0.0004,0.00039992,-0.0019,-0.001897439,0.0088,0.0087615057,0.0065,0.0064641466,0.0348,0.0342081713,0.0325,0.0319108123,0.0139,0.013804281,0.0116,0.0115069219
1963-01-01,0.0025,0.0024968802,0.0594,0.0577027101,0.0569,0.0552058299,0.076,0.0732504617,0.0735,0.0707535815,0.0578,0.0561912796,0.0553,0.0536943995,0.0268,0.02644717,0.0243,0.0239502898,0.0564,0.0548669014,0.0539,0.0523700212,0.0413,0.0404699326,0.0388,0.0379730524,0.0413,0.0404699326,0.0388,0.0379730524,0.0566,0.0550562057,0.0541,0.0525593255,0.0525,0.0511682866,0.05,0.0486714064,0.0522,0.0508832103,0.0497,0.0483863301
1963-02-01,0.0023,0.002297359,-0.0304,-0.0308716637,-0.0327,-0.0331690227,-0.0292,-0.0296348051,-0.0315,-0.0319321642,-0.0256,-0.025933382,-0.0279,-0.0282307411,-0.0133,-0.0133892371,-0.0156,-0.0156865962,-0.0507,-0.0520304081,-0.053,-0.0543277671,-0.0111,-0.0111620647,-0.0134,-0.0134594238,-0.0068,-0.0068232253,-0.0091,-0.0091205844,-0.0258,-0.0261386576,-0.0281,-0.0284360167,-0.0146,-0.0147076289,-0.0169,-0.0170049879,-0.0049,-0.0049120444,-0.0072,-0.0072094034
1963-03-01,0.0023,0.002297359,0.0256,0.0252778072,0.0233,0.0229804481,0.0709,0.0684994164,0.0686,0.0662020574,0.0288,0.0283930745,0.0265,0.0260957155,0.0698,0.0674717151,0.0675,0.0651743561,0.0275,0.0271286674,0.0252,0.0248313083,0.0194,0.0192142189,0.0171,0.0169168599,0.0201,0.0199006617,0.0178,0.0176033027,0.0118,0.0117309229,0.0095,0.0094335638,0.0179,0.0177416815,0.0156,0.0154443224,0.0294,0.0289761082,0.0271,0.0266787492
1963-04-01,0.0025,0.0024968802,0.0239,0.0236188656,0.0214,0.0211219854,0.0565,0.0549615581,0.054,0.0524646779,0.0467,0.0456423579,0.0442,0.0431454777,0.0605,0.058740495,0.058,0.0562436148,0.0642,0.0622233432,0.0617,0.059726463,0.0373,0.0366211835,0.0348,0.0341243033,0.0546,0.0531615481,0.0521,0.0506646679,0.0763,0.0735292333,0.0738,0.0710323531,0.0237,0.0234235149,0.0212,0.0209266347,0.0593,0.0576083126,0.0568,0.0551114324
1963-05-01,0.0024,0.0023971246,0.0188,0.0186254641,0.0164,0.0162283395,0.0805,0.077423897,0.0781,0.0750267724,0.021,0.0207825392,0.0186,0.0183854146,-0.001,-0.0010005003,-0.0034,-0.0033976249,0.042,0.0411419433,0.0396,0.0387448187,-0.0064,-0.0064205678,-0.0088,-0.0088176924,0.0261,0.0257652079,0.0237,0.0233680833,-0.0025,-0.0025031302,-0.0049,-0.0049002548,0.0104,0.0103462921,0.008,0.0079491675,0.0357,0.0350775266,0.0333,0.032680402
1963-06-01,0.0023,0.002297359,-0.0138,-0.0138961052,-0.0161,-0.0161934642,-0.0324,-0.0329365002,-0.0347,-0.0352338593,-0.0256,-0.025933382,-0.0279,-0.0282307411,0.0121,0.0120273802,0.0098,0.0097300212,-0.0492,-0.0504515435,-0.0515,-0.0527489025,-0.0194,-0.0195906498,-0.0217,-0.0218880088,-0.0139,-0.0139975096,-0.0162,-0.0162948687,-0.0109,-0.0109598402,-0.0132,-0.0132571993,-0.0113,-0.0113643301,-0.0136,-0.0136616891,-0.0137,-0.013794711,-0.016,-0.0160920701
1963-07-01,0.0027,0.0026963615,-0.0048,-0.004811557,-0.0075,-0.0075079185,-0.0007,-0.0007002451,-0.0034,-0.0033966067,-0.0139,-0.0139975096,-0.0166,-0.0166938712,0.023,0.022739487,0.0203,0.0200431254,-0.0068,-0.0068232253,-0.0095,-0.0095195869,-0.0025,-0.0025031302,-0.0052,-0.0051994918,-0.0105,-0.0105555139,-0.0132,-0.0132518755,0.0057,0.0056838165,0.003,0.0029874549,0.0081,0.0080673711,0.0054,0.0053710095,-0.0159,-0.0160277611,-0.0186,-0.0187241226
1963-08-01,0.0025,0.0024968802,0.0489,0.047741996,0.0464,0.0452451158,0.0657,0.0636318602,0.0632,0.06113498,0.062,0.0601539228,0.0595,0.0576570426,0.0394,0.0386436236,0.0369,0.0361467434,0.0514,0.0501226094,0.0489,0.0476257292,0.0429,0.0420052941,0.0404,0.0395084139,0.0643,0.0623173061,0.0618,0.0598204259,0.0957,0.0913934284,0.0932,0.0888965482,0.0412,0.0403738941,0.0387,0.0378770139,0.054,0.0525924501,0.0515,0.0500955699
1963-09-01,0.0027,0.0026963615,-0.0174,-0.0175531592,-0.0201,-0.0202495208,-0.0025,-0.0025031302,-0.0052,-0.0051994918,-0.0081,-0.0081329832,-0.0108,-0.0108293448,-0.0365,-0.0371827911,-0.0392,-0.0398791527,0.0017,0.0016985566,-0.001,-0.0009978049,0.0236,0.0233258253,0.0209,0.0206294638,0.0092,0.0091579378,0.0065,0.0064615762,-0.0407,-0.0415514272,-0.0434,-0.0442477887,-0.0249,-0.0252152491,-0.0276,-0.0279116107,-0.0316,-0.0321100539,-0.0343,-0.0348064155
1963-10-01,0.0029,0.0028958031,0.0266,0.0262523711,0.0237,0.023356568,0.1071,0.1017439839,0.1042,0.0988481808,0.0256,0.0252778072,0.0227,0.0223820041,-0.0033,-0.003305457,-0.0062,-0.0062012601,0.0822,0.0789960062,0.0793,0.0761002031,0.0343,0.0337248694,0.0314,0.0308290663,0.0052,0.0051865267,0.0023,0.0022907236,0.0339,0.0333380596,0.031,0.0304422565,-0.0067,-0.0067225458,-0.0096,-0.0096183489,0.014,0.0139029052,0.0111,0.0110071021
1963-11-01,0.0027,0.0026963615,-0.0113,-0.0113643301,-0.014,-0.0140606916,-0.052,-0.0534007767,-0.0547,-0.0560971383,0.0031,0.0030952049,0.0004,0.0003988434,-0.0114,-0.0114654781,-0.0141,-0.0141618397,-0.0029,-0.0029042131,-0.0056,-0.0056005747,0.0414,0.0405659617,0.0387,0.0378696002,-0.0125,-0.0125787822,-0.0152,-0.0152751438,-0.0164,-0.0165359686,-0.0191,-0.0192323302,-0.0106,-0.0106565802,-0.0133,-0.0133529417,0.001,0.0009995003,-0.0017,-0.0016968612
1963-12-01,0.0029,0.0028958031,0.0284,0.0280041964,0.0255,0.0251083933,0.0058,0.0057832448,0.0029,0.0028874416,0.0194,0.0192142189,0.0165,0.0163184158,0.0466,0.045546815,0.0437,0.0426510118,0.0304,0.0299470764,0.0275,0.0270512733,-0.0009,-0.0009004052,-0.0038,-0.0037962084,0.0033,0.0032945669,0.0004,0.0003987638,0.0154,0.0152826235,0.0125,0.0123868204,0.0241,0.0238141781,0.0212,0.020918375,0.0265,0.0261549575,0.0236,0.0232591544
1964-01-01,0.003,0.002995509,0.0078,0.0077697373,0.0048,0.0047742283,0.0122,0.0121261798,0.0092,0.0091306708,0.0266,0.0262523711,0.0236,0.0232568622,0.0485,0.0473605714,0.0455,0.0443650624,0.0293,0.0288789596,0.0263,0.0258834506,0.0332,0.0326607822,0.0302,0.0296652733,0.0251,0.0247901688,0.0221,0.0217946598,0.037,0.0363319292,0.034,0.0333364203,0.0139,0.013804281,0.0109,0.010808772,0.0117,0.0116320842,0.0087,0.0086365752
1964-02-01,0.0026,0.0025966258,0.0186,0.0184291355,0.016,0.0158325096,0.0165,0.0163653541,0.0139,0.0137687282,0.0273,0.0269340012,0.0247,0.0243373754,0.0108,0.0107420965,0.0082,0.0081454707,0.0196,0.0194103935,0.017,0.0168137677,-0.0028,-0.0028039273,-0.0054,-0.0054005532,0.0163,0.0161685812,0.0137,0.0135719553,0.0165,0.0163653541,0.0139,0.0137687282,0.0087,0.0086623731,0.0061,0.0060657472,0.0534,0.0520230281,0.0508,0.0494264022
1964-03-01,0.0031,0.0030952049,0.0308,0.0303351998,0.0277,0.0272399949,0.0108,0.0107420965,0.0077,0.0076468916,0.0369,0.0362354926,0.0338,0.0331402877,0.014,0.0139029052,0.0109,0.0108077003,0.0338,0.0332413338,0.0307,0.0301461289,-0.009,-0.0090407447,-0.0121,-0.0121359496,0.0243,0.0240094525,0.0212,0.0209142476,-0.0194,-0.0195906498,-0.0225,-0.0226858547,-0.0074,-0.0074275158,-0.0105,-0.0105227207,0.0233,0.0230326991,0.0202,0.0199374942
1964-04-01,0.0029,0.0028958031,-0.0047,-0.0047110797,-0.0076,-0.0076068828,0.018,0.0178399181,0.0151,0.014944115,-0.0172,-0.0173496383,-0.0201,-0.0202454414,0.0404,0.0396052546,0.0375,0.0367094515,-0.0363,-0.0369752361,-0.0392,-0.0398710392,0.0083,0.0082657444,0.0054,0.0053699413,0.0287,0.0282958692,0.0258,0.025400066,-0.0142,-0.0143017847,-0.0171,-0.0171975878,0.0105,0.0104452579,0.0076,0.0075494547,0.0029,0.0028958031,0.0,0.0
1964-05-01,0.0026,0.0025966258,0.0155,0.015381102,0.0129,0.0127844762,0.0151,0.0149871298,0.0125,0.012390504,0.0175,0.0173486383,0.0149,0.0147520125,0.0214,0.0211742352,0.0188,0.0185776094,0.0273,0.0269340012,0.0247,0.0243373754,-0.0039,-0.0039076248,-0.0065,-0.0065042507,0.039,0.0382587121,0.0364,0.0356620863,0.0052,0.0051865267,0.0026,0.0025899008,0.0084,0.0083649163,0.0058,0.0057682905,0.0238,0.023521195,0.0212,0.0209245692
1964-06-01,0.003,0.002995509,0.0167,0.0165620883,0.0137,0.0135665793,0.0077,0.0076705063,0.0047,0.0046749973,0.0088,0.0087615057,0.0058,0.0057659967,0.0067,0.0066776548,0.0037,0.0036821458,0.0051,0.005087039,0.0021,0.0020915301,0.0469,0.0458334163,0.0439,0.0428379074,0.0383,0.0375847603,0.0353,0.0345892513,0.0058,0.0057832448,0.0028,0.0027877358,0.0221,0.0218593344,0.0191,0.0188638254,0.0128,0.0127187724,0.0098,0.0097232634
1964-07-01,0.003,0.002995509,0.0176,0.0174469136,0.0146,0.0144514046,0.0564,0.0548669014,0.0534,0.0518713925,0.0134,0.0133110141,0.0104,0.0103155051,0.0334,0.0328543369,0.0304,0.0298588279,-0.0181,-0.0182658088,-0.0211,-0.0212613178,-0.0201,-0.0203047533,-0.0231,-0.0233002623,0.0119,0.0118297518,0.0089,0.0088342428,0.0476,0.0465018337,0.0446,0.0435063247,0.0493,0.0481232752,0.0463,0.0451277662,0.0129,0.0128175037,0.0099,0.0098219947
1964-08-01,0.0028,0.0027960873,-0.0026,-0.0026033859,-0.0054,-0.0053994732,0.0142,0.0141001244,0.0114,0.0113040371,-0.0126,-0.0126800532,-0.0154,-0.0154761405,-0.0187,-0.0188770558,-0.0215,-0.0216731431,-0.0276,-0.0279880365,-0.0304,-0.0307841238,-0.0156,-0.0157229605,-0.0184,-0.0185190478,0.0033,0.0032945669,0.0005,0.0004984796,-0.0422,-0.0431162911,-0.045,-0.0459123784,-0.0004,-0.00040008,-0.0032,-0.0031961673,-0.0314,-0.031903549,-0.0342,-0.0346996363
1964-09-01,0.0028,0.0027960873,0.017,0.0168571171,0.0142,0.0140610298,0.0464,0.0453557017,0.0436,0.0425596144,0.0477,0.0465972854,0.0449,0.0438011981,0.0306,0.0301411569,0.0278,0.0273450696,0.0115,0.0114343776,0.0087,0.0086382903,-0.0103,-0.0103534121,-0.0131,-0.0131494994,0.0348,0.0342081713,0.032,0.031412084,0.0275,0.0271286674,0.0247,0.0243325801,0.0188,0.0186254641,0.016,0.0158293768,0.0394,0.0386436236,0.0366,0.0358475363
1964-10-01,0.0029,0.0028958031,-0.0019,-0.0019018073,-0.0048,-0.0047976104,0.0007,0.0006997551,-0.0022,-0.002196048,0.0043,0.0042907814,0.0014,0.0013949783,0.0307,0.0302381831,0.0278,0.0273423799,-0.0099,-0.0099493309,-0.0128,-0.012845134,-0.0089,-0.0089398416,-0.0118,-0.0118356447,0.0231,0.0228372339,0.0202,0.0199414308,0.0286,0.0281986544,0.0257,0.0253028512,0.0095,0.0094551588,0.0066,0.0065593557,0.0186,0.0184291355,0.0157,0.0155333324
1964-11-01,0.0029,0.0028958031,0.0071,0.0070749137,0.0042,0.0041791106,-0.0114,-0.0114654781,-0.0143,-0.0143612812,-0.006,-0.0060180723,-0.0089,-0.0089138754,0.0255,0.0251802985,0.0226,0.0222844954,-0.0023,-0.0023026491,-0.0052,-0.0051984522,-0.0223,-0.0225524045,-0.0252,-0.0254482076,0.0323,0.0317893225,0.0294,0.0288935194,0.0217,0.0214679066,0.0188,0.0185721035,0.0137,0.0136070034,0.0108,0.0107112003,-0.0165,-0.0166376412,-0.0194,-0.0195334443
1964-12-01,0.0031,0.0030952049,0.0023,0.002297359,-0.0008,-0.0007978459,0.0189,0.018723614,0.0158,0.0156284091,-0.007,-0.0070246149,-0.0101,-0.0101198198,-0.0021,-0.0021022081,-0.0052,-0.005197413,-0.0001,-0.000100005,-0.0032,-0.0031952099,0.0312,0.0307231726,0.0281,0.0276279677,0.0016,0.0015987214,-0.0015,-0.0014964835,0.0438,0.0428679002,0.0407,0.0397726953,0.0049,0.0048880341,0.0018,0.0017928292,-0.0178,-0.0179603254,-0.0209,-0.0210555303
1965-01-01,0.0028,0.0027960873,0.0606,0.0588347857,0.0578,0.0560386984,0.0381,0.0373921192,0.0353,0.0345960319,0.0539,0.052497569,0.0511,0.0497014817,0.0035,0.0034938893,0.0007,0.000697802,0.0746,0.0719484993,0.0718,0.069152412,0.0025,0.0024968802,-0.0003,-0.0002992071,0.0305,0.0300441213,0.0277,0.027248034,0.0766,0.0738079271,0.0738,0.0710118398,0.0396,0.0388360238,0.0368,0.0360399365,0.0473,0.0462154238,0.0445,0.0434193365
1965-02-01,0.003,0.002995509,0.0159,0.0157749191,0.0129,0.0127794101,-0.0052,-0.0052135671,-0.0082,-0.008209076,0.0255,0.0251802985,0.0225,0.0221847896,-0.0339,-0.0344879305,-0.0369,-0.0374834394,0.0219,0.0216636396,0.0189,0.0186681307,0.008,0.0079681696,0.005,0.0049726607,0.0139,0.013804281,0.0109,0.010808772,0.0242,0.02391182,0.0212,0.0209163111,0.0043,0.0042907814,0.0013,0.0012952724,0.0258,0.025472796,0.0228,0.022477287
1965-03-01,0.0036,0.0035935355,-0.0077,-0.0077297981,-0.0113,-0.0113233336,0.0128,0.0127187724,0.0092,0.0091252369,-0.0115,-0.0115666364,-0.0151,-0.0151601719,-0.0303,-0.0307685337,-0.0339,-0.0343620692,-0.0046,-0.0046106126,-0.0082,-0.0082041481,-0.0168,-0.0169427207,-0.0204,-0.0205362562,-0.0082,-0.0082338049,-0.0118,-0.0118273404,-0.0092,-0.0092425814,-0.0128,-0.0128361169,-0.0052,-0.0052135671,-0.0088,-0.0088071026,-0.0038,-0.0038072383,-0.0074,-0.0074007739
1965-04-01,0.0031,0.0030952049,0.042,0.0411419433,0.0389,0.0380467384,0.0678,0.0656004571,0.0647,0.0625052522,0.0405,0.0397013669,0.0374,0.0366061619,0.0086,0.0085632307,0.0055,0.0054680258,0.0514,0.0501226094,0.0483,0.0470274045,0.0233,0.0230326991,0.0202,0.0199374942,0.068,0.0657877405,0.0649,0.0626925356,0.0297,0.0292674977,0.0266,0.0261722928,0.0066,0.0065783154,0.0035,0.0034831105,0.0232,0.0229349713,0.0201,0.0198397664
1965-05-01,0.0031,0.0030952049,-0.0078,-0.0078305791,-0.0109,-0.010925784,-0.033,-0.0335567835,-0.0361,-0.0366519884,-0.0055,-0.0055151807,-0.0086,-0.0086103856,0.0086,0.0085632307,0.0055,0.0054680258,0.0047,0.0046889895,0.0016,0.0015937846,0.0277,0.0273232956,0.0246,0.0242280907,0.0019,0.0018981973,-0.0012,-0.0011970076,-0.0125,-0.0125787822,-0.0156,-0.0156739871,-0.0097,-0.0097473515,-0.0128,-0.0128425564,-0.0151,-0.0152151658,-0.0182,-0.0183103707
1965-06-01,0.0035,0.0034938893,-0.051,-0.0523464804,-0.0545,-0.0558403696,-0.0681,-0.0705297662,-0.0716,-0.0740236554,-0.0624,-0.0644318602,-0.0659,-0.0679257494,-0.0205,-0.0207130416,-0.024,-0.0242069309,-0.0573,-0.0590071806,-0.0608,-0.0625010698,-0.0418,-0.0426987545,-0.0453,-0.0461926438,-0.0622,-0.0642185723,-0.0657,-0.0677124616,-0.0531,-0.054561788,-0.0566,-0.0580556772,-0.0366,-0.0372865848,-0.0401,-0.040780474,-0.0702,-0.0727857697,-0.0737,-0.076279659
1965-07-01,0.0031,0.0030952049,0.0158,0.0156764794,0.0127,0.0125812745,0.0229,0.0226417305,0.0198,0.0195465256,0.0207,0.0204886664,0.0176,0.0173934615,0.0186,0.0184291355,0.0155,0.0153339306,0.0359,0.0352706141,0.0328,0.0321754092,-0.0037,-0.0037068619,-0.0068,-0.0068020668,-0.014,-0.0140989244,-0.0171,-0.0171941293,0.0395,0.0387398283,0.0364,0.0356446234,0.0106,0.0105442139,0.0075,0.007449009,0.0334,0.0328543369,0.0303,0.029759132
1965-08-01,0.0033,0.0032945669,0.0406,0.0397974699,0.0373,0.0365029029,0.0343,0.0337248694,0.031,0.0304303025,0.0352,0.0345946448,0.0319,0.0313000778,0.0154,0.0152826235,0.0121,0.0119880566,0.0587,0.0570417404,0.0554,0.0537471734,0.0133,0.0132123315,0.01,0.0099177645,0.0229,0.0226417305,0.0196,0.0193471635,0.063,0.0610950994,0.0597,0.0578005324,0.0093,0.0092570213,0.006,0.0059624543,0.0509,0.0496469399,0.0476,0.0463523729
1965-09-01,0.0031,0.0030952049,0.0048,0.0047885167,0.0017,0.0016933118,0.0712,0.0687795154,0.0681,0.0656843105,0.0384,0.037681067,0.0353,0.0345858621,0.0437,0.0427720918,0.0406,0.0396768869,0.0526,0.0512632939,0.0495,0.048168089,0.011,0.01093994,0.0079,0.0078447351,-0.0068,-0.0068232253,-0.0099,-0.0099184303,0.0224,0.0221528046,0.0193,0.0190575997,0.0139,0.013804281,0.0108,0.0107090761,0.0177,0.0175451792,0.0146,0.0144499743
1965-10-01,0.0031,0.0030952049,0.0259,0.0255702761,0.0228,0.0224750712,0.0614,0.0595887914,0.0583,0.0564935865,0.0436,0.0426762743,0.0405,0.0395810694,0.0184,0.0182327683,0.0153,0.0151375634,0.0521,0.0507881668,0.049,0.0476929619,-0.0227,-0.0229616116,-0.0258,-0.0260568165,0.0031,0.0030952049,0.0,0.0,0.0323,0.0317893225,0.0292,0.0286941176,0.0105,0.0104452579,0.0074,0.007350053,0.0403,0.0395091331,0.0372,0.0364139282
1965-11-01,0.0035,0.0034938893,0.0108,0.0107420965,0.0073,0.0072482073,-0.0381,-0.0388447838,-0.0416,-0.0423386731,0.0139,0.013804281,0.0104,0.0103103917,0.007,0.0069756137,0.0035,0.0034817245,0.0274,0.0270313391,0.0239,0.0235374498,-0.0431,-0.0440563862,-0.0466,-0.0475502755,0.0134,0.0133110141,0.0099,0.0098171248,0.0379,0.037199441,0.0344,0.0337055517,-0.0101,-0.0101513511,-0.0136,-0.0136452403,0.0412,0.0403738941,0.0377,0.0368800049
1965-12-01,0.0033,0.0032945669,0.0129,0.0128175037,0.0096,0.0095229368,0.0148,0.0146915487,0.0115,0.0113969818,0.0324,0.0318861889,0.0291,0.0285916219,0.0019,0.0018981973,-0.0014,-0.0013963697,-0.0152,-0.0153167041,-0.0185,-0.0186112711,-0.0085,-0.008536331,-0.0118,-0.011830898,0.0126,0.0125212806,0.0093,0.0092267136,0.0382,0.0374884444,0.0349,0.0341938775,-0.0033,-0.003305457,-0.0066,-0.006600024,0.0331,0.0325639909,0.0298,0.0292694239
1966-01-01,0.0038,0.0037927982,0.0193,0.0191161172,0.0155,0.015323319,0.006,0.0059820717,0.0022,0.0021892734,0.0291,0.0286846339,0.0253,0.0248918356,0.0103,0.0102473165,0.0065,0.0064545182,0.0134,0.0133110141,0.0096,0.0095182158,-0.0129,-0.0129839276,-0.0167,-0.0167767258,-0.0428,-0.0437429229,-0.0466,-0.0475357212,0.0278,0.0274205956,0.024,0.0236277973,-0.0301,-0.0305623056,-0.0339,-0.0343551038,0.0516,0.0503128139,0.0478,0.0465200156
1966-02-01,0.0035,0.0034938893,-0.0048,-0.004811557,-0.0083,-0.0083054463,-0.0149,-0.0150121201,-0.0184,-0.0185060094,-0.0072,-0.0072260451,-0.0107,-0.0107199343,-0.0347,-0.0353163451,-0.0382,-0.0388102344,0.0501,0.0488853977,0.0466,0.0453915085,0.0047,0.0046889895,0.0012,0.0011951002,-0.0184,-0.0185713856,-0.0219,-0.0220652748,-0.0156,-0.0157229605,-0.0191,-0.0192168497,-0.0418,-0.0426987545,-0.0453,-0.0461926438,0.0206,0.0203906896,0.0171,0.0168968004
1966-03-01,0.0038,0.0037927982,-0.0265,-0.0268574542,-0.0303,-0.0306502524,-0.0297,-0.030149977,-0.0335,-0.0339427752,-0.0178,-0.0179603254,-0.0216,-0.0217531236,-0.0224,-0.0226546906,-0.0262,-0.0264474888,-0.009,-0.0090407447,-0.0128,-0.0128335429,-0.0485,-0.0497155922,-0.0523,-0.0535083905,-0.0212,-0.0214279474,-0.025,-0.0252207457,-0.016,-0.0161293819,-0.0198,-0.0199221802,-0.0014,-0.0014009809,-0.0052,-0.0051937792,-0.0257,-0.0260360146,-0.0295,-0.0298288128
1966-04-01,0.0034,0.0033942331,0.0041,0.0040916179,0.0007,0.0006973848,0.0015,0.0014988761,-0.0019,-0.0018953569,0.0286,0.0281986544,0.0252,0.0248044213,0.0314,0.0309171026,0.028,0.0275228696,0.0763,0.0735292333,0.0729,0.0701350002,0.0127,0.0126200314,0.0093,0.0092257983,0.0308,0.0303351998,0.0274,0.0269409667,-0.0001,-0.000100005,-0.0035,-0.0034942381,0.0118,0.0117309229,0.0084,0.0083366898,0.0302,0.0297529581,0.0268,0.0263587251
1966-05-01,0.0041,0.0040916179,-0.0492,-0.0504515435,-0.0533,-0.0545431614,-0.084,-0.0877389143,-0.0881,-0.0918305322,-0.0569,-0.0585829574,-0.061,-0.0626745753,-0.0378,-0.0385329497,-0.0419,-0.0426245676,-0.0607,-0.062620362,-0.0648,-0.0667119799,-0.0299,-0.03035612,-0.034,-0.0344477379,-0.0293,-0.0297378183,-0.0334,-0.0338294362,-0.0526,-0.0540338885,-0.0567,-0.0581255064,-0.0274,-0.027782381,-0.0315,-0.0318739989,-0.0778,-0.0809931592,-0.0819,-0.0850847771
1966-06-01,0.0038,0.0037927982,-0.018,-0.0181639706,-0.0218,-0.0219567689,-0.0197,-0.0198966317,-0.0235,-0.02368943,-0.0095,-0.0095454128,-0.0133,-0.0133382111,-0.0227,-0.0229616116,-0.0265,-0.0267544099,-0.0013,-0.0013008457,-0.0051,-0.005093644,0.0047,0.0046889895,0.0009,0.0008961912,-0.0238,-0.0240877955,-0.0276,-0.0278805938,0.0099,0.0098513161,0.0061,0.0060585178,-0.0179,-0.0180621428,-0.0217,-0.0218549411,0.0064,0.006379607,0.0026,0.0025868087
1966-07-01,0.0035,0.0034938893,-0.0119,-0.0119713718,-0.0154,-0.015465261,-0.0258,-0.0261386576,-0.0293,-0.0296325469,-0.0161,-0.0162310131,-0.0196,-0.0197249024,0.004,0.0039920213,0.0005,0.000498132,-0.0171,-0.0172478934,-0.0206,-0.0207417827,-0.0116,-0.0116678049,-0.0151,-0.0151616941,-0.0197,-0.0198966317,-0.0232,-0.023390521,-0.0172,-0.0173496383,-0.0207,-0.0208435276,-0.0018,-0.0018016219,-0.0053,-0.0052955112,-0.019,-0.0191828194,-0.0225,-0.0226767087
1966-08-01,0.0041,0.0040916179,-0.0722,-0.0749390867,-0.0763,-0.0790307046,-0.0762,-0.079259681,-0.0803,-0.0833512989,-0.0787,-0.0819695629,-0.0828,-0.0860611808,-0.0644,-0.0665672443,-0.0685,-0.0706588622,-0.0611,-0.0630463017,-0.0652,-0.0671379196,-0.0457,-0.0467771916,-0.0498,-0.0508688095,-0.0642,-0.0663535006,-0.0683,-0.0704451185,-0.0811,-0.0845779765,-0.0852,-0.0886695944,-0.0861,-0.0900341227,-0.0902,-0.0941257406,-0.1184,-0.1260168406,-0.1225,-0.1301084585
1966-09-01,0.004,0.0039920213,-0.0145,-0.0146061524,-0.0185,-0.0185981737,-0.0097,-0.0097473515,-0.0137,-0.0137393727,-0.0361,-0.0367677242,-0.0401,-0.0407597455,0.0391,0.0383549539,0.0351,0.0343629326,-0.0194,-0.0195906498,-0.0234,-0.023582671,-0.0056,-0.0056157388,-0.0096,-0.0096077601,-0.02,-0.0202027073,-0.024,-0.0241947286,-0.0114,-0.0114654781,-0.0154,-0.0154574994,0.0436,0.0426762743,0.0396,0.038684253,-0.0192,-0.0193867138,-0.0232,-0.0233787351
1966-10-01,0.0045,0.0044899053,0.0453,0.0443039256,0.0408,0.0398140203,0.0037,0.0036931718,-0.0008,-0.0007967334,0.0252,0.0248877155,0.0207,0.0203978102,0.0846,0.0812112554,0.0801,0.0767213502,0.0028,0.0027960873,-0.0017,-0.001693818,0.0918,0.0878277104,0.0873,0.0833378051,-0.0138,-0.0138961052,-0.0183,-0.0183860105,0.0487,0.0475513019,0.0442,0.0430613966,0.0996,0.0949464773,0.0951,0.090456572,0.0303,0.029850022,0.0258,0.0253601167
1966-11-01,0.004,0.0039920213,0.0231,0.0228372339,0.0191,0.0188452126,-0.0346,-0.0352127558,-0.0386,-0.039204777,0.0278,0.0274205956,0.0238,0.0234285743,-0.0117,-0.0117689836,-0.0157,-0.0157610049,0.1098,0.1041798189,0.1058,0.1001877976,-0.0284,-0.0288110819,-0.0324,-0.0328031031,0.007,0.0069756137,0.003,0.0029835925,0.0691,0.066817173,0.0651,0.0628251518,-0.0137,-0.013794711,-0.0177,-0.0177867323,0.0792,0.0762200259,0.0752,0.0722280046
1966-12-01,0.004,0.0039920213,0.0022,0.0021975835,-0.0018,-0.0017944377,-0.0265,-0.0268574542,-0.0305,-0.0308494754,0.0137,0.0136070034,0.0097,0.0096149821,-0.0066,-0.0066218763,-0.0106,-0.0106138976,0.0046,0.0045894523,0.0006,0.0005974311,0.0296,0.0291703773,0.0256,0.025178356,-0.0416,-0.0424900516,-0.0456,-0.0464820729,-0.0018,-0.0018016219,-0.0058,-0.0057936432,0.0209,0.0206845912,0.0169,0.0166925699,0.0219,0.0216636396,0.0179,0.0176716184
1967-01-01,0.0043,0.0042907814,0.0939,0.0897492921,0.0896,0.0854585107,0.1178,0.1113624679,0.1135,0.1070716864,0.1119,0.1060702637,0.1076,0.1017794823,0.0358,0.035174075,0.0315,0.0308832936,0.1031,0.098124398,0.0988,0.0938336166,0.0624,0.0605304997,0.0581,0.0562397183,0.118,0.1115413747,0.1137,0.1072505933,0.0645,0.0625052054,0.0602,0.0582144239,0.0284,0.0280041964,0.0241,0.023713415,0.1197,0.1130607923,0.1154,0.1087700109
1967-02-01,0.0036,0.0035935355,0.0203,0.0200967017,0.0167,0.0165031662,-0.0109,-0.0109598402,-0.0145,-0.0145533757,0.0122,0.0121261798,0.0086,0.0085326443,-0.001,-0.0010005003,-0.0046,-0.0045940358,0.0619,0.0600597564,0.0583,0.0564662209,0.0213,0.0210763256,0.0177,0.0174827901,0.0322,0.0316924467,0.0286,0.0280989112,0.014,0.0139029052,0.0104,0.0103093697,-0.0173,-0.0174513936,-0.0209,-0.0210449291,-0.0032,-0.0032051309,-0.0068,-0.0067986665
1967-03-01,0.0039,0.0038924147,0.0445,0.043538302,0.0406,0.0396458873,0.0384,0.037681067,0.0345,0.0337886523,0.0579,0.056285811,0.054,0.0523933963,0.0362,0.0355601754,0.0323,0.0316677607,0.0551,0.0536355492,0.0512,0.0497431345,0.0296,0.0291703773,0.0257,0.0252779626,0.0233,0.0230326991,0.0194,0.0191402844,0.0786,0.0756639039,0.0747,0.0717714892,0.0154,0.0152826235,0.0115,0.0113902088,0.0441,0.0431552703,0.0402,0.0392628556
1967-04-01,0.0032,0.0031948909,0.046,0.0449733656,0.0428,0.0417784747,0.1106,0.1049004098,0.1074,0.1017055189,0.0375,0.0368139731,0.0343,0.0336190822,0.0167,0.0165620883,0.0135,0.0133671974,0.0783,0.0753857269,0.0751,0.072190836,0.0022,0.0021975835,-0.001,-0.0009973074,0.0921,0.0881024482,0.0889,0.0849075573,0.0445,0.043538302,0.0413,0.0403434111,0.0188,0.0186254641,0.0156,0.0154305732,0.0211,0.0208804776,0.0179,0.0176855867
1967-05-01,0.0033,0.0032945669,-0.0272,-0.0275767678,-0.0305,-0.0308713347,-0.0735,-0.0763412333,-0.0768,-0.0796358002,-0.0367,-0.0373903892,-0.04,-0.0406849562,-0.0246,-0.0249076357,-0.0279,-0.0282022027,-0.0434,-0.0443699477,-0.0467,-0.0476645147,-0.0566,-0.0582649081,-0.0599,-0.0615594751,-0.0457,-0.0467771916,-0.049,-0.0500717585,-0.0529,-0.0543505948,-0.0562,-0.0576451617,-0.0412,-0.0420727764,-0.0445,-0.0453673434,-0.0202,-0.0204068098,-0.0235,-0.0237013767
1967-06-01,0.0027,0.0026963615,0.0275,0.0271286674,0.0248,0.0244323058,0.0159,0.0157749191,0.0132,0.0130785576,0.021,0.0207825392,0.0183,0.0180861776,0.0228,0.0225439644,0.0201,0.0198476029,0.0642,0.0622233432,0.0615,0.0595269816,0.0273,0.0269340012,0.0246,0.0242376397,0.0378,0.037103088,0.0351,0.0344067264,0.0541,0.0526873223,0.0514,0.0499909607,-0.0131,-0.0131865618,-0.0158,-0.0158829234,0.0351,0.0344980404,0.0324,0.0318016789
1967-07-01,0.0032,0.0031948909,0.0605,0.058740495,0.0573,0.0555456041,0.1111,0.1053505156,0.1079,0.1021556247,0.0504,0.049171044,0.0472,0.0459761531,0.0693,0.0670042288,0.0661,0.0638093379,0.0399,0.0391245547,0.0367,0.0359296638,-0.0658,-0.0680647309,-0.069,-0.0712596218,0.06,0.0582689081,0.0568,0.0550740172,0.0379,0.037199441,0.0347,0.0340045501,0.0233,0.0230326991,0.0201,0.0198378082,0.0787,0.0757566124,0.0755,0.0725617215
1967-08-01,0.0031,0.0030952049,-0.0082,-0.0082338049,-0.0113,-0.0113290098,0.0014,0.0013990209,-0.0017,-0.001696184,-0.004,-0.0040080214,-0.0071,-0.0071032263,-0.0148,-0.0149106127,-0.0179,-0.0180058176,-0.0101,-0.0101513511,-0.0132,-0.013246556,-0.0124,-0.0124775215,-0.0155,-0.0155727264,0.0033,0.0032945669,0.0002,0.000199362,0.0065,0.0064789661,0.0034,0.0033837612,-0.0065,-0.006521217,-0.0096,-0.0096164219,-0.0025,-0.0025031302,-0.0056,-0.0055983351
1967-09-01,0.0032,0.0031948909,0.031,0.030529205,0.0278,0.0273343141,0.0498,0.0485996698,0.0466,0.0454047789,0.0311,0.0306261935,0.0279,0.0274313026,0.0424,0.0415257468,0.0392,0.0383308559,0.0836,0.0802888312,0.0804,0.0770939403,0.0122,0.0121261798,0.009,0.0089312889,0.0245,0.0242046887,0.0213,0.0210097978,0.029,0.0285874569,0.0258,0.025392566,-0.001,-0.0010005003,-0.0042,-0.0041953912,0.0127,0.0126200314,0.0095,0.0094251405
1967-10-01,0.0039,0.0038924147,-0.0262,-0.0265493352,-0.0301,-0.0304417499,-0.0491,-0.0503463744,-0.053,-0.0542387892,-0.0452,-0.0462533845,-0.0491,-0.0501457992,-0.0096,-0.0096463771,-0.0135,-0.0135387918,0.0489,0.047741996,0.045,0.0438495813,-0.0349,-0.0355235561,-0.0388,-0.0394159708,0.0066,0.0065783154,0.0027,0.0026859006,-0.0503,-0.0516091337,-0.0542,-0.0555015484,-0.0537,-0.0551956355,-0.0576,-0.0590880502,-0.0504,-0.0517144357,-0.0543,-0.0556068504
1967-11-01,0.0036,0.0035935355,0.0049,0.0048880341,0.0013,0.0012944986,-0.0096,-0.0096463771,-0.0132,-0.0132399126,0.0063,0.006280238,0.0027,0.0026867024,0.0078,0.0077697373,0.0042,0.0041762018,0.0142,0.0141001244,0.0106,0.0105065889,0.0008,0.0007996802,-0.0028,-0.0027938553,0.0084,0.0083649163,0.0048,0.0047713808,0.0133,0.0132123315,0.0097,0.009618796,0.0319,0.0314017631,0.0283,0.0278082276,-0.0032,-0.0032051309,-0.0068,-0.0067986665
1967-12-01,0.0033,0.0032945669,0.0313,0.0308201423,0.028,0.0275255754,0.0088,0.0087615057,0.0055,0.0054669387,0.052,0.0506931143,0.0487,0.0473985474,0.0307,0.0302381831,0.0274,0.0269436161,0.0213,0.0210763256,0.018,0.0177817587,0.0012,0.0011992806,-0.0021,-0.0020952864,0.0345,0.0339182182,0.0312,0.0306236513,0.017,0.0168571171,0.0137,0.0135625501,0.0329,0.03237038,0.0296,0.0290758131,0.054,0.0525924501,0.0507,0.0492978832
1968-01-01,0.004,0.0039920213,-0.0043,-0.0043092716,-0.0083,-0.0083012929,-0.0515,-0.0528734896,-0.0555,-0.0568655109,-0.0636,-0.0657125434,-0.0676,-0.0697045646,-0.009,-0.0090407447,-0.013,-0.0130327659,-0.0873,-0.0913480395,-0.0913,-0.0953400607,0.0267,0.0263497753,0.0227,0.0223577541,0.0113,0.0112366319,0.0073,0.0072446107,-0.0657,-0.0679576932,-0.0697,-0.0719497145,0.0018,0.0017983819,-0.0022,-0.0021936393,-0.019,-0.0191828194,-0.023,-0.0231748407
1968-02-01,0.0039,0.0038924147,-0.0271,-0.027473977,-0.031,-0.0313663917,-0.0234,-0.0236781274,-0.0273,-0.0275705421,-0.0427,-0.043638457,-0.0466,-0.0475308717,-0.0268,-0.0271656681,-0.0307,-0.0310580828,-0.0458,-0.0468819859,-0.0497,-0.0507744006,-0.0242,-0.0244976316,-0.0281,-0.0283900463,-0.0085,-0.008536331,-0.0124,-0.0124287457,-0.0425,-0.0434295579,-0.0464,-0.0473219726,-0.0149,-0.0150121201,-0.0188,-0.0189045348,-0.0344,-0.0350056092,-0.0383,-0.0388980239
1968-03-01,0.0038,0.0037927982,0.0064,0.006379607,0.0026,0.0025868087,0.0065,0.0064789661,0.0027,0.0026861679,0.0084,0.0083649163,0.0046,0.0045721181,0.0074,0.0073727543,0.0036,0.0035799561,0.0424,0.0415257468,0.0386,0.0377329486,-0.0112,-0.0112631923,-0.015,-0.0150559905,0.0286,0.0281986544,0.0248,0.0244058561,0.0011,0.0010993954,-0.0027,-0.0026934028,-0.0394,-0.0401971898,-0.0432,-0.043989988,-0.0027,-0.0027036516,-0.0065,-0.0064964498
1968-04-01,0.0043,0.0042907814,0.1097,0.1040897085,0.1054,0.0997989271,0.1169,0.1105569906,0.1126,0.1062662091,0.1065,0.1012018805,0.1022,0.0969110991,0.0565,0.0549615581,0.0522,0.0506707767,0.1244,0.1172495601,0.1201,0.1129587786,0.0221,0.0218593344,0.0178,0.0175685529,0.1222,0.1152910443,0.1179,0.1110002629,0.119,0.1124354293,0.1147,0.1081446479,0.0242,0.02391182,0.0199,0.0196210386,0.1194,0.1127928275,0.1151,0.1085020461
1968-05-01,0.0045,0.0044899053,0.05,0.0487901642,0.0455,0.0443002589,-0.0034,-0.0034057931,-0.0079,-0.0078956984,0.0316,0.031110995,0.0271,0.0266210898,0.0124,0.0123237497,0.0079,0.0078338444,0.0383,0.0375847603,0.0338,0.0330948551,-0.0073,-0.0073267754,-0.0118,-0.0118166807,0.0343,0.0337248694,0.0298,0.0292349641,0.0335,0.0329511001,0.029,0.0284611949,0.0044,0.0043903483,-0.0001,-9.9557e-05,0.0623,0.0604363688,0.0578,0.0559464635
1968-06-01,0.0043,0.0042907814,0.01,0.0099503309,0.0057,0.0056595494,-0.0142,-0.0143017847,-0.0185,-0.0185925661,-0.0022,-0.0022024236,-0.0065,-0.006493205,0.0184,0.0182327683,0.0141,0.0139419868,-0.0203,-0.0205088766,-0.0246,-0.024799658,0.0418,0.0409499863,0.0375,0.0366592049,0.0051,0.005087039,0.0008,0.0007962576,0.0223,0.0220549908,0.018,0.0177642094,0.0845,0.0811190513,0.0802,0.0768282699,0.0303,0.029850022,0.026,0.0255592406
1968-07-01,0.0048,0.0047885167,-0.037,-0.0377018672,-0.0418,-0.0424903839,-0.0292,-0.0296348051,-0.034,-0.0344233219,-0.0397,-0.0405095433,-0.0445,-0.0452980601,0.0528,0.0514532816,0.048,0.0466647649,-0.0551,-0.0566761772,-0.0599,-0.0614646939,-0.002,-0.0020020027,-0.0068,-0.0067905194,-0.0516,-0.0529789248,-0.0564,-0.0577674415,-0.0412,-0.0420727764,-0.046,-0.0468612932,0.0018,0.0017983819,-0.003,-0.0029901348,-0.0301,-0.0305623056,-0.0349,-0.0353508223
1968-08-01,0.0042,0.0041912046,0.0274,0.0270313391,0.0232,0.0228401344,0.0125,0.01242252,0.0083,0.0082313154,0.0334,0.0328543369,0.0292,0.0286631323,0.013,0.0129162253,0.0088,0.0087250206,0.0054,0.0053854723,0.0012,0.0011942677,0.0129,0.0128175037,0.0087,0.0086262991,0.0226,0.0223484037,0.0184,0.018157199,0.0068,0.0067769843,0.0026,0.0025857797,-0.0087,-0.0087380659,-0.0129,-0.0129292706,0.0262,0.0258626595,0.022,0.0216714549
1968-09-01,0.0043,0.0042907814,0.0487,0.0475513019,0.0444,0.0432605204,0.0664,0.0642884899,0.0621,0.0599977085,0.0455,0.0444952399,0.0412,0.0402044585,0.0351,0.0344980404,0.0308,0.030207259,0.0294,0.0289761082,0.0251,0.0246853268,0.0297,0.0292674977,0.0254,0.0249767163,0.0784,0.0754784612,0.0741,0.0711876798,0.0084,0.0083649163,0.0041,0.0040741349,0.0026,0.0025966258,-0.0017,-0.0016941556,0.0944,0.0902062679,0.0901,0.0859154865
1968-10-01,0.0044,0.0043903483,0.0087,0.0086623731,0.0043,0.0042720248,0.0467,0.0456423579,0.0423,0.0412520096,0.0093,0.0092570213,0.0049,0.004866673,0.0259,0.0255702761,0.0215,0.0211799278,-0.049,-0.0502412164,-0.0534,-0.0546315647,0.0317,0.0312079271,0.0273,0.0268175788,0.0069,0.0068763039,0.0025,0.0024859556,-0.0004,-0.00040008,-0.0048,-0.0047904283,0.0049,0.0048880341,0.0005,0.0004976858,0.0109,0.0108410232,0.0065,0.0064506749
1968-11-01,0.0042,0.0041912046,0.0467,0.0456423579,0.0425,0.0414511533,-0.0014,-0.0014009809,-0.0056,-0.0055921855,0.0577,0.0560967394,0.0535,0.0519055347,0.0568,0.0552454742,0.0526,0.0510542696,0.0861,0.0825932983,0.0819,0.0784020937,0.0539,0.052497569,0.0497,0.0483063643,0.0514,0.0501226094,0.0472,0.0459314048,0.0812,0.0780715354,0.077,0.0738803308,0.0881,0.084433056,0.0839,0.0802418514,0.0771,0.0742722444,0.0729,0.0700810398
1968-12-01,0.0043,0.0042907814,-0.0102,-0.0102523765,-0.0145,-0.0145431579,-0.0446,-0.045625178,-0.0489,-0.0499159594,-0.0332,-0.0337636302,-0.0375,-0.0380544116,-0.0253,-0.0256255476,-0.0296,-0.0299163291,-0.0534,-0.0548786615,-0.0577,-0.0591694429,-0.0667,-0.0690285864,-0.071,-0.0733193678,-0.0413,-0.0421770789,-0.0456,-0.0464678603,-0.0102,-0.0102523765,-0.0145,-0.0145431579,-0.0292,-0.0296348051,-0.0335,-0.0339255865,-0.0368,-0.0374942044,-0.0411,-0.0417849858
1969-01-01,0.0053,0.0052860044,-0.0119,-0.0119713718,-0.0172,-0.0172573762,-0.0172,-0.0173496383,-0.0225,-0.0226356428,-0.0045,-0.0045101555,-0.0098,-0.0097961599,-0.0114,-0.0114654781,-0.0167,-0.0167514825,-0.0468,-0.0479305338,-0.0521,-0.0532165382,0.0117,0.0116320842,0.0064,0.0063460798,-0.0097,-0.0097473515,-0.015,-0.0150333559,-0.0023,-0.0023026491,-0.0076,-0.0075886535,0.0244,0.0241070753,0.0191,0.0188210709,0.0078,0.0077697373,0.0025,0.0024837328
1969-02-01,0.0046,0.0045894523,-0.0662,-0.0684929964,-0.0708,-0.0730824488,-0.0358,-0.036456537,-0.0404,-0.0410459893,-0.0573,-0.0590071806,-0.0619,-0.0635966329,-0.0495,-0.0507671171,-0.0541,-0.0553565694,-0.0362,-0.0368714748,-0.0408,-0.0414609271,-0.0334,-0.0339705196,-0.038,-0.0385599719,-0.0415,-0.0423857165,-0.0461,-0.0469751688,-0.0517,-0.0530843711,-0.0563,-0.0576738234,-0.0522,-0.0536117694,-0.0568,-0.0582012218,-0.0841,-0.0878480906,-0.0887,-0.0924375429
1969-03-01,0.0046,0.0045894523,0.0071,0.0070749137,0.0025,0.0024854613,0.051,0.0497420919,0.0464,0.0451526396,0.0265,0.0261549575,0.0219,0.0215655051,0.0736,0.0710174872,0.069,0.0664280349,0.0544,0.0529718848,0.0498,0.0483824324,-0.0042,-0.0042088448,-0.0088,-0.0087982971,0.0507,0.0494566087,0.0461,0.0448671564,0.0335,0.0329511001,0.0289,0.0283616478,-0.0129,-0.0129839276,-0.0175,-0.0175733799,0.0074,0.0073727543,0.0028,0.002783302
1969-04-01,0.0053,0.0052860044,0.0105,0.0104452579,0.0052,0.0051592534,0.0122,0.0121261798,0.0069,0.0068401754,0.013,0.0129162253,0.0077,0.0076302208,-0.0036,-0.0036064956,-0.0089,-0.0088925,0.0386,0.0378736524,0.0333,0.032587648,0.0768,0.0739936799,0.0715,0.0687076755,0.0394,0.0386436236,0.0341,0.0333576192,0.0498,0.0485996698,0.0445,0.0433136654,0.0134,0.0133110141,0.0081,0.0080250096,0.0183,0.0181345702,0.013,0.0128485658
1969-05-01,0.0048,0.0047885167,0.0121,0.0120273802,0.0073,0.0072388635,0.0013,0.0012991557,-0.0035,-0.003489361,-0.0086,-0.0086371934,-0.0134,-0.0134257101,0.04,0.0392207132,0.0352,0.0344321964,-0.016,-0.0161293819,-0.0208,-0.0209178987,0.0107,0.0106431601,0.0059,0.0058546434,0.0048,0.0047885167,0.0,0.0,0.0168,0.0166604409,0.012,0.0118719242,0.0002,0.00019998,-0.0046,-0.0045885367,-0.012,-0.0120725812,-0.0168,-0.016861098
1969-06-01,0.0051,0.005087039,-0.0737,-0.0765571227,-0.0788,-0.0816441618,-0.0599,-0.0617690264,-0.065,-0.0668560654,-0.0692,-0.0717108476,-0.0743,-0.0767978866,-0.0996,-0.1049161699,-0.1047,-0.110003209,-0.0016,-0.0016012814,-0.0067,-0.0066883204,-0.04,-0.0408219945,-0.0451,-0.0459090336,-0.0551,-0.0566761772,-0.0602,-0.0617632162,-0.0504,-0.0517144357,-0.0555,-0.0568014747,-0.0574,-0.0591132645,-0.0625,-0.0642003035,-0.1052,-0.1111550494,-0.1103,-0.1162420884
1969-07-01,0.0053,0.0052860044,-0.0685,-0.0709590889,-0.0738,-0.0762450934,-0.0697,-0.0722481642,-0.075,-0.0775341686,-0.0545,-0.0560413909,-0.0598,-0.0613273953,-0.0964,-0.1013684944,-0.1017,-0.1066544988,-0.0543,-0.055829885,-0.0596,-0.0611158894,-0.045,-0.0460439385,-0.0503,-0.0513299429,-0.0845,-0.0882849149,-0.0898,-0.0935709193,-0.0273,-0.0276795691,-0.0326,-0.0329655735,-0.0298,-0.0302530432,-0.0351,-0.0355390476,-0.0913,-0.0957402723,-0.0966,-0.1010262767
1969-08-01,0.005,0.0049875415,0.0495,0.0483138603,0.0445,0.0433263188,0.0273,0.0269340012,0.0223,0.0219464597,0.0419,0.0410459694,0.0369,0.0360584279,0.0662,0.0641009254,0.0612,0.0591133839,0.0703,0.067938983,0.0653,0.0629514415,0.0165,0.0163653541,0.0115,0.0113778126,0.0813,0.078164021,0.0763,0.0731764795,0.0931,0.0890176963,0.0881,0.0840301548,-0.0129,-0.0129839276,-0.0179,-0.0179714691,0.0898,0.0859941932,0.0848,0.0810066517
1969-09-01,0.0062,0.0061808591,0.0033,0.0032945669,-0.0029,-0.0028862921,-0.0006,-0.0006001801,-0.0068,-0.0067810391,-0.0207,-0.0209172483,-0.0269,-0.0270981073,-0.0963,-0.1012578321,-0.1025,-0.1074386911,0.002,0.0019980027,-0.0042,-0.0041828564,-0.04,-0.0408219945,-0.0462,-0.0470028536,-0.0066,-0.0066218763,-0.0128,-0.0128027354,0.0209,0.0206845912,0.0147,0.0145037321,-0.0415,-0.0423857165,-0.0477,-0.0485665756,-0.0063,-0.0063199287,-0.0125,-0.0125007878
1969-10-01,0.006,0.0059820717,0.0832,0.0799196232,0.0772,0.0739375515,0.0386,0.0378736524,0.0326,0.0318915808,0.0668,0.0646635133,0.0608,0.0586814416,-0.0103,-0.0103534121,-0.0163,-0.0163354838,0.0579,0.056285811,0.0519,0.0503037393,0.035,0.0344014267,0.029,0.028419355,0.0671,0.0649446886,0.0611,0.058962617,0.0898,0.0859941932,0.0838,0.0800121215,0.083,0.079734968,0.077,0.0737528963,0.08,0.0769610411,0.074,0.0709789695
1969-11-01,0.0052,0.0051865267,-0.0236,-0.0238829405,-0.0288,-0.0290694672,-0.0448,-0.0458345363,-0.05,-0.051021063,-0.0342,-0.0347985055,-0.0394,-0.0399850322,-0.0456,-0.0466724082,-0.0508,-0.0518589349,-0.0179,-0.0180621428,-0.0231,-0.0232486695,0.0116,0.0115332358,0.0064,0.0063467091,-0.0409,-0.0417599342,-0.0461,-0.0469464609,0.0032,0.0031948909,-0.002,-0.0019916358,-0.0528,-0.0542450149,-0.058,-0.0594315415,-0.0556,-0.0572054738,-0.0608,-0.0623920005
1969-12-01,0.0064,0.006379607,-0.0194,-0.0195906498,-0.0258,-0.0259702567,-0.0344,-0.0350056092,-0.0408,-0.0413852162,-0.0143,-0.0144032303,-0.0207,-0.0207828373,-0.0301,-0.0305623056,-0.0365,-0.0369419125,-0.0074,-0.0074275158,-0.0138,-0.0138071228,-0.0551,-0.0566761772,-0.0615,-0.0630557842,-0.03,-0.0304592075,-0.0364,-0.0368388144,0.043,0.042101176,0.0366,0.0357215691,-0.0063,-0.0063199287,-0.0127,-0.0126995357,-0.0376,-0.0383251143,-0.044,-0.0447047213
1970-01-01,0.006,0.0059820717,-0.0425,-0.0434295579,-0.0485,-0.0494116296,-0.0825,-0.0861026991,-0.0885,-0.0920847707,-0.073,-0.0758017134,-0.079,-0.0817837851,-0.1146,-0.1217157587,-0.1206,-0.1276978304,-0.0907,-0.0950802063,-0.0967,-0.1010622779,-0.0257,-0.0260360146,-0.0317,-0.0320180862,-0.0609,-0.0628333092,-0.0669,-0.0688153808,-0.0712,-0.0738618486,-0.0772,-0.0798439203,-0.0424,-0.0433251247,-0.0484,-0.0493071964,-0.0885,-0.0926636849,-0.0945,-0.0986457565
1970-02-01,0.0062,0.0061808591,0.047,0.0459289319,0.0408,0.0397480728,0.056,0.0544881853,0.0498,0.0483073262,0.0519,0.0505980528,0.0457,0.0444171937,0.0539,0.052497569,0.0477,0.0463167099,0.0295,0.0290732475,0.0233,0.0228923884,0.0797,0.0766832248,0.0735,0.0705023657,0.0558,0.0542987734,0.0496,0.0481179143,0.056,0.0544881853,0.0498,0.0483073262,0.0838,0.0804733841,0.0776,0.0742925251,0.0948,0.0905716982,0.0886,0.0843908391
1970-03-01,0.0057,0.0056838165,-0.0078,-0.0078305791,-0.0135,-0.0135143956,0.0487,0.0475513019,0.043,0.0418674854,-0.0029,-0.0029042131,-0.0086,-0.0085880296,-0.0045,-0.0045101555,-0.0102,-0.0101939719,-0.0258,-0.0261386576,-0.0315,-0.0318224741,0.0229,0.0226417305,0.0172,0.016957914,-0.0172,-0.0173496383,-0.0229,-0.0230334548,-0.0509,-0.0522411118,-0.0566,-0.0579249283,0.0291,0.0286846339,0.0234,0.0230008174,-0.018,-0.0181639706,-0.0237,-0.0238477871
1970-04-01,0.005,0.0049875415,-0.1014,-0.1069172823,-0.1064,-0.1119048239,-0.0886,-0.0927734002,-0.0936,-0.0977609417,-0.0898,-0.0940909234,-0.0948,-0.0990784649,-0.0917,-0.0961805585,-0.0967,-0.1011681,-0.1435,-0.1549009612,-0.1485,-0.1598885027,-0.0879,-0.0920056458,-0.0929,-0.0969931873,-0.1112,-0.1178830407,-0.1162,-0.1228705822,-0.1011,-0.1065834854,-0.1061,-0.1115710269,-0.0807,-0.0841427681,-0.0857,-0.0891303096,-0.1382,-0.1487320538,-0.1432,-0.1537195953
1970-05-01,0.0053,0.0052860044,-0.0745,-0.077421147,-0.0798,-0.0827071514,-0.0647,-0.0668879455,-0.07,-0.07217395,-0.0751,-0.0780696554,-0.0804,-0.0833556599,0.0266,0.0262523711,0.0213,0.0209663667,-0.0956,-0.1004835386,-0.1009,-0.105769543,-0.0371,-0.0378057147,-0.0424,-0.0430917192,-0.0947,-0.0994888985,-0.1,-0.1047749029,-0.0777,-0.0808847287,-0.083,-0.0861707332,-0.0535,-0.0549843083,-0.0588,-0.0602703128,-0.0817,-0.0852311444,-0.087,-0.0905171488
1970-06-01,0.0058,0.0057832448,-0.0148,-0.0149106127,-0.0206,-0.0206938575,-0.0415,-0.0423857165,-0.0473,-0.0481689613,-0.0482,-0.0494003503,-0.054,-0.0551835951,-0.0244,-0.0247026126,-0.0302,-0.0304858574,-0.1173,-0.124769887,-0.1231,-0.1305531317,-0.0849,-0.0887219301,-0.0907,-0.0945051748,-0.0398,-0.0406136829,-0.0456,-0.0463969276,-0.0051,-0.0051130494,-0.0109,-0.0108962941,-0.0471,-0.0482453126,-0.0529,-0.0540285574,-0.0685,-0.0709590889,-0.0743,-0.0767423337
1970-07-01,0.0052,0.0051865267,0.0668,0.0646635133,0.0616,0.0594769866,0.106,0.1007499031,0.1008,0.0955633764,0.0511,0.0498372348,0.0459,0.0446507082,0.1276,0.1200914803,0.1224,0.1149049536,0.0234,0.0231304174,0.0182,0.0179438907,0.1026,0.0976710272,0.0974,0.0924845005,0.1038,0.098758772,0.0986,0.0935722453,0.0216,0.0213700257,0.0164,0.016183499,0.0871,0.0835136002,0.0819,0.0783270735,0.0804,0.0773313429,0.0752,0.0721448162
1970-08-01,0.0053,0.0052860044,0.0146,0.0144944462,0.0093,0.0092084417,0.0828,0.0795502788,0.0775,0.0742642743,0.0465,0.0454512629,0.0412,0.0401652585,0.0659,0.0638195127,0.0606,0.0585335083,0.0803,0.0772387803,0.075,0.0719527759,0.0244,0.0241070753,0.0191,0.0188210709,0.0531,0.0517381954,0.0478,0.046452191,0.0182,0.0180363625,0.0129,0.0127503581,0.0469,0.0458334163,0.0416,0.0405474119,0.051,0.0497420919,0.0457,0.0444560875
1970-09-01,0.0054,0.0053854723,0.0552,0.0537303224,0.0498,0.0483448501,0.0269,0.0265445552,0.0215,0.0211590829,0.0397,0.03893221,0.0343,0.0335467377,0.032,0.0314986671,0.0266,0.0261131948,0.1018,0.0969452061,0.0964,0.0915597338,-0.0088,-0.0088389487,-0.0142,-0.0142244209,0.0795,0.076497971,0.0741,0.0711124987,0.0803,0.0772387803,0.0749,0.0718533081,-0.0052,-0.0052135671,-0.0106,-0.0105990393,0.0759,0.0731575206,0.0705,0.0677720483
1970-10-01,0.0046,0.0045894523,0.007,0.0069756137,0.0024,0.0023861614,-0.02,-0.0202027073,-0.0246,-0.0247921597,-0.0315,-0.0320067961,-0.0361,-0.0365962485,0.0295,0.0290732475,0.0249,0.0244837952,-0.0348,-0.0354199452,-0.0394,-0.0400093976,-0.0375,-0.0382212128,-0.0421,-0.0428106652,-0.0169,-0.0170444346,-0.0215,-0.0216338869,0.001,0.0009995003,-0.0036,-0.003589952,-0.0083,-0.0083346368,-0.0129,-0.0129240891,-0.0589,-0.0607058751,-0.0635,-0.0652953275
1970-11-01,0.0046,0.0045894523,0.0473,0.0462154238,0.0427,0.0416259715,0.0698,0.0674717151,0.0652,0.0628822628,0.0392,0.0384511864,0.0346,0.033861734,0.0495,0.0483138603,0.0449,0.0437244079,0.0406,0.0397974699,0.036,0.0352080175,0.0616,0.059777204,0.057,0.0551877517,0.0688,0.0665365238,0.0642,0.0619470715,0.0308,0.0303351998,0.0262,0.0257457475,0.0941,0.0899321075,0.0895,0.0853426552,0.0385,0.0377773643,0.0339,0.033187912
1970-12-01,0.0042,0.0041912046,0.075,0.0723206616,0.0708,0.068129457,0.0617,0.059871397,0.0575,0.0556801924,0.0801,0.0770536294,0.0759,0.0728624248,0.0225,0.0222506089,0.0183,0.0180594043,0.044,0.0430594895,0.0398,0.0388682848,0.0685,0.0662557958,0.0643,0.0620645912,0.0541,0.0526873223,0.0499,0.0484961177,0.0536,0.0522128714,0.0494,0.0480216668,0.0718,0.0693394781,0.0676,0.0651482735,0.0837,0.0803811119,0.0795,0.0761899073
1971-01-01,0.0038,0.0037927982,0.0482,0.0470744074,0.0444,0.0432816091,0.0387,0.0379699313,0.0349,0.034177133,0.0591,0.0574194909,0.0553,0.0536266926,0.0033,0.0032945669,-0.0005,-0.0004982313,0.0539,0.052497569,0.0501,0.0487047707,0.0977,0.0932170817,0.0939,0.0894242835,0.0829,0.0796426277,0.0791,0.0758498294,0.0488,0.0476466535,0.045,0.0438538552,0.0293,0.0288789596,0.0255,0.0250861613,0.0781,0.0752002326,0.0743,0.0714074343
1971-02-01,0.0033,0.0032945669,0.0377,0.0370067256,0.0344,0.0337121587,0.0224,0.0221528046,0.0191,0.0188582377,0.0124,0.0123237497,0.0091,0.0090291827,0.0481,0.0469790012,0.0448,0.0436844342,0.028,0.027615167,0.0247,0.0243206001,-0.0529,-0.0543505948,-0.0562,-0.0576451617,0.0364,0.0357531697,0.0331,0.0324586028,0.0139,0.013804281,0.0106,0.010509714,-0.026,-0.0263439753,-0.0293,-0.0296385423,0.0235,0.0232281261,0.0202,0.0199335592
1971-03-01,0.003,0.002995509,0.0445,0.043538302,0.0415,0.040542793,0.0344,0.0338215485,0.0314,0.0308260395,0.0408,0.0399896482,0.0378,0.0369941392,0.0276,0.0272259863,0.0246,0.0242304773,0.0805,0.077423897,0.0775,0.074428388,0.0071,0.0070749137,0.0041,0.0040794047,0.0681,0.0658813691,0.0651,0.0628858601,0.0367,0.0360425913,0.0337,0.0330470824,0.0241,0.0238141781,0.0211,0.0208186691,0.0601,0.0583632433,0.0571,0.0553677343
1971-04-01,0.0028,0.0027960873,0.0213,0.0210763256,0.0185,0.0182802383,0.0849,0.0814878168,0.0821,0.0786917295,0.0428,0.0419094031,0.04,0.0391133158,0.0431,0.0421970487,0.0403,0.0394009614,0.0231,0.0228372339,0.0203,0.0200411466,0.0081,0.0080673711,0.0053,0.0052712838,0.0497,0.0485044091,0.0469,0.0457083218,0.0425,0.0416216747,0.0397,0.0388255874,-0.0355,-0.0361454466,-0.0383,-0.0389415339,0.0436,0.0426762743,0.0408,0.039880187
1971-05-01,0.0029,0.0028958031,-0.0301,-0.0305623056,-0.033,-0.0334581087,-0.0428,-0.0437429229,-0.0457,-0.0466387261,-0.0226,-0.0228592941,-0.0255,-0.0257550973,-0.0477,-0.0488751678,-0.0506,-0.0517709709,-0.0618,-0.0637921331,-0.0647,-0.0666879362,-0.0516,-0.0529789248,-0.0545,-0.0558747279,-0.0179,-0.0180621428,-0.0208,-0.0209579459,-0.0211,-0.0213257867,-0.024,-0.0242215898,-0.0371,-0.0378057147,-0.04,-0.0407015178,-0.046,-0.0470916075,-0.0489,-0.0499874106
1971-06-01,0.0037,0.0036931718,-0.0015,-0.0015011261,-0.0052,-0.005194298,-0.0066,-0.0066218763,-0.0103,-0.0103150481,0.0037,0.0036931718,0.0,0.0,0.0103,0.0102473165,0.0066,0.0065541446,-0.0218,-0.0220411309,-0.0255,-0.0257343027,0.0104,0.0103462921,0.0067,0.0066531202,0.003,0.002995509,-0.0007,-0.0006976629,0.0202,0.0199986865,0.0165,0.0163055147,0.0432,0.0422929122,0.0395,0.0385997404,-0.0106,-0.0106565802,-0.0143,-0.014349752
1971-07-01,0.004,0.0039920213,-0.0214,-0.0216323001,-0.0254,-0.0256243214,-0.0556,-0.0572054738,-0.0596,-0.061197495,-0.0488,-0.0500309336,-0.0528,-0.0540229549,-0.0214,-0.0216323001,-0.0254,-0.0256243214,-0.0858,-0.0897059131,-0.0898,-0.0936979344,-0.0361,-0.0367677242,-0.0401,-0.0407597455,-0.0345,-0.0351091771,-0.0385,-0.0391011984,-0.0225,-0.0227569871,-0.0265,-0.0267490084,-0.0214,-0.0216323001,-0.0254,-0.0256243214,-0.0385,-0.039260714,-0.0425,-0.0432527352
1971-08-01,0.0047,0.0046889895,0.031,0.030529205,0.0263,0.0258402155,0.106,0.1007499031,0.1013,0.0960609136,0.0639,0.0619414015,0.0592,0.0572524121,-0.0122,-0.0122750309,-0.0169,-0.0169640204,0.0567,0.0551508445,0.052,0.050461855,-0.0034,-0.0034057931,-0.0081,-0.0080947826,0.062,0.0601539228,0.0573,0.0554649333,0.0328,0.0322735606,0.0281,0.0275845711,-0.0233,-0.0235757365,-0.028,-0.028264726,0.0703,0.067938983,0.0656,0.0632499935
1971-09-01,0.0037,0.0036931718,-0.0007,-0.0007002451,-0.0044,-0.004393417,-0.0007,-0.0007002451,-0.0044,-0.004393417,-0.0032,-0.0032051309,-0.0069,-0.0068983028,-0.0164,-0.0165359686,-0.0201,-0.0202291405,-0.0155,-0.0156213809,-0.0192,-0.0193145527,0.0023,0.002297359,-0.0014,-0.0013958128,0.0073,0.007273484,0.0036,0.0035803121,0.0066,0.0065783154,0.0029,0.0028851435,-0.0151,-0.0152151658,-0.0188,-0.0189083376,-0.0043,-0.0043092716,-0.008,-0.0080024434
1971-10-01,0.0037,0.0036931718,-0.0433,-0.0442654163,-0.047,-0.0479585881,-0.0521,-0.0535062675,-0.0558,-0.0571994394,-0.0604,-0.0623010262,-0.0641,-0.065994198,-0.0429,-0.0438473998,-0.0466,-0.0475405716,-0.0435,-0.0444744901,-0.0472,-0.0481676619,-0.0174,-0.0175531592,-0.0211,-0.0212463311,-0.0345,-0.0351091771,-0.0382,-0.038802349,-0.025,-0.025317808,-0.0287,-0.0290109798,0.0205,0.0202927033,0.0168,0.0165995314,-0.042,-0.042907501,-0.0457,-0.0466006728
1971-11-01,0.0037,0.0036931718,-0.0034,-0.0034057931,-0.0071,-0.007098965,0.0033,0.0032945669,-0.0004,-0.0003986049,-0.0098,-0.0098483361,-0.0135,-0.0135415079,0.0006,0.0005998201,-0.0031,-0.0030933518,0.0177,0.0175451792,0.014,0.0138520074,0.0039,0.0038924147,0.0002,0.0001992429,0.0024,0.0023971246,-0.0013,-0.0012960472,0.0059,0.0058826632,0.0022,0.0021894913,-0.012,-0.0120725812,-0.0157,-0.0157657531,-0.0018,-0.0018016219,-0.0055,-0.0054947938
1971-12-01,0.0037,0.0036931718,0.1054,0.1002072604,0.1017,0.0965140886,0.0614,0.0595887914,0.0577,0.0558956196,0.0987,0.0941276627,0.095,0.0904344909,0.0884,0.0847087279,0.0847,0.0810155561,0.1127,0.1067894942,0.109,0.1030963223,0.0737,0.0711106275,0.07,0.0674174556,0.1017,0.0968544414,0.098,0.0931612695,0.0791,0.0761273604,0.0754,0.0724341885,0.0811,0.0779790413,0.0774,0.0742858695,0.0814,0.078256498,0.0777,0.0745633261
1972-01-01,0.0029,0.0028958031,0.025,0.0246926126,0.0221,0.0217968095,0.0323,0.0317893225,0.0294,0.0288935194,0.0322,0.0316924467,0.0293,0.0287966436,0.0016,0.0015987214,-0.0013,-0.0012970817,0.0835,0.080196542,0.0806,0.0773007389,0.0094,0.0093560949,0.0065,0.0064602918,0.0043,0.0042907814,0.0014,0.0013949783,0.026,0.0256677467,0.0231,0.0227719436,-0.003,-0.003004509,-0.0059,-0.0059003121,0.0333,0.0327575642,0.0304,0.0298617611
1972-02-01,0.0025,0.0024968802,0.0465,0.0454512629,0.044,0.0429543827,0.0084,0.0083649163,0.0059,0.0058680361,0.0499,0.0486949215,0.0474,0.0461980413,0.0261,0.0257652079,0.0236,0.0232683277,0.0189,0.018723614,0.0164,0.0162267338,0.0016,0.0015987214,-0.0009,-0.0008981588,0.0566,0.0550562057,0.0541,0.0525593255,0.0713,0.0688728643,0.0688,0.0663759841,-0.025,-0.025317808,-0.0275,-0.0278146882,0.0225,0.0222506089,0.02,0.0197537287
1972-03-01,0.0027,0.0026963615,0.0008,0.0007996802,-0.0019,-0.0018966814,0.0423,0.0414298098,0.0396,0.0387334482,0.0249,0.0245950469,0.0222,0.0218986853,-0.0546,-0.0561471606,-0.0573,-0.0588435222,0.011,0.01093994,0.0083,0.0082435785,-0.0032,-0.0032051309,-0.0059,-0.0059014925,0.0198,0.0196065296,0.0171,0.0169101681,0.0046,0.0045894523,0.0019,0.0018930908,-0.0016,-0.0016012814,-0.0043,-0.0042976429,0.0231,0.0228372339,0.0204,0.0201408724
1972-04-01,0.0029,0.0028958031,0.019,0.0188217542,0.0161,0.0159259511,-0.0053,-0.0053140948,-0.0082,-0.0082098979,0.0197,0.0195084664,0.0168,0.0166126633,-0.0069,-0.0069239151,-0.0098,-0.0098197182,0.0076,0.0075712655,0.0047,0.0046754624,-0.0105,-0.0105555139,-0.0134,-0.0134513171,-0.0056,-0.0056157388,-0.0085,-0.0085115419,0.0108,0.0107420965,0.0079,0.0078462934,-0.0282,-0.028605257,-0.0311,-0.0315010601,0.0182,0.0180363625,0.0153,0.0151405594
1972-05-01,0.003,0.002995509,0.0041,0.0040916179,0.0011,0.0010961089,-0.0102,-0.0102523765,-0.0132,-0.0132478854,0.019,0.0188217542,0.016,0.0158262453,0.0369,0.0362354926,0.0339,0.0332399836,0.0374,0.0367175829,0.0344,0.033722074,0.0117,0.0116320842,0.0087,0.0086365752,0.0179,0.0177416815,0.0149,0.0147461725,0.0352,0.0345946448,0.0322,0.0315991358,-0.0018,-0.0018016219,-0.0048,-0.0047971309,-0.0061,-0.006118681,-0.0091,-0.00911419
1972-06-01,0.0029,0.0028958031,-0.0115,-0.0115666364,-0.0144,-0.0144624395,-0.0289,-0.0293258294,-0.0318,-0.0322216325,-0.0225,-0.0227569871,-0.0254,-0.0256527902,-0.0092,-0.0092425814,-0.0121,-0.0121383845,-0.0253,-0.0256255476,-0.0282,-0.0285213508,-0.0275,-0.0278852035,-0.0304,-0.0307810066,-0.0422,-0.0431162911,-0.0451,-0.0460120942,0.0251,0.0247901688,0.0222,0.0218943657,-0.0155,-0.0156213809,-0.0184,-0.018517184,-0.0451,-0.046148656,-0.048,-0.0490444591
1972-07-01,0.0031,0.0030952049,-0.0158,-0.0159261506,-0.0189,-0.0190213555,-0.0213,-0.0215301186,-0.0244,-0.0246253235,0.0048,0.0047885167,0.0017,0.0016933118,-0.0105,-0.0105555139,-0.0136,-0.0136507188,0.0096,0.0095542128,0.0065,0.0064590079,0.0075,0.0074720148,0.0044,0.0043768099,-0.0246,-0.0249076357,-0.0277,-0.0280028406,0.0313,0.0308201423,0.0282,0.0277249374,0.0004,0.00039992,-0.0027,-0.0026952849,-0.0295,-0.0299438764,-0.0326,-0.0330390813
1972-08-01,0.0029,0.0028958031,-0.0011,-0.0011006054,-0.004,-0.0039964086,0.0378,0.037103088,0.0349,0.0342072848,0.0229,0.0226417305,0.02,0.0197459274,0.1245,0.1173384924,0.1216,0.1144426893,0.0285,0.0281014301,0.0256,0.025205627,0.0515,0.0502177162,0.0486,0.047321913,-0.0043,-0.0043092716,-0.0072,-0.0072050747,0.0104,0.0103462921,0.0075,0.0074504889,0.0597,0.0579858492,0.0568,0.0550900461,0.0362,0.0355601754,0.0333,0.0326643723
1972-09-01,0.0034,0.0033942331,-0.0262,-0.0265493352,-0.0296,-0.0299435683,-0.0089,-0.0089398416,-0.0123,-0.0123340746,-0.0122,-0.0122750309,-0.0156,-0.0156692639,-0.0024,-0.0024028846,-0.0058,-0.0057971177,-0.0115,-0.0115666364,-0.0149,-0.0149608694,0.0431,0.0421970487,0.0397,0.0388028156,-0.005,-0.0050125418,-0.0084,-0.0084067749,-0.0044,-0.0044097085,-0.0078,-0.0078039416,0.002,0.0019980027,-0.0014,-0.0013962304,-0.0172,-0.0173496383,-0.0206,-0.0207438714
1972-10-01,0.004,0.0039920213,-0.0001,-0.000100005,-0.0041,-0.0040920263,-0.0244,-0.0247026126,-0.0284,-0.0286946339,0.0114,0.0113355097,0.0074,0.0073434884,0.031,0.030529205,0.027,0.0265371838,-0.0334,-0.0339705196,-0.0374,-0.0379625408,0.023,0.022739487,0.019,0.0187474657,0.0089,0.0088606284,0.0049,0.0048686072,0.0151,0.0149871298,0.0111,0.0109951085,0.0677,0.0655068022,0.0637,0.0615147809,0.0113,0.0112366319,0.0073,0.0072446107
1972-11-01,0.0037,0.0036931718,0.0688,0.0665365238,0.0651,0.062843352,0.0794,0.0764053312,0.0757,0.0727121594,0.042,0.0411419433,0.0383,0.0374487715,0.062,0.0601539228,0.0583,0.056460751,0.0253,0.0249852527,0.0216,0.0212920809,0.0706,0.068219239,0.0669,0.0645260671,0.0601,0.0583632433,0.0564,0.0546700715,-0.0056,-0.0056157388,-0.0093,-0.0093089106,0.064,0.0620353909,0.0603,0.0583422191,0.0514,0.0501226094,0.0477,0.0464294376
1972-12-01,0.0037,0.0036931718,0.0053,0.0052860044,0.0016,0.0015928326,0.0164,0.0162669725,0.0127,0.0125738006,0.0092,0.0091579378,0.0055,0.0054647659,0.0105,0.0104452579,0.0068,0.006752086,0.0198,0.0196065296,0.0161,0.0159133578,0.0145,0.0143958803,0.0108,0.0107027084,0.0173,0.0171520588,0.0136,0.013458887,0.0374,0.0367175829,0.0337,0.0330244111,-0.0154,-0.0155198117,-0.0191,-0.0192129835,-0.0073,-0.0073267754,-0.011,-0.0110199472
1973-01-01,0.0044,0.0043903483,-0.0476,-0.0487701644,-0.052,-0.0531605127,-0.067,-0.0693500781,-0.0714,-0.0737404264,-0.037,-0.0377018672,-0.0414,-0.0420922155,0.0503,0.0490758376,0.0459,0.0446854893,0.0196,0.0194103935,0.0152,0.0150200452,-0.0212,-0.0214279474,-0.0256,-0.0258182957,-0.0409,-0.0417599342,-0.0453,-0.0461502825,-0.0119,-0.0119713718,-0.0163,-0.0163617201,-0.0427,-0.043638457,-0.0471,-0.0480288053,-0.0745,-0.077421147,-0.0789,-0.0818114953
1973-02-01,0.0042,0.0041912046,-0.0437,-0.0446836076,-0.0479,-0.0488748122,-0.0586,-0.06038715,-0.0628,-0.0645783546,-0.0227,-0.0229616116,-0.0269,-0.0271528163,-0.0738,-0.0766650849,-0.078,-0.0808562896,-0.03,-0.0304592075,-0.0342,-0.0346504121,-0.0464,-0.0475109827,-0.0506,-0.0517021873,-0.0645,-0.0666741333,-0.0687,-0.0708653379,-0.0071,-0.0071253249,-0.0113,-0.0113165296,-0.0198,-0.0199986465,-0.024,-0.0241898511,-0.0606,-0.0625139054,-0.0648,-0.06670511
1973-03-01,0.0046,0.0045894523,-0.01,-0.0100503359,-0.0146,-0.0146397882,-0.0282,-0.028605257,-0.0328,-0.0331947093,-0.002,-0.0020020027,-0.0066,-0.006591455,0.0305,0.0300441213,0.0259,0.025454669,-0.012,-0.0120725812,-0.0166,-0.0166620336,0.0053,0.0052860044,0.0007,0.0006965521,-0.0564,-0.0580529314,-0.061,-0.0626423838,0.0078,0.0077697373,0.0032,0.0031802849,-0.0215,-0.0217344921,-0.0261,-0.0263239445,-0.0026,-0.0026033859,-0.0072,-0.0071928382
1973-04-01,0.0052,0.0051865267,-0.0625,-0.0645385211,-0.0677,-0.0697250478,-0.0519,-0.0532952971,-0.0571,-0.0584818237,-0.044,-0.0449973659,-0.0492,-0.0501838926,-0.0098,-0.0098483361,-0.015,-0.0150348627,-0.0666,-0.0689214455,-0.0718,-0.0741079722,0.0088,0.0087615057,0.0036,0.003574979,-0.0852,-0.0890498168,-0.0904,-0.0942363435,-0.0549,-0.056464537,-0.0601,-0.0616510637,-0.006,-0.0060180723,-0.0112,-0.011204599,-0.0775,-0.0806679031,-0.0827,-0.0858544298
1973-05-01,0.0051,0.005087039,-0.0213,-0.0215301186,-0.0264,-0.0266171576,-0.0423,-0.0432207025,-0.0474,-0.0483077415,-0.0115,-0.0115666364,-0.0166,-0.0166536754,-0.0356,-0.0362491327,-0.0407,-0.0413361717,-0.0261,-0.02644665,-0.0312,-0.0315336891,-0.0084,-0.0084354788,-0.0135,-0.0135225179,-0.0223,-0.0225524045,-0.0274,-0.0276394435,0.0106,0.0105442139,0.0055,0.0054571748,0.0035,0.0034938893,-0.0016,-0.0015931498,-0.0499,-0.0511880368,-0.055,-0.0562750758
1973-06-01,0.0051,0.005087039,-0.0344,-0.0350056092,-0.0395,-0.0400926482,-0.0254,-0.0257281486,-0.0305,-0.0308151876,-0.0035,-0.0035061393,-0.0086,-0.0085931784,0.0159,0.0157749191,0.0108,0.0106878801,-0.0006,-0.0006001801,-0.0057,-0.0056872191,-0.0032,-0.0032051309,-0.0083,-0.00829217,-0.0576,-0.0593254661,-0.0627,-0.0644125051,0.0001,9.9995e-05,-0.005,-0.004987044,-0.025,-0.025317808,-0.0301,-0.030404847,-0.0023,-0.0023026491,-0.0074,-0.0073896881
1973-07-01,0.0064,0.006379607,0.0743,0.0716692867,0.0679,0.0652896797,0.0726,0.0700856076,0.0662,0.0637060006,0.0665,0.0643822589,0.0601,0.058002652,0.003,0.002995509,-0.0034,-0.003384098,0.0495,0.0483138603,0.0431,0.0419342533,-0.0032,-0.0032051309,-0.0096,-0.0095847379,0.1114,0.1056204819,0.105,0.0992408749,0.0687,0.0664429565,0.0623,0.0600633496,-0.024,-0.0242926926,-0.0304,-0.0306722995,0.0953,0.0910282983,0.0889,0.0846486914
1973-08-01,0.007,0.0069756137,-0.0331,-0.0336602015,-0.0401,-0.0406358152,-0.0394,-0.0401971898,-0.0464,-0.0471728035,-0.0146,-0.0147076289,-0.0216,-0.0216832426,-0.0382,-0.0389487501,-0.0452,-0.0459243639,-0.037,-0.0377018672,-0.044,-0.0446774809,-0.0389,-0.0396768172,-0.0459,-0.0466524309,-0.0415,-0.0423857165,-0.0485,-0.0493613302,-0.069,-0.0714960017,-0.076,-0.0784716154,-0.021,-0.0212236365,-0.028,-0.0281992502,-0.023,-0.0232686269,-0.03,-0.0302442407
1973-09-01,0.0068,0.0067769843,0.059,0.0573250666,0.0522,0.0505480823,0.0782,0.075292984,0.0714,0.0685159998,0.0456,0.0445908833,0.0388,0.037813899,0.0921,0.0881024482,0.0853,0.0813254639,-0.0283,-0.0287081641,-0.0351,-0.0354851484,0.0764,0.0736221399,0.0696,0.0668451556,0.0717,0.0692461727,0.0649,0.0624691885,0.0078,0.0077697373,0.001,0.000992753,0.0791,0.0761273604,0.0723,0.0693503761,0.0724,0.0698991274,0.0656,0.0631221431
1973-10-01,0.0065,0.0064789661,-0.0225,-0.0227569871,-0.029,-0.0292359532,-0.0435,-0.0444744901,-0.05,-0.0509534562,0.0045,0.0044899053,-0.002,-0.0019890608,0.0517,0.0504079025,0.0452,0.0439289364,0.039,0.0382587121,0.0325,0.031779746,-0.0556,-0.0572054738,-0.0621,-0.0636844399,-0.0365,-0.0371827911,-0.043,-0.0436617572,0.0183,0.0181345702,0.0118,0.0116556041,-0.0341,-0.0346949698,-0.0406,-0.0411739359,-0.0101,-0.0101513511,-0.0166,-0.0166303172
1973-11-01,0.0056,0.0055843783,-0.1432,-0.1545507598,-0.1488,-0.1601351381,-0.1631,-0.1780506899,-0.1687,-0.1836350682,-0.1427,-0.1539673633,-0.1483,-0.1595517416,-0.0622,-0.0642185723,-0.0678,-0.0698029506,-0.1145,-0.1216028218,-0.1201,-0.1271872001,-0.0433,-0.0442654163,-0.0489,-0.0498497946,-0.189,-0.2094872249,-0.1946,-0.2150716032,-0.0776,-0.08077631,-0.0832,-0.0863606883,-0.1164,-0.1237508074,-0.122,-0.1293351857,-0.135,-0.1450257721,-0.1406,-0.1506101503
1973-12-01,0.0064,0.006379607,-0.0157,-0.0158245503,-0.0221,-0.0222041573,-0.0376,-0.0383251143,-0.044,-0.0447047213,0.0129,0.0128175037,0.0065,0.0064378967,0.0863,0.0827774265,0.0799,0.0763978195,-0.0432,-0.0441608958,-0.0496,-0.0505405027,0.0417,0.040853994,0.0353,0.034474387,-0.0021,-0.0021022081,-0.0085,-0.0084818151,-0.0448,-0.0458345363,-0.0512,-0.0522141433,0.0343,0.0337248694,0.0279,0.0273452624,0.0245,0.0242046887,0.0181,0.0178250817
1974-01-01,0.0063,0.006280238,0.0236,0.0233258253,0.0173,0.0170455873,0.061,0.0592118596,0.0547,0.0529316217,0.0041,0.0040916179,-0.0022,-0.0021886201,-0.0746,-0.0775292025,-0.0809,-0.0838094405,0.0125,0.01242252,0.0062,0.006142282,0.0209,0.0206845912,0.0146,0.0144043532,0.0669,0.0647572472,0.0606,0.0584770093,-0.0256,-0.025933382,-0.0319,-0.03221362,0.0455,0.0444952399,0.0392,0.0382150019,0.0118,0.0117309229,0.0055,0.0054506849
1974-02-01,0.0058,0.0057832448,0.0015,0.0014988761,-0.0043,-0.0042843686,-0.0107,-0.0107576567,-0.0165,-0.0165409014,0.0003,0.000299955,-0.0055,-0.0054832897,-0.0155,-0.0156213809,-0.0213,-0.0214046257,-0.006,-0.0060180723,-0.0118,-0.0118013171,0.0471,0.0460244383,0.0413,0.0402411936,0.0081,0.0080673711,0.0023,0.0022841263,-0.0122,-0.0122750309,-0.018,-0.0180582756,0.0029,0.0028958031,-0.0029,-0.0028874416,0.0101,0.0100493359,0.0043,0.0042660911
1974-03-01,0.0056,0.0055843783,-0.019,-0.0191828194,-0.0246,-0.0247671977,-0.001,-0.0010005003,-0.0066,-0.0065848786,-0.0078,-0.0078305791,-0.0134,-0.0134149574,-0.0324,-0.0329365002,-0.038,-0.0385208785,-0.0273,-0.0276795691,-0.0329,-0.0332639474,-0.0458,-0.0468819859,-0.0514,-0.0524663642,-0.0312,-0.0316970867,-0.0368,-0.037281465,0.0121,0.0120273802,0.0065,0.0064430019,-0.0366,-0.0372865848,-0.0422,-0.0428709631,-0.0363,-0.0369752361,-0.0419,-0.0425596144
1974-04-01,0.0075,0.0074720148,-0.0367,-0.0373903892,-0.0442,-0.0448624041,-0.0407,-0.0415514272,-0.0482,-0.049023442,-0.0204,-0.0206109539,-0.0279,-0.0280829687,-0.0631,-0.065178726,-0.0706,-0.0726507409,-0.0364,-0.0370790082,-0.0439,-0.0445510231,-0.0532,-0.0546674013,-0.0607,-0.0621394162,-0.0196,-0.0197946273,-0.0271,-0.0272666422,-0.0148,-0.0149106127,-0.0223,-0.0223826276,-0.1223,-0.1304504294,-0.1298,-0.1379224442,-0.0633,-0.0653922188,-0.0708,-0.0728642336
1974-05-01,0.0075,0.0074720148,-0.0291,-0.0295318026,-0.0366,-0.0370038174,0.0044,0.0043903483,-0.0031,-0.0030816665,-0.0254,-0.0257281486,-0.0329,-0.0332001634,-0.0754,-0.0783940674,-0.0829,-0.0858660823,-0.0422,-0.0431162911,-0.0497,-0.0505883059,-0.0155,-0.0156213809,-0.023,-0.0230933957,0.0119,0.0118297518,0.0044,0.0043577369,-0.0012,-0.0012007206,-0.0087,-0.0086727354,-0.0493,-0.0505567236,-0.0568,-0.0580287385,-0.0849,-0.0887219301,-0.0924,-0.0961939449
1974-06-01,0.006,0.0059820717,-0.0057,-0.005716307,-0.0117,-0.0116983787,-0.0264,-0.0267547373,-0.0324,-0.032736809,-0.0042,-0.0042088448,-0.0102,-0.0101909165,-0.0031,-0.003104815,-0.0091,-0.0090868866,-0.0293,-0.0297378183,-0.0353,-0.0357198899,0.0027,0.0026963615,-0.0033,-0.0032857101,-0.0273,-0.0276795691,-0.0333,-0.0336616408,-0.0162,-0.0163326546,-0.0222,-0.0223147263,-0.0622,-0.0642185723,-0.0682,-0.070200644,-0.0556,-0.0572054738,-0.0616,-0.0631875454
1974-07-01,0.007,0.0069756137,-0.1016,-0.1071398756,-0.1086,-0.1141154893,-0.1191,-0.1268111669,-0.1261,-0.1337867806,-0.0717,-0.0744003226,-0.0787,-0.0813759363,-0.0052,-0.0052135671,-0.0122,-0.0121891808,-0.0823,-0.0858847392,-0.0893,-0.0928603529,-0.0763,-0.0793679354,-0.0833,-0.0863435491,-0.1283,-0.137309951,-0.1353,-0.1442855647,-0.1414,-0.1524521232,-0.1484,-0.1594277369,0.0074,0.0073727543,0.0004,0.0003971406,-0.0663,-0.0686000915,-0.0733,-0.0755757052
1974-08-01,0.006,0.0059820717,-0.102,-0.1075852107,-0.108,-0.1135672824,-0.0671,-0.069457265,-0.0731,-0.0754393367,-0.1016,-0.1071398756,-0.1076,-0.1131219472,-0.0865,-0.0904719032,-0.0925,-0.0964539748,-0.0493,-0.0505567236,-0.0553,-0.0565387953,-0.0003,-0.000300045,-0.0063,-0.0062821167,-0.1308,-0.1401820306,-0.1368,-0.1461641023,-0.0806,-0.0840339956,-0.0866,-0.0900160673,-0.0869,-0.0909098754,-0.0929,-0.096891947,-0.1064,-0.1124970312,-0.1124,-0.1184791029
1974-09-01,0.0081,0.0080673711,-0.1206,-0.1285154222,-0.1287,-0.1365827933,-0.1298,-0.1390322087,-0.1379,-0.1470995798,-0.1287,-0.1377689297,-0.1368,-0.1458363008,-0.0797,-0.0830555751,-0.0878,-0.0911229462,-0.1683,-0.1842834801,-0.1764,-0.1923508512,-0.0381,-0.0388447838,-0.0462,-0.0469121549,-0.1227,-0.1309062698,-0.1308,-0.1389736409,-0.1556,-0.169128963,-0.1637,-0.1771963341,-0.0132,-0.0132878943,-0.0213,-0.0213552654,-0.0963,-0.1012578321,-0.1044,-0.1093252032
1974-10-01,0.0051,0.005087039,0.157,0.1458304482,0.1519,0.1407434092,0.045,0.0440168854,0.0399,0.0389298464,0.1606,0.1489371128,0.1555,0.1438500737,0.2078,0.1888005229,0.2027,0.1837134838,0.1471,0.1372370183,0.142,0.1321499793,0.1085,0.1030077501,0.1034,0.097920711,0.1,0.0953101798,0.0949,0.0902231408,0.2959,0.2592054345,0.2908,0.2541183954,0.1302,0.1223946082,0.1251,0.1173075692,0.2018,0.1838204329,0.1967,0.1787333939
1974-11-01,0.0054,0.0053854723,-0.0386,-0.0393647235,-0.044,-0.0447501958,-0.0479,-0.0490852077,-0.0533,-0.05447068,-0.059,-0.0608121394,-0.0644,-0.0661976117,-0.0429,-0.0438473998,-0.0483,-0.0492328721,-0.0494,-0.0506619148,-0.0548,-0.0560473871,-0.0307,-0.0311811175,-0.0361,-0.0365665898,-0.0575,-0.0592193597,-0.0629,-0.0646048319,-0.0123,-0.0123762711,-0.0177,-0.0177617433,-0.0015,-0.0015011261,-0.0069,-0.0068865984,-0.0281,-0.0285023605,-0.0335,-0.0338878327
1974-12-01,0.007,0.0069756137,-0.0051,-0.0051130494,-0.0121,-0.0120886631,-0.0409,-0.0417599342,-0.0479,-0.048735548,-0.0444,-0.0454158635,-0.0514,-0.0523914773,0.0084,0.0083649163,0.0014,0.0013893026,-0.0524,-0.0538228067,-0.0594,-0.0607984204,0.0157,0.01557803,0.0087,0.0086024162,-0.0336,-0.0341774518,-0.0406,-0.0411530655,-0.0332,-0.0337636302,-0.0402,-0.0407392439,-0.0083,-0.0083346368,-0.0153,-0.0153102505,-0.0431,-0.0440563862,-0.0501,-0.0510319999
1975-01-01,0.0058,0.0057832448,0.1873,0.1716818217,0.1815,0.1658985769,0.2152,0.1949086723,0.2094,0.1891254275,0.1451,0.1354919694,0.1393,0.1297087247,0.0676,0.0654131385,0.0618,0.0596298938,0.1529,0.1422805073,0.1471,0.1364972625,0.1109,0.1051704976,0.1051,0.0993872528,0.2597,0.2308735974,0.2539,0.2250903526,-0.0075,-0.0075282664,-0.0133,-0.0133115112,0.1883,0.1725237143,0.1825,0.1667404696,0.1793,0.1649210421,0.1735,0.1591377974
1975-02-01,0.0043,0.0042907814,0.0404,0.0396052546,0.0361,0.0353144732,0.0499,0.0486949215,0.0456,0.0444041401,0.0802,0.0771462092,0.0759,0.0728554278,0.0227,0.0224461888,0.0184,0.0181554074,0.1317,0.123720927,0.1274,0.1194301456,0.0515,0.0502177162,0.0472,0.0459269347,0.0517,0.0504079025,0.0474,0.0461171211,0.1607,0.1490232714,0.1564,0.14473249,0.0088,0.0087615057,0.0045,0.0044707243,0.0287,0.0282958692,0.0244,0.0240050877
1975-03-01,0.0041,0.0040916179,0.0716,0.0691528587,0.0675,0.0650612408,0.0662,0.0641009254,0.0621,0.0600093075,0.0505,0.0492662413,0.0464,0.0451746234,-0.0232,-0.0234733562,-0.0273,-0.0275649741,0.0099,0.0098513161,0.0058,0.0057596981,-0.0088,-0.0088389487,-0.0129,-0.0129305666,0.1076,0.1021955123,0.1035,0.0981038944,0.0129,0.0128175037,0.0088,0.0087258858,-0.0133,-0.0133892371,-0.0174,-0.017480855,0.0414,0.0405659617,0.0373,0.0364743438
1975-04-01,0.0044,0.0043903483,0.0302,0.0297529581,0.0258,0.0253626098,0.0408,0.0399896482,0.0364,0.0355992999,0.0956,0.0913021584,0.0912,0.0869118101,0.0725,0.0699923718,0.0681,0.0656020235,0.0557,0.054204054,0.0513,0.0498137057,-0.0096,-0.0096463771,-0.014,-0.0140367254,0.0259,0.0255702761,0.0215,0.0211799278,0.0065,0.0064789661,0.0021,0.0020886178,-0.0163,-0.0164343065,-0.0207,-0.0208246548,0.0326,0.0320798935,0.0282,0.0276895452
1975-05-01,0.0044,0.0043903483,0.0522,0.0508832103,0.0478,0.046492862,0.026,0.0256677467,0.0216,0.0212773984,0.028,0.027615167,0.0236,0.0232248187,0.1207,0.1139534901,0.1163,0.1095631418,0.0592,0.0575139062,0.0548,0.0531235579,0.0355,0.0348844019,0.0311,0.0304940536,0.0401,0.0393168624,0.0357,0.0349265141,0.0653,0.0632564496,0.0609,0.0588661013,0.0854,0.0819485826,0.081,0.0775582343,0.0572,0.0556239037,0.0528,0.0512335554
1975-06-01,0.0041,0.0040916179,0.0528,0.0514532816,0.0487,0.0473616637,0.1024,0.0974896213,0.0983,0.0933980034,0.0354,0.0347878255,0.0313,0.0306962076,0.065,0.0629747992,0.0609,0.0588831813,0.0231,0.0228372339,0.019,0.018745616,0.0405,0.0397013669,0.0364,0.0356097489,0.0745,0.0718554371,0.0704,0.0677638192,0.0096,0.0095542128,0.0055,0.0054625949,0.1074,0.1020149254,0.1033,0.0979233075,0.0595,0.0577970987,0.0554,0.0537054808
1975-07-01,0.0048,0.0047885167,-0.0538,-0.0553013158,-0.0586,-0.0600898325,-0.0202,-0.0204068098,-0.025,-0.0251953265,-0.0591,-0.060918415,-0.0639,-0.0657069317,-0.0425,-0.0434295579,-0.0473,-0.0482180747,-0.0942,-0.0989367479,-0.099,-0.1037252646,-0.0421,-0.0430118906,-0.0469,-0.0478004073,-0.0747,-0.0776372697,-0.0795,-0.0824257865,-0.1203,-0.1281743387,-0.1251,-0.1329628555,-0.048,-0.0491902442,-0.0528,-0.0539787609,-0.0614,-0.0633658756,-0.0662,-0.0681543924
1975-08-01,0.0048,0.0047885167,-0.0313,-0.0318003125,-0.0361,-0.0365888293,-0.0348,-0.0354199452,-0.0396,-0.040208462,-0.0078,-0.0078305791,-0.0126,-0.0126190958,-0.0088,-0.0088389487,-0.0136,-0.0136274654,-0.0296,-0.0300469214,-0.0344,-0.0348354381,-0.0354,-0.0360417713,-0.0402,-0.0408302881,-0.0033,-0.003305457,-0.0081,-0.0080939737,-0.0332,-0.0337636302,-0.038,-0.0385521469,-0.0123,-0.0123762711,-0.0171,-0.0171647878,-0.0514,-0.0527680655,-0.0562,-0.0575565823
1975-09-01,0.0053,0.0052860044,-0.0244,-0.0247026126,-0.0297,-0.0299886171,-0.0245,-0.0248051189,-0.0298,-0.0300911233,-0.0582,-0.0599623412,-0.0635,-0.0652483456,-0.0117,-0.0117689836,-0.017,-0.017054988,-0.0085,-0.008536331,-0.0138,-0.0138223355,-0.0127,-0.0127813344,-0.018,-0.0180673388,-0.0354,-0.0360417713,-0.0407,-0.0413277758,-0.0652,-0.0674226763,-0.0705,-0.0727086807,-0.0098,-0.0098483361,-0.0151,-0.0151343405,-0.0632,-0.0652854667,-0.0685,-0.0705714711
1975-10-01,0.0056,0.0055843783,0.1058,0.1005690549,0.1002,0.0949846766,0.0891,0.0853516671,0.0835,0.0797672888,0.0571,0.0555293098,0.0515,0.0499449315,-0.0134,-0.0134905902,-0.019,-0.0190749685,0.084,0.080657903,0.0784,0.0750735247,0.0682,0.0659749889,0.0626,0.0603906106,0.0992,0.0945826425,0.0936,0.0889982642,0.1067,0.1013826143,0.1011,0.095798236,0.0655,0.0634441726,0.0599,0.0578597943,0.0391,0.0383549539,0.0335,0.0327705756
1975-11-01,0.0041,0.0040916179,0.0409,0.0400857235,0.0368,0.0359941056,0.0327,0.0321767317,0.0286,0.0280851138,0.0297,0.0292674977,0.0256,0.0251758798,-0.0164,-0.0165359686,-0.0205,-0.0206275865,0.0506,0.0493614295,0.0465,0.0452698116,0.0428,0.0419094031,0.0387,0.0378177852,0.0466,0.045546815,0.0425,0.0414551971,0.0513,0.0500274936,0.0472,0.0459358757,0.0316,0.031110995,0.0275,0.0270193771,0.0358,0.035174075,0.0317,0.0310824571
1975-12-01,0.0048,0.0047885167,-0.0149,-0.0150121201,-0.0197,-0.0198006369,-0.0045,-0.0045101555,-0.0093,-0.0092986722,-0.0136,-0.0136933271,-0.0184,-0.0184818439,0.0009,0.0008995952,-0.0039,-0.0038889215,-0.0126,-0.0126800532,-0.0174,-0.0174685699,-0.0012,-0.0012007206,-0.006,-0.0059892373,-0.0304,-0.0308716637,-0.0352,-0.0356601804,-0.0636,-0.0657125434,-0.0684,-0.0705010601,0.0135,0.0134096869,0.0087,0.0086211702,-0.0026,-0.0026033859,-0.0074,-0.0073919026
1976-01-01,0.0047,0.0046889895,0.1094,0.1038193286,0.1047,0.0991303392,0.1564,0.1453117312,0.1517,0.1406227417,0.1685,0.155720875,0.1638,0.1510318855,0.0848,0.0813956382,0.0801,0.0767066487,0.1829,0.1679690506,0.1782,0.1632800611,0.0949,0.0906630349,0.0902,0.0859740454,0.0899,0.0860859489,0.0852,0.0813969594,0.0774,0.0745507313,0.0727,0.0698617418,0.0831,0.0798272999,0.0784,0.0751383104,0.1293,0.1215979717,0.1246,0.1169089823
1976-02-01,0.0034,0.0033942331,-0.0109,-0.0109598402,-0.0143,-0.0143540733,0.0387,0.0379699313,0.0353,0.0345756982,0.0173,0.0171520588,0.0139,0.0137578257,-0.0316,-0.0321100539,-0.035,-0.035504287,0.0115,0.0114343776,0.0081,0.0080401446,0.0354,0.0347878255,0.032,0.0313935924,0.0468,0.0457378917,0.0434,0.0423436586,-0.0656,-0.0678506669,-0.069,-0.0712449,-0.0355,-0.0361454466,-0.0389,-0.0395396797,0.0318,0.0313048498,0.0284,0.0279106168
1976-03-01,0.004,0.0039920213,0.0072,0.0071742037,0.0032,0.0031821825,0.0354,0.0347878255,0.0314,0.0307958042,0.0113,0.0112366319,0.0073,0.0072446107,0.0722,0.0697126124,0.0682,0.0657205911,0.0293,0.0288789596,0.0253,0.0248869383,0.0057,0.0056838165,0.0017,0.0016917952,0.0344,0.0338215485,0.0304,0.0298295272,0.0654,0.0633503155,0.0614,0.0593582942,0.0145,0.0143958803,0.0105,0.010403859,0.02,0.0198026273,0.016,0.015810606
1976-04-01,0.0042,0.0041912046,-0.0166,-0.016739324,-0.0208,-0.0209305286,0.0185,0.0183309567,0.0143,0.0141397521,-0.0142,-0.0143017847,-0.0184,-0.0184929893,0.0214,0.0211742352,0.0172,0.0169830306,-0.0341,-0.0346949698,-0.0383,-0.0388861744,0.0172,0.0170537546,0.013,0.0128625499,-0.0467,-0.0478256295,-0.0509,-0.0520168341,-0.0431,-0.0440563862,-0.0473,-0.0482475908,0.0063,0.006280238,0.0021,0.0020890333,-0.0156,-0.0157229605,-0.0198,-0.0199141651
1976-05-01,0.0037,0.0036931718,-0.0217,-0.0219389075,-0.0254,-0.0256320794,-0.0313,-0.0318003125,-0.035,-0.0354934844,-0.0122,-0.0122750309,-0.0159,-0.0159682027,0.0553,0.0538250867,0.0516,0.0501319149,0.0049,0.0048880341,0.0012,0.0011948622,-0.029,-0.0294288107,-0.0327,-0.0331219825,-0.0577,-0.0594315838,-0.0614,-0.0631247556,-0.0282,-0.028605257,-0.0319,-0.0322984288,-0.0147,-0.0148091157,-0.0184,-0.0185022875,-0.0171,-0.0172478934,-0.0208,-0.0209410652
1976-06-01,0.0043,0.0042907814,0.0364,0.0357531697,0.0321,0.0314623883,0.0424,0.0415257468,0.0381,0.0372349654,0.037,0.0363319292,0.0327,0.0320411478,0.0509,0.0496469399,0.0466,0.0453561585,0.0821,0.0789035976,0.0778,0.0746128162,0.0359,0.0352706141,0.0316,0.0309798327,0.0147,0.0145930023,0.0104,0.0103022209,0.0367,0.0360425913,0.0324,0.0317518099,0.0426,0.0417175934,0.0383,0.0374268119,0.0536,0.0522128714,0.0493,0.04792209
1976-07-01,0.0047,0.0046889895,0.0148,0.0146915487,0.0101,0.0100025593,-0.0107,-0.0107576567,-0.0154,-0.0154466461,-0.0185,-0.0186732653,-0.0232,-0.0233622548,-0.0062,-0.0062192998,-0.0109,-0.0109082893,-0.022,-0.0222456089,-0.0267,-0.0269345984,0.0125,0.01242252,0.0078,0.0077335305,-0.0224,-0.0226546906,-0.0271,-0.0273436801,-0.0038,-0.0038072383,-0.0085,-0.0084962278,0.0282,0.0278097006,0.0235,0.0231207112,-0.0005,-0.000500125,-0.0052,-0.0051891145
1976-08-01,0.0042,0.0041912046,-0.0034,-0.0034057931,-0.0076,-0.0075969978,-0.0146,-0.0147076289,-0.0188,-0.0188988335,-0.017,-0.0171461588,-0.0212,-0.0213373635,-0.0089,-0.0089398416,-0.0131,-0.0131310462,-0.0085,-0.008536331,-0.0127,-0.0127275356,0.0474,0.0463109029,0.0432,0.0421196982,0.0286,0.0281986544,0.0244,0.0240074497,0.0217,0.0214679066,0.0175,0.017276702,0.0297,0.0292674977,0.0255,0.0250762931,-0.0116,-0.0116678049,-0.0158,-0.0158590095
1976-09-01,0.0044,0.0043903483,0.0159,0.0157749191,0.0115,0.0113845708,0.0449,0.0439211871,0.0405,0.0395308388,0.011,0.01093994,0.0066,0.0065495917,0.0592,0.0575139062,0.0548,0.0531235579,0.0291,0.0286846339,0.0247,0.0242942856,0.016,0.0158733492,0.0116,0.0114830009,0.0045,0.0044899053,0.0001,9.9557e-05,0.0363,0.0356566772,0.0319,0.0312663289,0.0408,0.0399896482,0.0364,0.0355992999,0.0092,0.0091579378,0.0048,0.0047675895
1976-10-01,0.0041,0.0040916179,-0.0162,-0.0163326546,-0.0203,-0.0204242725,-0.0116,-0.0116678049,-0.0157,-0.0157594228,-0.0328,-0.0333499797,-0.0369,-0.0374415976,-0.0242,-0.0244976316,-0.0283,-0.0285892495,-0.045,-0.0460439385,-0.0491,-0.0501355564,0.0129,0.0128175037,0.0088,0.0087258858,-0.0091,-0.0091416579,-0.0132,-0.0132332758,-0.0374,-0.0381173221,-0.0415,-0.04220894,-0.0081,-0.0081329832,-0.0122,-0.0122246011,-0.0043,-0.0043092716,-0.0084,-0.0084008895
1976-11-01,0.004,0.0039920213,0.0174,0.0172503534,0.0134,0.0132583321,-0.0071,-0.0071253249,-0.0111,-0.0111173462,-0.0037,-0.0037068619,-0.0077,-0.0076988832,0.0083,0.0082657444,0.0043,0.0042737231,0.0162,0.0160701802,0.0122,0.0120781589,0.0315,0.0310140535,0.0275,0.0270220323,0.0485,0.0473605714,0.0445,0.0433685501,-0.0976,-0.1026973982,-0.1016,-0.1066894195,0.0315,0.0310140535,0.0275,0.0270220323,0.0199,0.0197045833,0.0159,0.015712562
1976-12-01,0.004,0.0039920213,0.0521,0.0507881668,0.0481,0.0467961456,0.0967,0.0923056708,0.0927,0.0883136495,0.0581,0.0564748469,0.0541,0.0524828257,0.0633,0.0613772797,0.0593,0.0573852584,0.0387,0.0379699313,0.0347,0.03397791,0.0345,0.0339182182,0.0305,0.0299261969,0.0233,0.0230326991,0.0193,0.0190406778,0.0629,0.0610010216,0.0589,0.0570090003,0.065,0.0629747992,0.061,0.0589827779,0.0838,0.0804733841,0.0798,0.0764813629
1977-01-01,0.0036,0.0035935355,-0.0408,-0.0416556753,-0.0444,-0.0452492108,-0.0419,-0.0428031223,-0.0455,-0.0463966578,-0.0596,-0.0614499623,-0.0632,-0.0650434978,0.0029,0.0028958031,-0.0007,-0.0006977324,-0.0386,-0.0393647235,-0.0422,-0.042958259,0.0012,0.0011992806,-0.0024,-0.0023942549,-0.0713,-0.0739695202,-0.0749,-0.0775630557,-0.0883,-0.0924442904,-0.0919,-0.0960378259,0.0084,0.0083649163,0.0048,0.0047713808,-0.0416,-0.0424900516,-0.0452,-0.0460835871
1977-02-01,0.0035,0.0034938893,-0.0139,-0.0139975096,-0.0174,-0.0174913989,-0.0348,-0.0354199452,-0.0383,-0.0389138345,-0.0063,-0.0063199287,-0.0098,-0.009813818,-0.0301,-0.0305623056,-0.0336,-0.0340561948,-0.0061,-0.006118681,-0.0096,-0.0096125703,0.0098,0.0097522914,0.0063,0.0062584022,-0.0184,-0.0185713856,-0.0219,-0.0220652748,-0.0021,-0.0021022081,-0.0056,-0.0055960973,-0.0342,-0.0347985055,-0.0377,-0.0382923948,-0.0173,-0.0174513936,-0.0208,-0.0209452829
1977-03-01,0.0038,0.0037927982,-0.014,-0.0140989244,-0.0178,-0.0178917226,-0.0335,-0.0340739803,-0.0373,-0.0378667786,-0.0027,-0.0027036516,-0.0065,-0.0064964498,-0.0207,-0.0209172483,-0.0245,-0.0247100465,-0.0003,-0.000300045,-0.0041,-0.0040928432,-0.0104,-0.0104544579,-0.0142,-0.0142472561,-0.0275,-0.0278852035,-0.0313,-0.0316780017,-0.0179,-0.0180621428,-0.0217,-0.0218549411,0.0018,0.0017983819,-0.002,-0.0019944163,-0.0009,-0.0009004052,-0.0047,-0.0046932035
1977-04-01,0.0038,0.0037927982,0.0052,0.0051865267,0.0014,0.0013937284,0.0316,0.031110995,0.0278,0.0273181968,0.0049,0.0048880341,0.0011,0.0010952358,0.0252,0.0248877155,0.0214,0.0210949173,-0.0345,-0.0351091771,-0.0383,-0.0389019754,0.0066,0.0065783154,0.0028,0.0027855171,-0.0344,-0.0350056092,-0.0382,-0.0387984074,-0.0522,-0.0536117694,-0.056,-0.0574045677,0.0194,0.0192142189,0.0156,0.0154214207,0.0213,0.0210763256,0.0175,0.0172835274
1977-05-01,0.0037,0.0036931718,-0.0094,-0.0094444588,-0.0131,-0.0131376307,-0.0053,-0.0053140948,-0.009,-0.0090072667,-0.0298,-0.0302530432,-0.0335,-0.033946215,-0.0043,-0.0043092716,-0.008,-0.0080024434,-0.0152,-0.0153167041,-0.0189,-0.0190098759,0.0143,0.0141987194,0.0106,0.0105055476,-0.0278,-0.0281937344,-0.0315,-0.0318869062,-0.0189,-0.0190808878,-0.0226,-0.0227740597,0.0167,0.0165620883,0.013,0.0128689165,-0.0089,-0.0089398416,-0.0126,-0.0126330134
1977-06-01,0.004,0.0039920213,0.0453,0.0443039256,0.0413,0.0403119043,0.0429,0.0420052941,0.0389,0.0380132729,0.034,0.0334347761,0.03,0.0294427548,0.0609,0.0591176045,0.0569,0.0551255832,0.0777,0.0748291406,0.0737,0.0708371194,0.0194,0.0192142189,0.0154,0.0152221977,0.0609,0.0591176045,0.0569,0.0551255832,0.0903,0.0864528877,0.0863,0.0824608665,0.0571,0.0555293098,0.0531,0.0515372885,0.0534,0.0520230281,0.0494,0.0480310068
1977-07-01,0.0042,0.0041912046,0.0118,0.0117309229,0.0076,0.0075397183,-0.0243,-0.0246001169,-0.0285,-0.0287913215,-0.0362,-0.0368714748,-0.0404,-0.0410626794,-0.018,-0.0181639706,-0.0222,-0.0223551752,-0.0016,-0.0016012814,-0.0058,-0.005792486,-0.0085,-0.008536331,-0.0127,-0.0127275356,-0.0022,-0.0022024236,-0.0064,-0.0063936282,-0.0223,-0.0225524045,-0.0265,-0.0267436091,0.0087,0.0086623731,0.0045,0.0044711685,-0.0039,-0.0039076248,-0.0081,-0.0080988294
1977-08-01,0.0044,0.0043903483,0.0011,0.0010993954,-0.0033,-0.0032909529,-0.0085,-0.008536331,-0.0129,-0.0129266793,-0.0127,-0.0127813344,-0.0171,-0.0171716827,-0.0584,-0.060174723,-0.0628,-0.0645650713,0.005,0.0049875415,0.0006,0.0005971932,-0.0228,-0.0230639396,-0.0272,-0.0274542879,0.0463,0.0452601314,0.0419,0.0408697831,0.0384,0.037681067,0.034,0.0332907187,-0.0325,-0.0330398541,-0.0369,-0.0374302024,-0.0118,-0.0118701726,-0.0162,-0.0162605209
1977-09-01,0.0043,0.0042907814,0.0027,0.0026963615,-0.0016,-0.0015944199,0.0155,0.015381102,0.0112,0.0110903206,-0.0093,-0.009343515,-0.0136,-0.0136342964,0.0074,0.0073727543,0.0031,0.0030819729,-0.0178,-0.0179603254,-0.0221,-0.0222511068,0.0348,0.0342081713,0.0305,0.0299173899,-0.007,-0.0070246149,-0.0113,-0.0113153964,-0.0089,-0.0089398416,-0.0132,-0.013230623,0.0201,0.0199006617,0.0158,0.0156098803,-0.001,-0.0010005003,-0.0053,-0.0052912818
1977-10-01,0.0049,0.0048880341,-0.0335,-0.0340739803,-0.0384,-0.0389620144,-0.0446,-0.045625178,-0.0495,-0.0505132121,-0.0463,-0.0474061224,-0.0512,-0.0522941565,-0.0355,-0.0361454466,-0.0404,-0.0410334807,-0.0322,-0.0327298246,-0.0371,-0.0376178587,-0.0505,-0.0518197487,-0.0554,-0.0567077828,-0.0318,-0.0323166015,-0.0367,-0.0372046355,-0.0175,-0.0176549352,-0.0224,-0.0225429693,-0.0315,-0.0320067961,-0.0364,-0.0368948302,-0.0441,-0.0451019739,-0.049,-0.049990008
1977-11-01,0.005,0.0049875415,0.0459,0.0448777588,0.0409,0.0398902173,0.0187,0.0185273046,0.0137,0.0135397631,0.0433,0.0423887665,0.0383,0.037401225,0.0347,0.0341115296,0.0297,0.0291239881,0.0528,0.0514532816,0.0478,0.0464657401,0.0216,0.0213700257,0.0166,0.0163824842,0.0555,0.0540145883,0.0505,0.0490270468,0.0609,0.0591176045,0.0559,0.054130063,0.0429,0.0420052941,0.0379,0.0370177526,0.0649,0.062880898,0.0599,0.0578933565
1977-12-01,0.0049,0.0048880341,0.0001,9.9995e-05,-0.0048,-0.0047880391,-0.0075,-0.0075282664,-0.0124,-0.0124163005,0.0074,0.0073727543,0.0025,0.0024847203,0.0189,0.018723614,0.014,0.0138355799,0.0238,0.023521195,0.0189,0.018633161,0.0215,0.0212721353,0.0166,0.0163841012,-0.0123,-0.0123762711,-0.0172,-0.0172643051,0.0062,0.0061808591,0.0013,0.001292825,-0.0033,-0.003305457,-0.0082,-0.0081934911,0.0062,0.0061808591,0.0013,0.001292825
1978-01-01,0.0049,0.0048880341,-0.053,-0.0544561858,-0.0579,-0.0593442199,-0.0682,-0.0706370796,-0.0731,-0.0755251137,-0.0603,-0.0621946036,-0.0652,-0.0670826377,-0.0693,-0.0718182878,-0.0742,-0.0767063219,-0.0474,-0.0485601906,-0.0523,-0.0534482247,-0.0416,-0.0424900516,-0.0465,-0.0473780857,-0.0684,-0.070851741,-0.0733,-0.075739775,-0.0189,-0.0190808878,-0.0238,-0.0239689219,-0.0454,-0.0464628744,-0.0503,-0.0513509085,-0.0529,-0.0543505948,-0.0578,-0.0592386288
1978-02-01,0.0046,0.0045894523,0.0011,0.0010993954,-0.0035,-0.0034900569,0.0038,0.0037927982,-0.0008,-0.0007966541,-0.0263,-0.026652031,-0.0309,-0.0312414833,-0.0109,-0.0109598402,-0.0155,-0.0155492926,-0.0347,-0.0353163451,-0.0393,-0.0399057975,0.0416,0.0407579925,0.037,0.0361685401,-0.0044,-0.0044097085,-0.009,-0.0089991608,-0.0302,-0.0306654143,-0.0348,-0.0352548666,-0.0042,-0.0042088448,-0.0088,-0.0087982971,-0.0016,-0.0016012814,-0.0062,-0.0061907337
1978-03-01,0.0053,0.0052860044,0.0417,0.040853994,0.0364,0.0355679896,0.061,0.0592118596,0.0557,0.0539258552,0.039,0.0382587121,0.0337,0.0329727077,0.0205,0.0202927033,0.0152,0.0150066988,-0.0061,-0.006118681,-0.0114,-0.0114046854,0.0262,0.0258626595,0.0209,0.0205766551,0.0285,0.0281014301,0.0232,0.0228154257,0.0417,0.040853994,0.0364,0.0355679896,0.0248,0.0244974716,0.0195,0.0192114672,0.0546,0.0531615481,0.0493,0.0478755437
1978-04-01,0.0054,0.0053854723,0.0692,0.0669107053,0.0638,0.061525233,0.0963,0.0919408737,0.0909,0.0865554014,0.1138,0.1077775922,0.1084,0.1023921199,0.067,0.0648509723,0.0616,0.0594655,0.1329,0.1247807169,0.1275,0.1193952446,0.0293,0.0288789596,0.0239,0.0234934873,0.1083,0.1028273098,0.1029,0.0974418375,0.0924,0.0883771106,0.087,0.0829916383,0.0018,0.0017983819,-0.0036,-0.0035870903,0.0936,0.0894750064,0.0882,0.0840895342
1978-05-01,0.0051,0.005087039,0.0423,0.0414298098,0.0372,0.0363427707,0.0018,0.0017983819,-0.0033,-0.0032886571,0.041,0.0401817896,0.0359,0.0350947506,0.0086,0.0085632307,0.0035,0.0034761916,0.0167,0.0165620883,0.0116,0.0114750493,-0.0039,-0.0039076248,-0.009,-0.0089946639,0.0126,0.0125212806,0.0075,0.0074342415,0.0517,0.0504079025,0.0466,0.0453208635,0.0071,0.0070749137,0.002,0.0019878746,0.026,0.0256677467,0.0209,0.0205807077
1978-06-01,0.0054,0.0053854723,-0.0026,-0.0026033859,-0.008,-0.0079888581,-0.0277,-0.0280908802,-0.0331,-0.0334763524,-0.0147,-0.0148091157,-0.0201,-0.0201945879,-0.0374,-0.0381173221,-0.0428,-0.0435027944,-0.0036,-0.0036064956,-0.009,-0.0089919679,-0.0154,-0.0155198117,-0.0208,-0.0209052839,-0.0197,-0.0198966317,-0.0251,-0.025282104,0.0114,0.0113355097,0.006,0.0059500374,0.0083,0.0082657444,0.0029,0.0028802721,-0.0035,-0.0035061393,-0.0089,-0.0088916116
1978-07-01,0.0056,0.0055843783,0.035,0.0344014267,0.0294,0.0288170484,0.0473,0.0462154238,0.0417,0.0406310455,0.0784,0.0754784612,0.0728,0.0698940829,0.0334,0.0328543369,0.0278,0.0272699586,0.0858,0.0823170425,0.0802,0.0767326642,0.0143,0.0141987194,0.0087,0.0086143411,0.0513,0.0500274936,0.0457,0.0444431153,0.0887,0.0849843239,0.0831,0.0793999456,0.0282,0.0278097006,0.0226,0.0222253223,0.0664,0.0642884899,0.0608,0.0587041116
1978-08-01,0.0056,0.0055843783,0.0411,0.0402778465,0.0355,0.0346934682,0.0297,0.0292674977,0.0241,0.0236831194,0.0394,0.0386436236,0.0338,0.0330592453,0.0513,0.0500274936,0.0457,0.0444431153,0.0602,0.0584575696,0.0546,0.0528731913,0.0353,0.0346912398,0.0297,0.0291068615,0.057,0.0554347069,0.0514,0.0498503286,0.0097,0.009653257,0.0041,0.0040688787,0.0045,0.0044899053,-0.0011,-0.001094473,0.0653,0.0632564496,0.0597,0.0576720713
1978-09-01,0.0062,0.0061808591,-0.004,-0.0040080214,-0.0102,-0.0101888805,-0.0051,-0.0051130494,-0.0113,-0.0112939085,-0.0212,-0.0214279474,-0.0274,-0.0276088065,0.0476,0.0465018337,0.0414,0.0403209746,-0.0418,-0.0426987545,-0.048,-0.0488796136,0.0122,0.0121261798,0.006,0.0059453207,-0.0264,-0.0267547373,-0.0326,-0.0329355964,-0.0271,-0.027473977,-0.0333,-0.0336548361,-0.0025,-0.0025031302,-0.0087,-0.0086839893,-0.0145,-0.0146061524,-0.0207,-0.0207870115
1978-10-01,0.0068,0.0067769843,-0.1158,-0.1230719976,-0.1226,-0.1298489819,-0.1118,-0.1185583361,-0.1186,-0.1253353204,-0.1136,-0.120586963,-0.1204,-0.1273639473,-0.1061,-0.1121613669,-0.1129,-0.1189383512,-0.1076,-0.1138408164,-0.1144,-0.1206178007,-0.045,-0.0460439385,-0.0518,-0.0528209228,-0.1418,-0.1529181064,-0.1486,-0.1596950907,-0.1284,-0.1374246759,-0.1352,-0.1442016602,-0.071,-0.0736465402,-0.0778,-0.0804235244,-0.1411,-0.1521027782,-0.1479,-0.1588797625
1978-11-01,0.007,0.0069756137,0.0219,0.0216636396,0.0149,0.0146880259,0.0068,0.0067769843,-0.0002,-0.0001986295,0.0287,0.0282958692,0.0217,0.0213202554,0.0618,0.0599655812,0.0548,0.0529899674,0.0508,0.0495517788,0.0438,0.0425761651,0.0302,0.0297529581,0.0232,0.0227773444,0.0263,0.0259601017,0.0193,0.0189844879,0.0518,0.0505029822,0.0448,0.0435273684,0.03,0.0295588022,0.023,0.0225831885,0.0251,0.0247901688,0.0181,0.0178145551
1978-12-01,0.0078,0.0077697373,0.0168,0.0166604409,0.009,0.0088907036,-0.0062,-0.0062192998,-0.014,-0.0139890371,0.0141,0.0140015196,0.0063,0.0062317824,0.0282,0.0278097006,0.0204,0.0200399634,0.064,0.0620353909,0.0562,0.0542656537,0.001,0.0009995003,-0.0068,-0.0067702369,-0.0066,-0.0066218763,-0.0144,-0.0143916136,0.0342,0.033628181,0.0264,0.0258584437,-0.0125,-0.0125787822,-0.0203,-0.0203485195,0.0129,0.0128175037,0.0051,0.0050477664
1979-01-01,0.0077,0.0076705063,0.0418,0.0409499863,0.0341,0.03327948,0.0506,0.0493614295,0.0429,0.0416909232,0.0651,0.0630686915,0.0574,0.0553981852,0.0309,0.0304322071,0.0232,0.0227617008,0.043,0.042101176,0.0353,0.0344306697,0.0366,0.0359461268,0.0289,0.0282756205,0.0573,0.0557184888,0.0496,0.0480479825,0.0142,0.0141001244,0.0065,0.0064296181,0.0637,0.0617533963,0.056,0.05408289,0.0603,0.0585518869,0.0526,0.0508813806
1979-02-01,0.0073,0.007273484,-0.0349,-0.0355235561,-0.0422,-0.04279704,-0.036,-0.0366639844,-0.0433,-0.0439374683,-0.0449,-0.0459392319,-0.0522,-0.0532127159,0.0061,0.0060814703,-0.0012,-0.0011920137,-0.0332,-0.0337636302,-0.0405,-0.0410371141,-0.0065,-0.006521217,-0.0138,-0.013794701,-0.0442,-0.0452065928,-0.0515,-0.0524800768,-0.0452,-0.0462533845,-0.0525,-0.0535268685,-0.0164,-0.0165359686,-0.0237,-0.0238094526,-0.0321,-0.0326265028,-0.0394,-0.0398999868
1979-03-01,0.0081,0.0080673711,0.0415,0.0406619817,0.0334,0.0325946106,0.066,0.0639133257,0.0579,0.0558459547,0.0734,0.0708311808,0.0653,0.0627638097,0.0928,0.0887432098,0.0847,0.0806758388,0.0761,0.0733433942,0.068,0.0652760231,0.0016,0.0015987214,-0.0065,-0.0064686497,0.0612,0.0594003433,0.0531,0.0513329722,0.0504,0.049171044,0.0423,0.0411036729,0.0232,0.0229349713,0.0151,0.0148676002,0.0816,0.0784414263,0.0735,0.0703740552
1979-04-01,0.008,0.0079681696,0.002,0.0019980027,-0.006,-0.005970167,0.0293,0.0288789596,0.0213,0.0209107899,-0.0046,-0.0046106126,-0.0126,-0.0125787822,0.0433,0.0423887665,0.0353,0.0344205968,0.0033,0.0032945669,-0.0047,-0.0046736027,-0.0215,-0.0217344921,-0.0295,-0.0297026618,0.0088,0.0087615057,0.0008,0.000793336,0.0043,0.0042907814,-0.0037,-0.0036773882,-0.0275,-0.0278852035,-0.0355,-0.0358533731,0.0149,0.0147900855,0.0069,0.0068219158
1979-05-01,0.0082,0.0081665627,-0.0178,-0.0179603254,-0.026,-0.026126888,-0.0069,-0.0069239151,-0.0151,-0.0150904777,-0.0229,-0.023166278,-0.0311,-0.0313328407,-0.0246,-0.0249076357,-0.0328,-0.0330741984,-0.0198,-0.0199986465,-0.028,-0.0281652092,0.0009,0.0008995952,-0.0073,-0.0072669674,-0.0244,-0.0247026126,-0.0326,-0.0328691753,-0.0264,-0.0267547373,-0.0346,-0.0349213,0.0144,0.0142973047,0.0062,0.006130742,-0.0028,-0.0028039273,-0.011,-0.01097049
1979-06-01,0.0081,0.0080673711,0.0332,0.0326607822,0.0251,0.0245934112,0.03,0.0295588022,0.0219,0.0214914312,0.0349,0.0343048037,0.0268,0.0262374326,0.0927,0.0886516976,0.0846,0.0805843265,0.005,0.0049875415,-0.0031,-0.0030798296,0.0193,0.0191161172,0.0112,0.0110487461,0.028,0.027615167,0.0199,0.019547796,0.0483,0.0471698045,0.0402,0.0391024334,0.0497,0.0485044091,0.0416,0.040437038,0.07,0.0676586485,0.0619,0.0595912774
1979-07-01,0.0077,0.0076705063,0.0203,0.0200967017,0.0126,0.0124261954,0.0207,0.0204886664,0.013,0.0128181601,0.0202,0.0199986865,0.0125,0.0123281802,0.0158,0.0156764794,0.0081,0.0080059731,-0.0149,-0.0150121201,-0.0226,-0.0226826264,-0.0011,-0.0011006054,-0.0088,-0.0087711117,0.0126,0.0125212806,0.0049,0.0048507742,0.0015,0.0014988761,-0.0062,-0.0061716302,0.0207,0.0204886664,0.013,0.0128181601,0.0331,0.0325639909,0.0254,0.0248934846
1979-08-01,0.0077,0.0076705063,0.0756,0.0728786454,0.0679,0.0652081391,0.0472,0.0461199356,0.0395,0.0384494293,0.0771,0.0742722444,0.0694,0.0666017381,0.0793,0.0763126828,0.0716,0.0686421765,0.0591,0.0574194909,0.0514,0.0497489846,0.0152,0.0150856374,0.0075,0.0074151311,0.0888,0.0850761724,0.0811,0.0774056661,0.0858,0.0823170425,0.0781,0.0746465362,0.0205,0.0202927033,0.0128,0.012622197,0.0578,0.0561912796,0.0501,0.0485207733
1979-09-01,0.0083,0.0082657444,-0.0187,-0.0188770558,-0.027,-0.0271428002,0.0039,0.0038924147,-0.0044,-0.0043733297,-0.0069,-0.0069239151,-0.0152,-0.0151896595,0.0592,0.0575139062,0.0509,0.0492481618,-0.0175,-0.0176549352,-0.0258,-0.0259206797,-0.0238,-0.0240877955,-0.0321,-0.0323535399,-0.0075,-0.0075282664,-0.0158,-0.0157940108,-0.0055,-0.0055151807,-0.0138,-0.0137809251,-0.0219,-0.0221433647,-0.0302,-0.0304091091,-0.0066,-0.0066218763,-0.0149,-0.0148876207
1979-10-01,0.0087,0.0086623731,-0.0766,-0.0796927689,-0.0853,-0.088355142,-0.0928,-0.097392346,-0.1015,-0.1060547191,-0.0885,-0.0926636849,-0.0972,-0.1013260579,-0.0255,-0.02583076,-0.0342,-0.0344931331,-0.0774,-0.0805595079,-0.0861,-0.0892218809,-0.0507,-0.0520304081,-0.0594,-0.0606927812,-0.0889,-0.0931026183,-0.0976,-0.1017649913,-0.0434,-0.0443699477,-0.0521,-0.0530323208,-0.0583,-0.0600685265,-0.067,-0.0687308995,-0.1015,-0.1070285728,-0.1102,-0.1156909458
1979-11-01,0.0099,0.0098513161,0.0516,0.0503128139,0.0417,0.0404614978,-0.022,-0.0222456089,-0.0319,-0.032096925,0.0472,0.0461199356,0.0373,0.0362686196,0.0892,0.0854434818,0.0793,0.0755921658,0.0818,0.0786263205,0.0719,0.0687750044,0.0406,0.0397974699,0.0307,0.0299461538,0.0383,0.0375847603,0.0284,0.0277334443,0.0879,0.0842492324,0.078,0.0743979164,0.0778,0.0749219265,0.0679,0.0650706105,0.0703,0.067938983,0.0604,0.058087667
1979-12-01,0.0095,0.0094551588,0.0337,0.0331445986,0.0242,0.0236894398,0.0326,0.0320798935,0.0231,0.0226247347,0.0446,0.043634037,0.0351,0.0341788782,0.0249,0.0245950469,0.0154,0.0151398881,0.0179,0.0177416815,0.0084,0.0082865227,-0.0152,-0.0153167041,-0.0247,-0.0247718629,0.0307,0.0302381831,0.0212,0.0207830243,0.0208,0.0205866336,0.0113,0.0111314748,-0.0101,-0.0101513511,-0.0196,-0.0196065098,0.0412,0.0403738941,0.0317,0.0309187354
1980-01-01,0.008,0.0079681696,0.0311,0.0306261935,0.0231,0.0226580239,0.0911,0.0871863617,0.0831,0.079218192,0.0706,0.068219239,0.0626,0.0602510693,0.1405,0.1314667627,0.1325,0.1234985931,0.0735,0.0709243383,0.0655,0.0629561687,-0.0207,-0.0209172483,-0.0287,-0.0288854179,0.0131,0.0130149371,0.0051,0.0050467674,-0.0129,-0.0129839276,-0.0209,-0.0209520972,0.0155,0.015381102,0.0075,0.0074129324,0.0554,0.053919842,0.0474,0.0459516723
1980-02-01,0.0089,0.0088606284,-0.0486,-0.049820695,-0.0575,-0.0586813234,-0.0635,-0.0656057571,-0.0724,-0.0744663855,-0.025,-0.025317808,-0.0339,-0.0341784364,0.13,0.1222176327,0.1211,0.1133570043,-0.0359,-0.0365602553,-0.0448,-0.0454208837,-0.014,-0.0140989244,-0.0229,-0.0229595528,-0.0486,-0.049820695,-0.0575,-0.0586813234,-0.0464,-0.0475109827,-0.0553,-0.0563716111,-0.0342,-0.0347985055,-0.0431,-0.043659134,-0.0337,-0.034280934,-0.0426,-0.0431415624
1980-03-01,0.0121,0.0120273802,-0.0817,-0.0852311444,-0.0938,-0.0972585246,-0.088,-0.0921152889,-0.1001,-0.1041426691,-0.1177,-0.1252231448,-0.1298,-0.137250525,-0.1791,-0.1973539796,-0.1912,-0.2093813598,-0.1267,-0.1354761396,-0.1388,-0.1475035198,-0.0266,-0.0269601816,-0.0387,-0.0389875618,-0.0963,-0.1012578321,-0.1084,-0.1132852123,-0.0285,-0.0289140102,-0.0406,-0.0409413904,-0.066,-0.0682788408,-0.0781,-0.080306221,-0.1233,-0.1315904204,-0.1354,-0.1436178006
1980-04-01,0.0126,0.0125212806,0.064,0.0620353909,0.0514,0.0495141104,-0.0175,-0.0176549352,-0.0301,-0.0301762158,0.0321,0.0315955616,0.0195,0.019074281,0.0686,0.0663493805,0.056,0.0538281,0.0072,0.0071742037,-0.0054,-0.0053470768,0.0733,0.0707380145,0.0607,0.058216734,0.045,0.0440168854,0.0324,0.0314956049,0.0429,0.0420052941,0.0303,0.0294840136,0.1204,0.1136857644,0.1078,0.1011644839,0.0613,0.0594945718,0.0487,0.0469732912
1980-05-01,0.0081,0.0080673711,0.0795,0.076497971,0.0714,0.0684305999,0.0437,0.0427720918,0.0356,0.0347047208,0.0625,0.0606246218,0.0544,0.0525572507,0.0413,0.0404699326,0.0332,0.0324025615,0.0481,0.0469790012,0.04,0.0389116301,0.05,0.0487901642,0.0419,0.0407227931,0.1068,0.1014729689,0.0987,0.0934055979,0.0697,0.0673782353,0.0616,0.0593108643,0.046,0.0449733656,0.0379,0.0369059946,0.0809,0.0777940274,0.0728,0.0697266564
1980-06-01,0.0061,0.0060814703,0.0299,0.0294617101,0.0238,0.0233802398,0.0279,0.027517886,0.0218,0.0214364157,0.0234,0.0231304174,0.0173,0.0170489471,0.0584,0.0567583338,0.0523,0.0506768635,0.0303,0.029850022,0.0242,0.0237685517,-0.0057,-0.005716307,-0.0118,-0.0117977773,0.0242,0.02391182,0.0181,0.0178303497,0.0022,0.0021975835,-0.0039,-0.0038838868,0.0455,0.0444952399,0.0394,0.0384137696,0.0509,0.0496469399,0.0448,0.0435654696
1980-07-01,0.0053,0.0052860044,0.0774,0.0745507313,0.0721,0.0692647268,0.1175,0.1110940475,0.1122,0.1058080431,0.1083,0.1028273098,0.103,0.0975413054,0.0201,0.0199006617,0.0148,0.0146146573,0.1548,0.1439271688,0.1495,0.1386411644,0.01,0.0099503309,0.0047,0.0046643264,0.1082,0.1027370775,0.1029,0.097451073,0.0888,0.0850761724,0.0835,0.0797901679,-0.0012,-0.0012007206,-0.0065,-0.006486725,0.0685,0.0662557958,0.0632,0.0609697913
1980-08-01,0.0064,0.006379607,0.0147,0.0145930023,0.0083,0.0082133953,0.0153,0.0151841353,0.0089,0.0088045284,0.0158,0.0156764794,0.0094,0.0092968724,0.0366,0.0359461268,0.0302,0.0295665198,0.0366,0.0359461268,0.0302,0.0295665198,0.063,0.0610950994,0.0566,0.0547154924,0.018,0.0178399181,0.0116,0.0114603112,0.0027,0.0026963615,-0.0037,-0.0036832454,-0.0117,-0.0117689836,-0.0181,-0.0181485906,0.027,0.0266419309,0.0206,0.020262324
1980-09-01,0.0075,0.0074720148,0.002,0.0019980027,-0.0055,-0.0054740122,0.0093,0.0092570213,0.0018,0.0017850064,0.0283,0.0279069533,0.0208,0.0204349384,0.0653,0.0632564496,0.0578,0.0557844348,0.0199,0.0197045833,0.0124,0.0122325684,-0.0162,-0.0163326546,-0.0237,-0.0238046695,0.0128,0.0127187724,0.0053,0.0052467576,0.0362,0.0355601754,0.0287,0.0280881606,0.0012,0.0011992806,-0.0063,-0.0062727343,0.0382,0.0374884444,0.0307,0.0300164296
1980-10-01,0.0095,0.0094551588,0.0029,0.0028958031,-0.0066,-0.0065593557,-0.0172,-0.0173496383,-0.0267,-0.0268047971,0.0042,0.0041912046,-0.0053,-0.0052639542,0.0776,0.0747363461,0.0681,0.0652811873,0.0196,0.0194103935,0.0101,0.0099552347,-0.0321,-0.0326265028,-0.0416,-0.0420816616,-0.0115,-0.0115666364,-0.021,-0.0210217951,-0.0124,-0.0124775215,-0.0219,-0.0219326803,0.0192,0.0190180058,0.0097,0.0095628471,0.0156,0.0154795708,0.0061,0.0060244121
1980-11-01,0.0096,0.0095542128,0.0093,0.0092570213,-0.0003,-0.0002971915,0.0489,0.047741996,0.0393,0.0381877832,0.0841,0.0807501497,0.0745,0.0711959369,0.243,0.2175278125,0.2334,0.2079735997,0.0983,0.0937635298,0.0887,0.084209317,-0.0046,-0.0046106126,-0.0142,-0.0141648254,0.0258,0.025472796,0.0162,0.0159185832,0.0888,0.0850761724,0.0792,0.0755219596,0.0739,0.0712968819,0.0643,0.0617426691,0.0767,0.0739008078,0.0671,0.064346595
1980-12-01,0.0131,0.0130149371,0.01,0.0099503309,-0.0031,-0.0030646062,-0.0108,-0.0108587433,-0.0239,-0.0238736804,-0.0207,-0.0209172483,-0.0338,-0.0339321853,-0.1059,-0.1119376532,-0.119,-0.1249525903,-0.0114,-0.0114654781,-0.0245,-0.0244804152,0.0122,0.0121261798,-0.0009,-0.0008887573,-0.0139,-0.0139975096,-0.027,-0.0270124467,0.0461,0.0450689634,0.033,0.0320540263,-0.0192,-0.0193867138,-0.0323,-0.0324016509,0.0004,0.00039992,-0.0127,-0.0126150171
1981-01-01,0.0104,0.0103462921,0.0203,0.0200967017,0.0099,0.0097504096,-0.0224,-0.0226546906,-0.0328,-0.0330009826,-0.0196,-0.0197946273,-0.03,-0.0301409194,-0.1016,-0.1071398756,-0.112,-0.1174861676,-0.0807,-0.0841427681,-0.0911,-0.0944890602,0.0555,0.0540145883,0.0451,0.0436682963,0.0044,0.0043903483,-0.006,-0.0059559438,-0.0162,-0.0163326546,-0.0266,-0.0266789467,-0.0256,-0.025933382,-0.036,-0.0362796741,-0.0336,-0.0341774518,-0.044,-0.0445237439
1981-02-01,0.0107,0.0106431601,0.0248,0.0244974716,0.0141,0.0138543115,0.0645,0.0625052054,0.0538,0.0518620453,0.0438,0.0428679002,0.0331,0.0322247401,-0.0031,-0.003104815,-0.0138,-0.0137479751,0.0047,0.0046889895,-0.006,-0.0059541706,0.0213,0.0210763256,0.0106,0.0104331655,0.0268,0.02644717,0.0161,0.0158040099,0.018,0.0178399181,0.0073,0.007196758,-0.0127,-0.0127813344,-0.0234,-0.0234244945,0.0167,0.0165620883,0.006,0.0059189282
1981-03-01,0.0121,0.0120273802,0.0694,0.0670977435,0.0573,0.0550703633,0.0698,0.0674717151,0.0577,0.0554443349,0.0605,0.058740495,0.0484,0.0467131148,-0.0205,-0.0207130416,-0.0326,-0.0327404218,0.0498,0.0485996698,0.0377,0.0365722896,0.0117,0.0116320842,-0.0004,-0.000395296,0.1284,0.1208007001,0.1163,0.1087733199,0.0587,0.0570417404,0.0466,0.0450143602,0.03,0.0295588022,0.0179,0.017531422,0.0903,0.0864528877,0.0782,0.0744255075
1981-04-01,0.0108,0.0107420965,0.0115,0.0114343776,0.0007,0.0006922811,0.0187,0.0185273046,0.0079,0.0077852081,-0.0102,-0.0102523765,-0.021,-0.020994473,-0.078,-0.0812100554,-0.0888,-0.091952152,0.0017,0.0016985566,-0.0091,-0.0090435399,0.062,0.0601539228,0.0512,0.0494118263,0.0289,0.0284902704,0.0181,0.0177481739,0.0303,0.029850022,0.0195,0.0191079254,-0.0269,-0.0272684272,-0.0377,-0.0380105237,0.0033,0.0032945669,-0.0075,-0.0074475296
1981-05-01,0.0115,0.0114343776,0.0265,0.0261549575,0.015,0.0147205799,0.0288,0.0283930745,0.0173,0.0169586969,-0.0041,-0.004108428,-0.0156,-0.0155428057,-0.0395,-0.0403012968,-0.051,-0.0517356744,0.0426,0.0417175934,0.0311,0.0302832157,0.0721,0.0696193419,0.0606,0.0581849643,0.0286,0.0281986544,0.0171,0.0167642767,0.0346,0.0340148786,0.0231,0.022580501,0.0184,0.0182327683,0.0069,0.0067983906,0.028,0.027615167,0.0165,0.0161807894
1981-06-01,0.0135,0.0134096869,-0.0018,-0.0018016219,-0.0153,-0.0152113089,-0.043,-0.0439518875,-0.0565,-0.0573615744,-0.0125,-0.0125787822,-0.026,-0.0259884691,0.0471,0.0460244383,0.0336,0.0326147514,-0.0674,-0.0697788946,-0.0809,-0.0831885815,-0.0191,-0.0192847614,-0.0326,-0.0326944483,-0.0143,-0.0144032303,-0.0278,-0.0278129172,-0.056,-0.0576291128,-0.0695,-0.0710387997,0.0346,0.0340148786,0.0211,0.0206051917,-0.0136,-0.0136933271,-0.0271,-0.027103014
1981-07-01,0.0124,0.0123237497,-0.0076,-0.0076290272,-0.02,-0.0199527769,-0.0291,-0.0295318026,-0.0415,-0.0418555523,-0.0286,-0.0290169491,-0.041,-0.0413406988,0.0794,0.0764053312,0.067,0.0640815815,-0.0379,-0.0386368836,-0.0503,-0.0509606333,0.0034,0.0033942331,-0.009,-0.0089295166,-0.034,-0.0345914448,-0.0464,-0.0469151945,-0.039,-0.03978087,-0.0514,-0.0521046197,0.028,0.027615167,0.0156,0.0152914173,-0.0273,-0.0276795691,-0.0397,-0.0400033188
1981-08-01,0.0128,0.0127187724,-0.0493,-0.0505567236,-0.0621,-0.063275496,-0.0793,-0.0826210287,-0.0921,-0.0953398011,-0.0692,-0.0717108476,-0.082,-0.08442962,-0.0634,-0.0654989822,-0.0762,-0.0782177546,-0.0731,-0.0759095941,-0.0859,-0.0886283665,-0.0077,-0.0077297981,-0.0205,-0.0204485705,-0.0561,-0.0577350507,-0.0689,-0.0704538231,-0.0775,-0.0806679031,-0.0903,-0.0933866755,-0.0085,-0.008536331,-0.0213,-0.0212551034,-0.0552,-0.0567820141,-0.068,-0.0695007865
1981-09-01,0.0124,0.0123237497,-0.0217,-0.0219389075,-0.0341,-0.0342626572,-0.0296,-0.0300469214,-0.042,-0.042370671,-0.0717,-0.0744003226,-0.0841,-0.0867240723,-0.123,-0.1312482866,-0.1354,-0.1435720363,-0.0391,-0.0398849337,-0.0515,-0.0522086834,0.0284,0.0280041964,0.016,0.0156804467,-0.0363,-0.0369752361,-0.0487,-0.0492989858,-0.0129,-0.0129839276,-0.0253,-0.0253076772,-0.0554,-0.0569937215,-0.0678,-0.0693174712,-0.0529,-0.0543505948,-0.0653,-0.0666743444
1981-10-01,0.0121,0.0120273802,0.0741,0.0714831016,0.062,0.0594557214,-0.0415,-0.0423857165,-0.0536,-0.0544130967,0.037,0.0363319292,0.0249,0.024304549,0.096,0.0916671885,0.0839,0.0796398083,0.0521,0.0507881668,0.04,0.0387607866,0.0602,0.0584575696,0.0481,0.0464301894,0.0676,0.0654131385,0.0555,0.0533857583,0.0796,0.0765906022,0.0675,0.0645632219,0.0489,0.047741996,0.0368,0.0357146158,0.0715,0.0690595359,0.0594,0.0570321557
1981-11-01,0.0107,0.0106431601,0.0266,0.0262523711,0.0159,0.015609211,0.0486,0.0474559412,0.0379,0.0368127811,0.0467,0.0456423579,0.036,0.0349991978,0.0685,0.0662557958,0.0578,0.0556126357,0.015,0.0148886125,0.0043,0.0042454524,0.027,0.0266419309,0.0163,0.0159987708,0.0107,0.0106431601,0.0,0.0,0.0394,0.0386436236,0.0287,0.0280004635,0.0595,0.0577970987,0.0488,0.0471539386,0.0505,0.0492662413,0.0398,0.0386230812
1981-12-01,0.0087,0.0086623731,-0.0181,-0.0182658088,-0.0268,-0.0269281819,0.0047,0.0046889895,-0.004,-0.0039733836,-0.0166,-0.016739324,-0.0253,-0.0254016971,-0.0641,-0.0662466458,-0.0728,-0.0749090189,-0.0002,-0.00020002,-0.0089,-0.0088623931,-0.0145,-0.0146061524,-0.0232,-0.0232685255,-0.0192,-0.0193867138,-0.0279,-0.0280490869,-0.0074,-0.0074275158,-0.0161,-0.0160898889,-0.0235,-0.0237805287,-0.0322,-0.0324429017,-0.0379,-0.0386368836,-0.0466,-0.0472992567
1982-01-01,0.008,0.0079681696,-0.0092,-0.0092425814,-0.0172,-0.017210751,0.0116,0.0115332358,0.0036,0.0035650662,-0.033,-0.0335567835,-0.041,-0.0415249532,-0.0847,-0.0885033986,-0.0927,-0.0964715682,0.027,0.0266419309,0.019,0.0186737613,0.0067,0.0066776548,-0.0013,-0.0012905149,0.0013,0.0012991557,-0.0067,-0.0066690139,0.0144,0.0142973047,0.0064,0.0063291351,-0.0067,-0.0067225458,-0.0147,-0.0146907154,-0.0318,-0.0323166015,-0.0398,-0.0402847711
1982-02-01,0.0092,0.0091579378,-0.0194,-0.0195906498,-0.0286,-0.0287485875,-0.0205,-0.0207130416,-0.0297,-0.0298709794,-0.0562,-0.0578409997,-0.0654,-0.0669989375,-0.112,-0.118783536,-0.1212,-0.1279414738,-0.0532,-0.0546674013,-0.0624,-0.0638253391,-0.0569,-0.0585829574,-0.0661,-0.0677408952,-0.0141,-0.0142003494,-0.0233,-0.0233582872,-0.0174,-0.0175531592,-0.0266,-0.026711097,-0.0034,-0.0034057931,-0.0126,-0.0125637309,-0.0392,-0.0399890082,-0.0484,-0.049146946
1982-03-01,0.0098,0.0097522914,0.0247,0.0243998868,0.0149,0.0146475954,0.0351,0.0344980404,0.0253,0.024745749,-0.0177,-0.0178585183,-0.0275,-0.0276108097,-0.0341,-0.0346949698,-0.0439,-0.0444472612,-0.0356,-0.0362491327,-0.0454,-0.0460014241,0.0205,0.0202927033,0.0107,0.0105404118,0.0428,0.0419094031,0.033,0.0321571116,-0.0256,-0.025933382,-0.0354,-0.0356856735,0.0166,0.016463726,0.0068,0.0067114346,-0.0126,-0.0126800532,-0.0224,-0.0224323446
1982-04-01,0.0113,0.0112366319,0.0668,0.0646635133,0.0555,0.0534268814,0.0444,0.0434425578,0.0331,0.0322059259,0.0325,0.0319830459,0.0212,0.0207464139,0.0431,0.0421970487,0.0318,0.0309604168,0.0744,0.0717623662,0.0631,0.0605257343,-0.0136,-0.0136933271,-0.0249,-0.0249299591,0.0531,0.0517381954,0.0418,0.0405015635,0.0739,0.0712968819,0.0626,0.06006025,0.0385,0.0377773643,0.0272,0.0265407324,0.0364,0.0357531697,0.0251,0.0245165378
1982-05-01,0.0106,0.0105442139,-0.0329,-0.0334533763,-0.0435,-0.0439975901,-0.0195,-0.0196926333,-0.0301,-0.0302368472,-0.0475,-0.048665172,-0.0581,-0.0592093859,0.0234,0.0231304174,0.0128,0.0125862035,-0.0545,-0.0560413909,-0.0651,-0.0665856048,0.002,0.0019980027,-0.0086,-0.0085462112,-0.0273,-0.0276795691,-0.0379,-0.038223783,-0.0305,-0.0309748043,-0.0411,-0.0415190182,-0.0054,-0.0054146327,-0.016,-0.0159588466,-0.0559,-0.0575231862,-0.0665,-0.0680674001
1982-06-01,0.0096,0.0095542128,0.0166,0.016463726,0.007,0.0069095132,0.0267,0.0263497753,0.0171,0.0167955625,-0.0257,-0.0260360146,-0.0353,-0.0355902274,-0.0626,-0.0646451935,-0.0722,-0.0741994063,-0.0238,-0.0240877955,-0.0334,-0.0336420083,-0.0245,-0.0248051189,-0.0341,-0.0343593317,0.0265,0.0261549575,0.0169,0.0166007447,-0.0075,-0.0075282664,-0.0171,-0.0170824792,-0.0221,-0.0223478637,-0.0317,-0.0319020765,-0.0242,-0.0244976316,-0.0338,-0.0340518444
1982-07-01,0.0105,0.0104452579,-0.0045,-0.0045101555,-0.015,-0.0149554133,-0.0033,-0.003305457,-0.0138,-0.0137507149,-0.0233,-0.0235757365,-0.0338,-0.0340209944,-0.0811,-0.0845779765,-0.0916,-0.0950232343,0.0151,0.0149871298,0.0046,0.0045418719,0.012,0.0119285709,0.0015,0.001483313,0.0022,0.0021975835,-0.0083,-0.0082476743,0.0078,0.0077697373,-0.0027,-0.0026755206,-0.0259,-0.0262413112,-0.0364,-0.0366865691,-0.0304,-0.0308716637,-0.0409,-0.0413169215
1982-08-01,0.0076,0.0075712655,0.0916,0.0876445099,0.084,0.0800732444,0.1386,0.1297994375,0.131,0.122228172,0.1396,0.1306773236,0.132,0.1231060581,0.1005,0.095764622,0.0929,0.0881933565,0.1286,0.1209779266,0.121,0.1134066611,0.1085,0.1030077501,0.1009,0.0954364846,0.126,0.1186715297,0.1184,0.1111002642,0.1244,0.1172495601,0.1168,0.1096782946,0.1208,0.114042716,0.1132,0.1064714505,0.1136,0.1075980106,0.106,0.1000267451
1982-09-01,0.0051,0.005087039,0.0514,0.0501226094,0.0463,0.0450355704,-0.0075,-0.0075282664,-0.0126,-0.0126153055,-0.0104,-0.0104544579,-0.0155,-0.015541497,0.0185,0.0183309567,0.0134,0.0132439176,0.0117,0.0116320842,0.0066,0.0065450452,0.01,0.0099503309,0.0049,0.0048632918,0.0477,0.0465972854,0.0426,0.0415102463,0.0136,0.01350835,0.0085,0.008421311,0.0107,0.0106431601,0.0056,0.005556121,0.042,0.0411419433,0.0369,0.0360549043
1982-10-01,0.0059,0.0058826632,0.1046,0.0994832785,0.0987,0.0936006153,0.1652,0.1528927461,0.1593,0.1470100829,0.1306,0.1227484653,0.1247,0.1168658021,0.055,0.0535407669,0.0491,0.0476581038,0.1699,0.1569182751,0.164,0.1510356119,0.0812,0.0780715354,0.0753,0.0721888723,0.1687,0.15589202,0.1628,0.1500093568,0.0822,0.0789960062,0.0763,0.0731133431,0.0473,0.0462154238,0.0414,0.0403327606,0.1568,0.1456575724,0.1509,0.1397749093
1982-11-01,0.0063,0.006280238,0.0523,0.0509782448,0.046,0.0446980068,0.0825,0.0792731809,0.0762,0.0729929429,0.0579,0.056285811,0.0516,0.0500055731,-0.0458,-0.0468819859,-0.0521,-0.0531622239,0.1069,0.1015633154,0.1006,0.0952830775,0.06,0.0582689081,0.0537,0.0519886702,0.1119,0.1060702637,0.1056,0.0997900258,0.0517,0.0504079025,0.0454,0.0441276646,0.0012,0.0011992806,-0.0051,-0.0050809574,0.0757,0.0729716125,0.0694,0.0666913745
1982-12-01,0.0067,0.0066776548,0.0097,0.009653257,0.003,0.0029756023,0.0303,0.029850022,0.0236,0.0231723672,0.0073,0.007273484,0.0006,0.0005958292,0.0553,0.0538250867,0.0486,0.0471474319,0.0265,0.0261549575,0.0198,0.0194773027,-0.0123,-0.0123762711,-0.019,-0.0190539258,-0.0207,-0.0209172483,-0.0274,-0.027594903,0.0058,0.0057832448,-0.0009,-0.00089441,0.0434,0.0424846116,0.0367,0.0358069569,-0.0136,-0.0136933271,-0.0203,-0.0203709819
1983-01-01,0.0069,0.0068763039,-0.0101,-0.0101513511,-0.017,-0.017027655,0.0517,0.0504079025,0.0448,0.0435315986,0.0503,0.0490758376,0.0434,0.0421995337,0.0364,0.0357531697,0.0295,0.0288768658,0.0838,0.0804733841,0.0769,0.0735970802,0.1244,0.1172495601,0.1175,0.1103732561,0.0126,0.0125212806,0.0057,0.0056449766,0.0142,0.0141001244,0.0073,0.0072238204,0.0367,0.0360425913,0.0298,0.0291662874,0.0285,0.0281014301,0.0216,0.0212251262
1983-02-01,0.0062,0.0061808591,0.0376,0.036910354,0.0314,0.0307294949,0.0364,0.0357531697,0.0302,0.0295723106,0.0406,0.0397974699,0.0344,0.0336166108,-0.0059,-0.0059174738,-0.0121,-0.0120983328,0.0361,0.0354636643,0.0299,0.0292828052,-0.0037,-0.0037068619,-0.0099,-0.009887721,0.0791,0.0761273604,0.0729,0.0699465013,0.0283,0.0279069533,0.0221,0.0217260942,0.0159,0.0157749191,0.0097,0.00959406,0.0456,0.0445908833,0.0394,0.0384100243
1983-03-01,0.0063,0.006280238,0.0752,0.0725066908,0.0689,0.0662264528,-0.0115,-0.0115666364,-0.0178,-0.0178468743,0.021,0.0207825392,0.0147,0.0145023012,0.0593,0.0576083126,0.053,0.0513280747,0.0066,0.0065783154,0.0003,0.0002980774,0.0064,0.006379607,0.0001,9.9369e-05,0.0851,0.0816721486,0.0788,0.0753919107,0.0454,0.0443995873,0.0391,0.0381193493,0.0025,0.0024968802,-0.0038,-0.0037833578,0.0495,0.0483138603,0.0432,0.0420336223
1983-04-01,0.0071,0.0070749137,0.062,0.0601539228,0.0549,0.0530790091,0.1088,0.1032783495,0.1017,0.0962034358,0.0634,0.0614713221,0.0563,0.0543964084,0.0936,0.0894750064,0.0865,0.0824000928,0.0749,0.072227634,0.0678,0.0651527203,0.0514,0.0501226094,0.0443,0.0430476957,0.0858,0.0823170425,0.0787,0.0752421288,0.0505,0.0492662413,0.0434,0.0421913276,0.0478,0.046692728,0.0407,0.0396178143,0.0834,0.0801042442,0.0763,0.0730293306
1983-05-01,0.0069,0.0068763039,-0.0095,-0.0095454128,-0.0164,-0.0164217168,-0.0208,-0.0210193672,-0.0277,-0.0278956712,0.0201,0.0199006617,0.0132,0.0130243578,0.0133,0.0132123315,0.0064,0.0063360275,0.028,0.027615167,0.0211,0.0207388631,-0.0131,-0.0131865618,-0.02,-0.0200628657,0.0047,0.0046889895,-0.0022,-0.0021873145,-0.0275,-0.0278852035,-0.0344,-0.0347615074,0.0254,0.0250827804,0.0185,0.0182064764,0.0237,0.0234235149,0.0168,0.016547211
1983-06-01,0.0067,0.0066776548,0.0319,0.0314017631,0.0252,0.0247241084,0.1032,0.0982150475,0.0965,0.0915373927,0.0158,0.0156764794,0.0091,0.0089988246,0.0643,0.0623173061,0.0576,0.0556396513,0.0613,0.0594945718,0.0546,0.052816917,0.0018,0.0017983819,-0.0049,-0.0048792728,0.0611,0.0593061059,0.0544,0.0526284511,0.0692,0.0669107053,0.0625,0.0602330505,-0.0055,-0.0055151807,-0.0122,-0.0121928354,0.0168,0.0166604409,0.0101,0.0099827861
1983-07-01,0.0074,0.0073727543,-0.0266,-0.0269601816,-0.034,-0.0343329359,-0.039,-0.03978087,-0.0464,-0.0471536243,-0.0258,-0.0261386576,-0.0332,-0.0335114119,-0.0227,-0.0229616116,-0.0301,-0.030334366,-0.0536,-0.0550899663,-0.061,-0.0624627206,-0.0517,-0.0530843711,-0.0591,-0.0604571254,-0.0328,-0.0333499797,-0.0402,-0.040722734,-0.0568,-0.0584769298,-0.0642,-0.0658496841,0.0102,0.0101483311,0.0028,0.0027755767,-0.0364,-0.0370790082,-0.0438,-0.0444517626
1983-08-01,0.0076,0.0075712655,0.0072,0.0071742037,-0.0004,-0.0003970617,-0.0237,-0.0239853628,-0.0313,-0.0315566282,0.006,0.0059820717,-0.0016,-0.0015891938,0.0687,0.0664429565,0.0611,0.0588716911,-0.0111,-0.0111620647,-0.0187,-0.0187333302,0.022,0.0217614918,0.0144,0.0141902263,-0.0473,-0.0484552203,-0.0549,-0.0560264858,-0.0101,-0.0101513511,-0.0177,-0.0177226166,0.0152,0.0150856374,0.0076,0.0075143719,-0.0091,-0.0091416579,-0.0167,-0.0167129234
1983-09-01,0.0076,0.0075712655,0.0466,0.045546815,0.039,0.0379755495,0.0439,0.0429636994,0.0363,0.0353924339,0.0228,0.0225439644,0.0152,0.0149726989,-0.046,-0.0470916075,-0.0536,-0.054662873,0.0216,0.0213700257,0.014,0.0137987602,0.0226,0.0223484037,0.015,0.0147771382,0.0219,0.0216636396,0.0143,0.0140923741,0.013,0.0129162253,0.0054,0.0053449598,0.0466,0.045546815,0.039,0.0379755495,0.016,0.0158733492,0.0084,0.0083020837
1983-10-01,0.0076,0.0075712655,-0.0021,-0.0021022081,-0.0097,-0.0096734736,0.0004,0.00039992,-0.0072,-0.0071713455,-0.0229,-0.023166278,-0.0305,-0.0307375435,-0.0205,-0.0207130416,-0.0281,-0.0282843071,-0.0695,-0.0720332029,-0.0771,-0.0796044684,-0.0519,-0.0532952971,-0.0595,-0.0608665626,-0.0177,-0.0178585183,-0.0253,-0.0254297838,-0.0218,-0.0220411309,-0.0294,-0.0296123964,0.0305,0.0300441213,0.0229,0.0224728559,-0.0407,-0.0415514272,-0.0483,-0.0491226927
1983-11-01,0.007,0.0069756137,0.023,0.022739487,0.016,0.0157638732,0.0423,0.0414298098,0.0353,0.034454196,0.0648,0.0627869881,0.0578,0.0558113744,-0.0045,-0.0045101555,-0.0115,-0.0114857692,0.0233,0.0230326991,0.0163,0.0160570854,0.0317,0.0312079271,0.0247,0.0242323134,0.0444,0.0434425578,0.0374,0.0364669441,-0.0303,-0.0307685337,-0.0373,-0.0377441474,-0.0164,-0.0165359686,-0.0234,-0.0235115824,0.0472,0.0461199356,0.0402,0.0391443219
1983-12-01,0.0073,0.007273484,-0.0047,-0.0047110797,-0.012,-0.0119845637,0.0092,0.0091579378,0.0019,0.0018844538,-0.0111,-0.0111620647,-0.0184,-0.0184355487,0.021,0.0207825392,0.0137,0.0135090552,0.0036,0.0035935355,-0.0037,-0.0036799485,-0.0153,-0.0154182527,-0.0226,-0.0226917367,-0.0472,-0.0483502609,-0.0545,-0.0556237449,-0.0363,-0.0369752361,-0.0436,-0.0442487201,-0.0364,-0.0370790082,-0.0437,-0.0443524922,-0.0087,-0.0087380659,-0.016,-0.0160115499
1984-01-01,0.0076,0.0075712655,-0.0071,-0.0071253249,-0.0147,-0.0146965904,-0.0538,-0.0553013158,-0.0614,-0.0628725813,-0.0349,-0.0355235561,-0.0425,-0.0430948216,0.0985,0.0939456128,0.0909,0.0863743473,-0.062,-0.06400533,-0.0696,-0.0715765955,0.041,0.0401817896,0.0334,0.0326105241,-0.0585,-0.0602809309,-0.0661,-0.0678521964,-0.0057,-0.005716307,-0.0133,-0.0132875725,0.0144,0.0142973047,0.0068,0.0067260392,-0.0163,-0.0164343065,-0.0239,-0.024005572
1984-02-01,0.0071,0.0070749137,-0.0565,-0.0581589142,-0.0636,-0.0652338278,-0.0609,-0.0628333092,-0.068,-0.0699082228,-0.0659,-0.0681717801,-0.073,-0.0752466938,0.0396,0.0388360238,0.0325,0.0317611101,-0.0593,-0.061131,-0.0664,-0.0682059137,-0.0368,-0.0374942044,-0.0439,-0.0445691181,-0.0445,-0.0455205153,-0.0516,-0.052595429,-0.0203,-0.0205088766,-0.0274,-0.0275837903,-0.0334,-0.0339705196,-0.0405,-0.0410454332,-0.0493,-0.0505567236,-0.0564,-0.0576316373
1984-03-01,0.0073,0.007273484,0.0163,0.0161685812,0.009,0.0088950972,0.0037,0.0036931718,-0.0036,-0.0035803121,0.0329,0.03237038,0.0256,0.0250968961,0.0027,0.0026963615,-0.0046,-0.0045771224,0.0179,0.0177416815,0.0106,0.0104681975,-0.043,-0.0439518875,-0.0503,-0.0512253715,0.0121,0.0120273802,0.0048,0.0047538962,-0.0067,-0.0067225458,-0.014,-0.0139960297,-0.0031,-0.003104815,-0.0104,-0.0103782989,0.0245,0.0242046887,0.0172,0.0169312047
1984-04-01,0.0081,0.0080673711,0.0057,0.0056838165,-0.0024,-0.0023835546,0.0132,0.0131136391,0.0051,0.0050462681,-0.0013,-0.0013008457,-0.0094,-0.0093682168,0.0398,0.039028387,0.0317,0.0309610159,-0.0043,-0.0043092716,-0.0124,-0.0123766427,0.022,0.0217614918,0.0139,0.0136941207,0.0034,0.0033942331,-0.0047,-0.004673138,0.0232,0.0229349713,0.0151,0.0148676002,-0.005,-0.0050125418,-0.0131,-0.0130799129,-0.0203,-0.0205088766,-0.0284,-0.0285762477
1984-05-01,0.0078,0.0077697373,-0.0241,-0.0243951568,-0.0319,-0.0321648941,-0.0579,-0.0596438529,-0.0657,-0.0674135902,-0.0581,-0.0598561672,-0.0659,-0.0676259044,-0.0512,-0.0525572507,-0.059,-0.060326988,-0.056,-0.0576291128,-0.0638,-0.0653988501,-0.0357,-0.0363528295,-0.0435,-0.0441225667,-0.0518,-0.0531898285,-0.0596,-0.0609595658,-0.0646,-0.0667810337,-0.0724,-0.074550771,-0.0083,-0.0083346368,-0.0161,-0.0161043741,-0.0688,-0.071281202,-0.0766,-0.0790509393
1984-06-01,0.0075,0.0074720148,0.0632,0.0612832284,0.0557,0.0538112136,0.0211,0.0208804776,0.0136,0.0134084627,0.0319,0.0314017631,0.0244,0.0239297483,-0.02,-0.0202027073,-0.0275,-0.0276747222,0.0179,0.0177416815,0.0104,0.0102696666,0.1221,0.1152019297,0.1146,0.1077299148,0.074,0.0713899961,0.0665,0.0639179812,0.0386,0.0378736524,0.0311,0.0304016376,0.0044,0.0043903483,-0.0031,-0.0030816665,0.0222,0.0219571674,0.0147,0.0144851525
1984-07-01,0.0082,0.0081665627,-0.0158,-0.0159261506,-0.024,-0.0240927132,0.0253,0.0249852527,0.0171,0.01681869,-0.0147,-0.0148091157,-0.0229,-0.0229756783,-0.0747,-0.0776372697,-0.0829,-0.0858038324,-0.0245,-0.0248051189,-0.0327,-0.0329716816,0.0281,0.0277124386,0.0199,0.0195458759,0.0012,0.0011992806,-0.007,-0.0069672821,-0.0377,-0.0384290266,-0.0459,-0.0465955893,-0.0001,-0.000100005,-0.0083,-0.0082665677,-0.0187,-0.0188770558,-0.0269,-0.0270436184
1984-08-01,0.0083,0.0082657444,0.0869,0.0833296076,0.0786,0.0750638632,0.1,0.0953101798,0.0917,0.0870444354,0.119,0.1124354293,0.1107,0.1041696849,0.1401,0.1311159779,0.1318,0.1228502334,0.1396,0.1306773236,0.1313,0.1224115792,0.0672,0.0650383962,0.0589,0.0567726518,0.0986,0.0940366419,0.0903,0.0857708975,0.1044,0.0993022011,0.0961,0.0910364567,0.0778,0.0749219265,0.0695,0.0666561821,0.1109,0.1051704976,0.1026,0.0969047532
1984-09-01,0.0086,0.0085632307,0.0126,0.0125212806,0.004,0.0039580499,-0.002,-0.0020020027,-0.0106,-0.0105652333,-0.0257,-0.0260360146,-0.0343,-0.0345992452,0.0225,0.0222506089,0.0139,0.0136873783,-0.0394,-0.0401971898,-0.048,-0.0487604204,0.0292,0.0287818014,0.0206,0.0202185708,0.0006,0.0005998201,-0.008,-0.0079634106,-0.0442,-0.0452065928,-0.0528,-0.0537698235,0.0486,0.0474559412,0.04,0.0388927105,0.0218,0.0215657779,0.0132,0.0130025473
1984-10-01,0.01,0.0099503309,0.0138,0.0137056471,0.0038,0.0037553162,0.0215,0.0212721353,0.0115,0.0113218044,0.0059,0.0058826632,-0.0041,-0.0040676677,-0.0435,-0.0444744901,-0.0535,-0.054424821,-0.0055,-0.0055151807,-0.0155,-0.0154655115,-0.008,-0.0080321717,-0.018,-0.0179825026,-0.0069,-0.0069239151,-0.0169,-0.0168742459,0.0166,0.016463726,0.0066,0.0065133952,0.0335,0.0329511001,0.0235,0.0230007693,0.0077,0.0076705063,-0.0023,-0.0022798245
1984-11-01,0.0073,0.007273484,0.0038,0.0037927982,-0.0035,-0.0034806857,-0.0303,-0.0307685337,-0.0376,-0.0380420176,-0.0135,-0.0135919535,-0.0208,-0.0208654375,-0.0099,-0.0099493309,-0.0172,-0.0172228148,-0.038,-0.0387408283,-0.0453,-0.0460143123,-0.0024,-0.0024028846,-0.0097,-0.0096763686,-0.0291,-0.0295318026,-0.0364,-0.0368052866,-0.0008,-0.0008003202,-0.0081,-0.0080738041,0.0306,0.0301411569,0.0233,0.0228676729,-0.0034,-0.0034057931,-0.0107,-0.0106792771
1984-12-01,0.0064,0.006379607,0.0244,0.0241070753,0.018,0.0177274684,0.0461,0.0450689634,0.0397,0.0386893564,0.0216,0.0213700257,0.0152,0.0149904188,-0.0057,-0.005716307,-0.0121,-0.012095914,0.0254,0.0250827804,0.019,0.0187031734,0.0512,0.0499323687,0.0448,0.0435527618,0.0076,0.0075712655,0.0012,0.0011916585,0.0271,0.0267392972,0.0207,0.0203596902,0.0265,0.0261549575,0.0201,0.0197753505,0.037,0.0363319292,0.0306,0.0299523223
1985-01-01,0.0065,0.0064789661,0.0484,0.0472651925,0.0419,0.0407862264,0.0984,0.0938545755,0.0919,0.0873756094,0.0847,0.0813034511,0.0782,0.074824485,0.0654,0.0633503155,0.0589,0.0568713494,0.1256,0.1183162268,0.1191,0.1118372607,0.0586,0.0569472804,0.0521,0.0504683143,0.1313,0.123367414,0.1248,0.1168884479,0.0831,0.0798272999,0.0766,0.0733483338,0.024,0.0237165266,0.0175,0.0172375605,0.0981,0.0935814136,0.0916,0.0871024475
1985-02-01,0.0058,0.0057832448,0.0507,0.0494566087,0.0449,0.043673364,-0.0157,-0.0158245503,-0.0215,-0.0216077951,0.0133,0.0132123315,0.0075,0.0074290867,0.0388,0.0380662008,0.033,0.0322829561,-0.0132,-0.0132878943,-0.019,-0.0190711391,0.0269,0.0265445552,0.0211,0.0207613105,0.021,0.0207825392,0.0152,0.0149992944,0.036,0.0353671438,0.0302,0.0295838991,0.0137,0.0136070034,0.0079,0.0078237587,0.021,0.0207825392,0.0152,0.0149992944
1985-03-01,0.0062,0.0061808591,0.0464,0.0453557017,0.0402,0.0391748426,-0.0523,-0.0537172825,-0.0585,-0.0598981416,-0.0276,-0.0279880365,-0.0338,-0.0341688956,0.0145,0.0143958803,0.0083,0.0082150212,-0.0602,-0.0620881923,-0.0664,-0.0682690514,0.0548,0.0533511755,0.0486,0.0471703164,-0.0061,-0.006118681,-0.0123,-0.0122995401,0.0307,0.0302381831,0.0245,0.024057324,0.0613,0.0594945718,0.0551,0.0533137127,-0.0016,-0.0016012814,-0.0078,-0.0077821404
1985-04-01,0.0072,0.0071742037,-0.0213,-0.0215301186,-0.0285,-0.0287043223,-0.0345,-0.0351091771,-0.0417,-0.0422833809,-0.0149,-0.0150121201,-0.0221,-0.0221863239,0.038,0.0372957847,0.0308,0.030121581,-0.0364,-0.0370790082,-0.0436,-0.044253212,0.009,0.0089597414,0.0018,0.0017855376,0.0004,0.00039992,-0.0068,-0.0067742837,-0.0177,-0.0178585183,-0.0249,-0.025032722,0.016,0.0158733492,0.0088,0.0086991454,0.0144,0.0142973047,0.0072,0.007123101
1985-05-01,0.0066,0.0065783154,0.0798,0.0767758388,0.0732,0.0701975234,0.059,0.0573250666,0.0524,0.0507467513,0.0609,0.0591176045,0.0543,0.0525392891,0.0062,0.0061808591,-0.0004,-0.0003974563,0.0284,0.0280041964,0.0218,0.021425881,0.0663,0.064194712,0.0597,0.0576163967,0.096,0.0916671885,0.0894,0.0850888732,0.0937,0.0895664434,0.0871,0.082988128,0.0538,0.0524026788,0.0472,0.0458243634,0.063,0.0610950994,0.0564,0.054516784
1985-06-01,0.0055,0.0054849302,0.0276,0.0272259863,0.0221,0.021741056,0.0149,0.0147900855,0.0094,0.0093051552,0.0151,0.0149871298,0.0096,0.0095021996,-0.0064,-0.0064205678,-0.0119,-0.011905498,-0.007,-0.0070246149,-0.0125,-0.0125095452,0.041,0.0401817896,0.0355,0.0346968594,0.016,0.0158733492,0.0105,0.0103884189,0.0227,0.0224461888,0.0172,0.0169612586,0.0362,0.0355601754,0.0307,0.0300752452,0.0286,0.0281986544,0.0231,0.0227137241
1985-07-01,0.0062,0.0061808591,-0.0262,-0.0265493352,-0.0324,-0.0327301943,0.0254,0.0250827804,0.0192,0.0189019213,0.0341,0.0335314832,0.0279,0.0273506241,-0.0059,-0.0059174738,-0.0121,-0.0120983328,0.0441,0.0431552703,0.0379,0.0369744112,-0.0457,-0.0467771916,-0.0519,-0.0529580506,-0.0399,-0.0407178333,-0.0461,-0.0468986924,-0.0047,-0.0047110797,-0.0109,-0.0108919388,-0.0465,-0.0476158539,-0.0527,-0.053796713,-0.0016,-0.0016012814,-0.0078,-0.0077821404
1985-08-01,0.0055,0.0054849302,0.007,0.0069756137,0.0015,0.0014906835,-0.0303,-0.0307685337,-0.0358,-0.0362534639,-0.0114,-0.0114654781,-0.0169,-0.0169504083,0.0158,0.0156764794,0.0103,0.0101915492,-0.0253,-0.0256255476,-0.0308,-0.0311104779,0.0053,0.0052860044,-0.0002,-0.0001989258,-0.0061,-0.006118681,-0.0116,-0.0116036112,-0.0082,-0.0082338049,-0.0137,-0.0137187352,0.0192,0.0190180058,0.0137,0.0135330756,-0.0038,-0.0038072383,-0.0093,-0.0092921686
1985-09-01,0.006,0.0059820717,-0.0057,-0.005716307,-0.0117,-0.0116983787,-0.0309,-0.0313874732,-0.0369,-0.0373695449,-0.0398,-0.0406136829,-0.0458,-0.0465957546,-0.013,-0.0130852395,-0.019,-0.0190673112,-0.0474,-0.0485601906,-0.0534,-0.0545422623,-0.0408,-0.0416556753,-0.0468,-0.0476377469,-0.0433,-0.0442654163,-0.0493,-0.050247488,-0.0392,-0.0399890082,-0.0452,-0.0459710799,-0.0538,-0.0553013158,-0.0598,-0.0612833875,-0.0498,-0.0510827902,-0.0558,-0.0570648619
1985-10-01,0.0065,0.0064789661,0.0357,0.0350775266,0.0292,0.0285985605,0.0098,0.0097522914,0.0033,0.0032733253,0.0329,0.03237038,0.0264,0.0258914139,0.0595,0.0577970987,0.053,0.0513181326,0.0302,0.0297529581,0.0237,0.0232739921,0.0416,0.0407579925,0.0351,0.0342790264,0.0683,0.0660686,0.0618,0.0595896339,0.0287,0.0282958692,0.0222,0.0218169031,0.0633,0.0613772797,0.0568,0.0548983136,0.064,0.0620353909,0.0575,0.0555564248
1985-11-01,0.0061,0.0060814703,0.0823,0.0790884063,0.0762,0.073006936,0.0988,0.0942186752,0.0927,0.0881372049,0.0794,0.0764053312,0.0733,0.0703238609,0.0034,0.0033942331,-0.0027,-0.0026872372,0.0866,0.0830535551,0.0805,0.0769720848,0.0741,0.0714831016,0.068,0.0654016313,0.0797,0.0766832248,0.0736,0.0706017545,0.0956,0.0913021584,0.0895,0.0852206881,0.041,0.0401817896,0.0349,0.0341003193,0.0742,0.0715761985,0.0681,0.0654947282
1985-12-01,0.0065,0.0064789661,0.0546,0.0531615481,0.0481,0.046682582,0.07,0.0676586485,0.0635,0.0611796824,0.0448,0.0438254795,0.0383,0.0373465134,-0.0268,-0.0271656681,-0.0333,-0.0336446342,0.0827,0.0794579213,0.0762,0.0729789552,0.0603,0.0585518869,0.0538,0.0520729209,0.0454,0.0443995873,0.0389,0.0379206212,0.0352,0.0345946448,0.0287,0.0281156787,0.0498,0.0485996698,0.0433,0.0421207037,0.0447,0.0437297629,0.0382,0.0372507968
1986-01-01,0.0056,0.0055843783,0.0179,0.0177416815,0.0123,0.0121573032,0.0209,0.0206845912,0.0153,0.0151002129,0.0162,0.0160701802,0.0106,0.0104858019,-0.068,-0.0704224643,-0.0736,-0.0760068426,-0.0029,-0.0029042131,-0.0085,-0.0084885914,-0.0378,-0.0385329497,-0.0434,-0.044117328,0.0165,0.0163653541,0.0109,0.0107809758,0.0106,0.0105442139,0.005,0.0049598356,0.0379,0.037199441,0.0323,0.0316150627,0.0354,0.0347878255,0.0298,0.0292034472
1986-02-01,0.0053,0.0052860044,0.1083,0.1028273098,0.103,0.0975413054,0.1074,0.1020149254,0.1021,0.096728921,0.1024,0.0974896213,0.0971,0.0922036168,0.0087,0.0086623731,0.0034,0.0033763686,0.0496,0.0484091392,0.0443,0.0431231348,0.0739,0.0712968819,0.0686,0.0660108775,0.0782,0.075292984,0.0729,0.0700069796,0.0607,0.0589290675,0.0554,0.0536430631,0.0659,0.0638195127,0.0606,0.0585335083,0.0834,0.0801042442,0.0781,0.0748182398
1986-03-01,0.006,0.0059820717,0.0812,0.0780715354,0.0752,0.0720894637,0.0784,0.0754784612,0.0724,0.0694963895,0.0599,0.0581745641,0.0539,0.0521924924,0.0095,0.0094551588,0.0035,0.0034730871,-0.0008,-0.0008003202,-0.0068,-0.0067823918,0.0418,0.0409499863,0.0358,0.0349679147,0.0856,0.0821328295,0.0796,0.0761507579,0.1208,0.114042716,0.1148,0.1080606444,0.0398,0.039028387,0.0338,0.0330463153,0.0576,0.0560021901,0.0516,0.0500201184
1986-04-01,0.0052,0.0051865267,0.0043,0.0042907814,-0.0009,-0.0008957453,-0.0331,-0.0336602015,-0.0383,-0.0388467282,-0.0161,-0.0162310131,-0.0213,-0.0214175398,0.0075,0.0074720148,0.0023,0.0022854882,0.0392,0.0384511864,0.034,0.0332646597,0.0243,0.0240094525,0.0191,0.0188229258,0.004,0.0039920213,-0.0012,-0.0011945054,0.0071,0.0070749137,0.0019,0.001888387,-0.0393,-0.0400930936,-0.0445,-0.0452796203,-0.0257,-0.0260360146,-0.0309,-0.0312225412
1986-05-01,0.0049,0.0048880341,0.0887,0.0849843239,0.0838,0.0800962898,0.0306,0.0301411569,0.0257,0.0252531228,0.0441,0.0431552703,0.0392,0.0382672362,0.0736,0.0710174872,0.0687,0.0661294532,0.0095,0.0094551588,0.0046,0.0045671247,0.0459,0.0448777588,0.041,0.0399897247,0.0977,0.0932170817,0.0928,0.0883290476,0.0725,0.0699923718,0.0676,0.0651043377,0.0363,0.0356566772,0.0314,0.0307686431,0.0466,0.045546815,0.0417,0.0406587809
1986-06-01,0.0052,0.0051865267,0.0632,0.0612832284,0.058,0.0560967017,-0.0117,-0.0117689836,-0.0169,-0.0169555103,-0.0004,-0.00040008,-0.0056,-0.0055866067,-0.0205,-0.0207130416,-0.0257,-0.0258995683,-0.0387,-0.0394687439,-0.0439,-0.0446552706,0.0538,0.0524026788,0.0486,0.0472161521,0.0394,0.0386436236,0.0342,0.0334570969,0.0568,0.0552454742,0.0516,0.0500589475,0.0505,0.0492662413,0.0453,0.0440797146,0.0154,0.0152826235,0.0102,0.0100960968
1986-07-01,0.0052,0.0051865267,-0.0573,-0.0590071806,-0.0625,-0.0641937073,-0.0895,-0.0937613798,-0.0947,-0.0989479065,-0.0751,-0.0780696554,-0.0803,-0.0832561821,-0.0512,-0.0525572507,-0.0564,-0.0577437774,-0.0834,-0.0870841069,-0.0886,-0.0922706336,-0.0298,-0.0302530432,-0.035,-0.0354395699,-0.0939,-0.0986056038,-0.0991,-0.1037921304,-0.0536,-0.0550899663,-0.0588,-0.060276493,0.0515,0.0502177162,0.0463,0.0450311895,-0.0643,-0.0664603667,-0.0695,-0.0716468934
1986-08-01,0.0046,0.0045894523,0.0258,0.025472796,0.0212,0.0208833436,0.0701,0.0677521021,0.0655,0.0631626497,0.0646,0.0625991418,0.06,0.0580096894,0.1673,0.1546933897,0.1627,0.1501039373,0.0698,0.0674717151,0.0652,0.0628822628,0.0684,0.0661622023,0.0638,0.0615727499,0.0166,0.016463726,0.012,0.0118742737,0.04,0.0392207132,0.0354,0.0346312608,0.0792,0.0762200259,0.0746,0.0716305736,0.0681,0.0658813691,0.0635,0.0612919168
1986-09-01,0.0045,0.0044899053,-0.1085,-0.1148498417,-0.113,-0.119339747,-0.0812,-0.0846868082,-0.0857,-0.0891767134,-0.0655,-0.0677436521,-0.07,-0.0722335574,-0.0088,-0.0088389487,-0.0133,-0.0133288539,-0.0697,-0.0722481642,-0.0742,-0.0767380695,-0.0944,-0.0991575715,-0.0989,-0.1036474768,-0.0846,-0.0883941508,-0.0891,-0.092884056,-0.126,-0.1346749033,-0.1305,-0.1391648086,-0.0911,-0.0955202019,-0.0956,-0.1000101071,-0.0883,-0.0924442904,-0.0928,-0.0969341957
1986-10-01,0.0046,0.0045894523,0.0886,0.084892467,0.084,0.0803030147,0.0601,0.0583632433,0.0555,0.053773791,0.0647,0.0626930693,0.0601,0.058103617,0.0191,0.0189198849,0.0145,0.0143304325,0.0059,0.0058826632,0.0013,0.0012932108,0.0463,0.0452601314,0.0417,0.0406706791,0.0731,0.070551656,0.0685,0.0659622036,0.0798,0.0767758388,0.0752,0.0721863865,0.0521,0.0507881668,0.0475,0.0461987145,0.042,0.0411419433,0.0374,0.036552491
1986-11-01,0.0039,0.0038924147,0.0072,0.0071742037,0.0033,0.003281789,0.0464,0.0453557017,0.0425,0.041463287,0.0244,0.0241070753,0.0205,0.0202146606,0.0325,0.0319830459,0.0286,0.0280906311,0.0355,0.0348844019,0.0316,0.0309919871,0.0398,0.039028387,0.0359,0.0351359723,0.0161,0.0159717695,0.0122,0.0120793548,0.0137,0.0136070034,0.0098,0.0097145887,0.0055,0.0054849302,0.0016,0.0015925155,-0.0066,-0.0066218763,-0.0105,-0.010514291
1986-12-01,0.0049,0.0048880341,-0.0322,-0.0327298246,-0.0371,-0.0376178587,-0.0257,-0.0260360146,-0.0306,-0.0309240486,-0.0198,-0.0199986465,-0.0247,-0.0248866806,-0.0046,-0.0046106126,-0.0095,-0.0094986466,-0.0367,-0.0373903892,-0.0416,-0.0422784233,-0.0371,-0.0378057147,-0.042,-0.0426937488,-0.0599,-0.0617690264,-0.0648,-0.0666570605,-0.0122,-0.0122750309,-0.0171,-0.0171630649,-0.033,-0.0335567835,-0.0379,-0.0384448176,-0.0258,-0.0261386576,-0.0307,-0.0310266917
1987-01-01,0.0042,0.0041912046,0.1446,0.135055231,0.1404,0.1308640264,0.1866,0.1710920748,0.1824,0.1669008702,0.1444,0.1348804822,0.1402,0.1306892776,0.1415,0.132343187,0.1373,0.1281519824,0.164,0.1518623493,0.1598,0.1476711447,0.053,0.0516432332,0.0488,0.0474520285,0.1172,0.1108255551,0.113,0.1066343505,0.1315,0.1235441861,0.1273,0.1193529815,0.093,0.0889262092,0.0888,0.0847350046,0.1117,0.1058903753,0.1075,0.1016991706
1987-02-01,0.0043,0.0042907814,0.0561,0.0545828778,0.0518,0.0502920964,0.0359,0.0352706141,0.0316,0.0309798327,0.0478,0.046692728,0.0435,0.0424019466,-0.0176,-0.0177567216,-0.0219,-0.022047503,0.0943,0.0901148894,0.09,0.085824108,0.0003,0.000299955,-0.004,-0.0039908264,0.0981,0.0935814136,0.0938,0.0892906322,0.1112,0.1054405125,0.1069,0.101149731,-0.0215,-0.0217344921,-0.0258,-0.0260252736,0.0466,0.045546815,0.0423,0.0412560335
1987-03-01,0.0047,0.0046889895,0.0114,0.0113355097,0.0067,0.0066465202,0.0443,0.0433468045,0.0396,0.038657815,0.034,0.0334347761,0.0293,0.0287457866,0.1183,0.1118096751,0.1136,0.1071206856,0.0261,0.0257652079,0.0214,0.0210762184,0.0139,0.013804281,0.0092,0.0091152915,0.0168,0.0166604409,0.0121,0.0119714514,0.0015,0.0014988761,-0.0032,-0.0031901134,-0.0168,-0.0169427207,-0.0215,-0.0216317102,-0.0036,-0.0036064956,-0.0083,-0.0082954851
1987-04-01,0.0044,0.0043903483,-0.0368,-0.0374942044,-0.0412,-0.0418845527,0.0411,0.0402778465,0.0367,0.0358874982,-0.0156,-0.0157229605,-0.02,-0.0201133088,0.0011,0.0010993954,-0.0033,-0.0032909529,0.0439,0.0429636994,0.0395,0.0385733511,-0.0247,-0.025010163,-0.0291,-0.0294005113,-0.027,-0.0273711968,-0.0314,-0.0317615451,-0.0245,-0.0248051189,-0.0289,-0.0291954672,-0.0433,-0.0442654163,-0.0477,-0.0486557646,-0.0407,-0.0415514272,-0.0451,-0.0459417755
1987-05-01,0.0038,0.0037927982,0.0263,0.0259601017,0.0225,0.0221673034,-0.0129,-0.0129839276,-0.0167,-0.0167767258,0.0033,0.0032945669,-0.0005,-0.0004982313,0.0302,0.0297529581,0.0264,0.0259601599,0.0029,0.0028958031,-0.0009,-0.0008969951,0.0329,0.03237038,0.0291,0.0285775818,-0.0005,-0.000500125,-0.0043,-0.0042929233,0.0125,0.01242252,0.0087,0.0086297218,-0.0185,-0.0186732653,-0.0223,-0.0224660635,-0.0001,-0.000100005,-0.0039,-0.0038928032
1987-06-01,0.0048,0.0047885167,0.0679,0.0656941032,0.0631,0.0609055865,0.0278,0.0274205956,0.023,0.0226320788,0.0519,0.0505980528,0.0471,0.045809536,0.0583,0.0566638471,0.0535,0.0518753304,-0.0002,-0.00020002,-0.005,-0.0049885367,0.0695,0.0671912495,0.0647,0.0624027328,0.0626,0.060718735,0.0578,0.0559302183,0.0478,0.046692728,0.043,0.0419042113,0.034,0.0334347761,0.0292,0.0286462594,0.0462,0.045164552,0.0414,0.0403760352
1987-07-01,0.0046,0.0045894523,0.0573,0.0557184888,0.0527,0.0511290364,0.0693,0.0670042288,0.0647,0.0624147764,0.0702,0.0678455469,0.0656,0.0632560946,0.0319,0.0314017631,0.0273,0.0268123108,0.0096,0.0095542128,0.005,0.0049647605,0.0584,0.0567583338,0.0538,0.0521688815,0.057,0.0554347069,0.0524,0.0508452546,0.0579,0.056285811,0.0533,0.0516963587,-0.0167,-0.0168410172,-0.0213,-0.0214304695,0.0355,0.0348844019,0.0309,0.0302949495
1987-08-01,0.0047,0.0046889895,0.0367,0.0360425913,0.032,0.0313536019,0.0566,0.0550562057,0.0519,0.0503672163,0.0285,0.0281014301,0.0238,0.0234124406,0.0193,0.0191161172,0.0146,0.0144271277,0.0746,0.0719484993,0.0699,0.0672595098,0.0508,0.0495517788,0.0461,0.0448627893,0.0333,0.0327575642,0.0286,0.0280685748,0.0221,0.0218593344,0.0174,0.0171703449,0.0371,0.0364283566,0.0324,0.0317393671,0.0433,0.0423887665,0.0386,0.037699777
1987-09-01,0.0045,0.0044899053,-0.0277,-0.0280908802,-0.0322,-0.0325807854,-0.0383,-0.0390527273,-0.0428,-0.0435426325,0.0029,0.0028958031,-0.0016,-0.0015941022,-0.0386,-0.0393647235,-0.0431,-0.0438546288,-0.0268,-0.0271656681,-0.0313,-0.0316555733,0.0334,0.0328543369,0.0289,0.0283644316,-0.0637,-0.065819341,-0.0682,-0.0703092463,-0.0257,-0.0260360146,-0.0302,-0.0305259198,-0.0231,-0.0233709863,-0.0276,-0.0278608916,-0.018,-0.0181639706,-0.0225,-0.0226538759
1987-10-01,0.006,0.0059820717,-0.2098,-0.235469201,-0.2158,-0.2414512727,-0.2658,-0.3089738079,-0.2718,-0.3149558796,-0.2733,-0.3192415414,-0.2793,-0.325223613,-0.1885,-0.208870892,-0.1945,-0.2148529637,-0.2582,-0.2986756139,-0.2642,-0.3046576856,-0.1216,-0.1296532082,-0.1276,-0.1356352799,-0.2791,-0.3272548476,-0.2851,-0.3332369192,-0.203,-0.2269006002,-0.209,-0.2328826719,-0.0693,-0.0718182878,-0.0753,-0.0778003595,-0.2372,-0.2707594053,-0.2432,-0.2767414769
1987-11-01,0.0035,0.0034938893,-0.08,-0.0833816089,-0.0835,-0.0868754982,-0.0833,-0.086975014,-0.0868,-0.0904689033,-0.0516,-0.0529789248,-0.0551,-0.056472814,-0.1066,-0.1127208701,-0.1101,-0.1162147593,-0.0987,-0.1039171134,-0.1022,-0.1074110027,-0.089,-0.0932123817,-0.0925,-0.096706271,-0.0865,-0.0904719032,-0.09,-0.0939657924,-0.0931,-0.0977230885,-0.0966,-0.1012169778,-0.0255,-0.02583076,-0.029,-0.0293246493,-0.0657,-0.0679576932,-0.0692,-0.0714515824
1987-12-01,0.0039,0.0038924147,0.0756,0.0728786454,0.0717,0.0689862307,0.0876,0.0839734338,0.0837,0.0800810191,0.1087,0.1031881578,0.1048,0.0992957431,0.0675,0.0653194661,0.0636,0.0614270514,0.1189,0.1123460598,0.115,0.1084536451,0.0391,0.0383549539,0.0352,0.0344625392,0.0859,0.0824091362,0.082,0.0785167215,0.0535,0.0521179543,0.0496,0.0482255395,0.0056,0.0055843783,0.0017,0.0016919636,0.0539,0.052497569,0.05,0.0486051542
1988-01-01,0.0029,0.0028958031,0.0304,0.0299470764,0.0275,0.0270512733,0.0428,0.0419094031,0.0399,0.0390136,0.0028,0.0027960873,-0.0001,-9.97158e-05,0.0843,0.0809346175,0.0814,0.0780388144,-0.0248,-0.0251127008,-0.0277,-0.0280085039,0.1003,0.0955828699,0.0974,0.0926870668,0.0562,0.0546775613,0.0533,0.0517817582,0.0637,0.0617533963,0.0608,0.0588575932,0.0977,0.0932170817,0.0948,0.0903212786,0.0631,0.0611891683,0.0602,0.0582933652
1988-02-01,0.0046,0.0045894523,0.0604,0.0586461954,0.0558,0.0540567431,0.0645,0.0625052054,0.0599,0.057915753,0.0776,0.0747363461,0.073,0.0701468938,0.0361,0.0354636643,0.0315,0.0308742119,0.0748,0.0721345978,0.0702,0.0675451454,0.0124,0.0123237497,0.0078,0.0077342974,0.1027,0.0977617178,0.0981,0.0931722654,0.0421,0.041237908,0.0375,0.0366484557,-0.0141,-0.0142003494,-0.0187,-0.0187898017,0.0433,0.0423887665,0.0387,0.0377993142
1988-03-01,0.0044,0.0043903483,-0.0152,-0.0153167041,-0.0196,-0.0197070524,-0.0362,-0.0368714748,-0.0406,-0.0412618231,-0.0134,-0.0134905902,-0.0178,-0.0178809385,0.0262,0.0258626595,0.0218,0.0214723112,-0.0469,-0.048035449,-0.0513,-0.0524257973,-0.0396,-0.0404054146,-0.044,-0.0447957629,-0.0115,-0.0115666364,-0.0159,-0.0159569847,-0.0249,-0.0252152491,-0.0293,-0.0296055974,-0.0318,-0.0323166015,-0.0362,-0.0367069498,-0.0135,-0.0135919535,-0.0179,-0.0179823018
1988-04-01,0.0046,0.0045894523,-0.0017,-0.0017014466,-0.0063,-0.006290899,0.0272,0.026836654,0.0226,0.0222472016,0.016,0.0158733492,0.0114,0.0112838968,0.0462,0.045164552,0.0416,0.0405750996,0.0262,0.0258626595,0.0216,0.0212732072,0.0074,0.0073727543,0.0028,0.002783302,0.016,0.0158733492,0.0114,0.0112838968,-0.0201,-0.0203047533,-0.0247,-0.0248942057,-0.003,-0.003004509,-0.0076,-0.0075939614,-0.0039,-0.0039076248,-0.0085,-0.0084970772
1988-05-01,0.0051,0.005087039,-0.0026,-0.0026033859,-0.0077,-0.0076904249,0.0096,0.0095542128,0.0045,0.0044671738,-0.0041,-0.004108428,-0.0092,-0.0091954671,-0.0041,-0.004108428,-0.0092,-0.0091954671,-0.0134,-0.0134905902,-0.0185,-0.0185776292,0.0234,0.0231304174,0.0183,0.0180433783,-0.0141,-0.0142003494,-0.0192,-0.0192873884,-0.0037,-0.0037068619,-0.0088,-0.008793901,0.0362,0.0355601754,0.0311,0.0304731363,0.0094,0.0093560949,0.0043,0.0042690559
1988-06-01,0.0049,0.0048880341,0.0337,0.0331445986,0.0288,0.0282565645,0.0783,0.0753857269,0.0734,0.0704976928,0.0757,0.0729716125,0.0708,0.0680835784,-0.0208,-0.0210193672,-0.0257,-0.0259074013,0.0942,0.0900235026,0.0893,0.0851354686,0.0291,0.0286846339,0.0242,0.0237965998,0.0644,0.0624112601,0.0595,0.057523226,0.0278,0.0274205956,0.0229,0.0225325615,0.0323,0.0317893225,0.0274,0.0269012884,0.0603,0.0585518869,0.0554,0.0536638529
1988-07-01,0.0051,0.005087039,0.0131,0.0130149371,0.008,0.007927898,0.001,0.0009995003,-0.0041,-0.0040875387,-0.0228,-0.0230639396,-0.0279,-0.0281509786,0.0359,0.0352706141,0.0308,0.030183575,-0.0491,-0.0503463744,-0.0542,-0.0554334135,0.0015,0.0014988761,-0.0036,-0.0035881629,-0.0093,-0.009343515,-0.0144,-0.0144305541,0.0051,0.005087039,0.0,0.0,-0.0022,-0.0022024236,-0.0073,-0.0072894626,-0.0061,-0.006118681,-0.0112,-0.0112057201
1988-08-01,0.0059,0.0058826632,-0.0034,-0.0034057931,-0.0093,-0.0092884563,-0.0638,-0.0659261501,-0.0697,-0.0718088133,-0.044,-0.0449973659,-0.0499,-0.0508800291,-0.015,-0.0151136378,-0.0209,-0.020996301,-0.0809,-0.0843603486,-0.0868,-0.0902430118,-0.029,-0.0294288107,-0.0349,-0.0353114738,-0.0226,-0.0228592941,-0.0285,-0.0287419573,-0.0108,-0.0108587433,-0.0167,-0.0167414065,-0.0012,-0.0012007206,-0.0071,-0.0070833837,-0.0091,-0.0091416579,-0.015,-0.0150243211
1988-09-01,0.0062,0.0061808591,0.0669,0.0647572472,0.0607,0.0585763881,0.0366,0.0359461268,0.0304,0.0297652677,0.035,0.0344014267,0.0288,0.0282205676,-0.0247,-0.025010163,-0.0309,-0.0311910221,0.0288,0.0283930745,0.0226,0.0222122154,0.0707,0.0683126402,0.0645,0.0621317811,0.0814,0.078256498,0.0752,0.0720756389,0.0376,0.036910354,0.0314,0.0307294949,0.0267,0.0263497753,0.0205,0.0201689162,0.0406,0.0397974699,0.0344,0.0336166108
1988-10-01,0.0061,0.0060814703,0.0833,0.080011938,0.0772,0.0739304677,0.0321,0.0315955616,0.026,0.0255140913,0.0076,0.0075712655,0.0015,0.0014897952,0.0189,0.018723614,0.0128,0.0126421437,-0.0009,-0.0009004052,-0.007,-0.0069818756,0.0297,0.0292674977,0.0236,0.0231860274,0.0139,0.013804281,0.0078,0.0077228107,0.0126,0.0125212806,0.0065,0.0064398102,0.0251,0.0247901688,0.019,0.0187086985,0.0001,9.9995e-05,-0.006,-0.0059814753
1988-11-01,0.0057,0.0056838165,-0.0122,-0.0122750309,-0.0179,-0.0179588473,-0.0088,-0.0088389487,-0.0145,-0.0145227651,-0.0219,-0.0221433647,-0.0276,-0.0278271812,-0.0029,-0.0029042131,-0.0086,-0.0085880296,-0.0305,-0.0309748043,-0.0362,-0.0366586208,0.0005,0.000499875,-0.0052,-0.0051839414,-0.027,-0.0273711968,-0.0327,-0.0330550133,-0.0213,-0.0215301186,-0.027,-0.027213935,-0.005,-0.0050125418,-0.0107,-0.0106963583,-0.0216,-0.0218366946,-0.0273,-0.0275205111
1988-12-01,0.0063,0.006280238,0.0327,0.0321767317,0.0264,0.0258964937,0.0039,0.0038924147,-0.0024,-0.0023878232,0.0314,0.0309171026,0.0251,0.0246368647,0.0183,0.0181345702,0.012,0.0118543322,0.0464,0.0453557017,0.0401,0.0390754638,0.0125,0.01242252,0.0062,0.006142282,0.0159,0.0157749191,0.0096,0.0094946812,0.0176,0.0174469136,0.0113,0.0111666756,0.0104,0.0103462921,0.0041,0.0040660541,0.0091,0.0090588445,0.0028,0.0027786065
1989-01-01,0.0055,0.0054849302,0.056,0.0544881853,0.0505,0.0490032551,0.0741,0.0714831016,0.0686,0.0659981714,0.0746,0.0719484993,0.0691,0.0664635691,0.0626,0.060718735,0.0571,0.0552338048,0.0711,0.0686861578,0.0656,0.0632012276,0.0836,0.0802888312,0.0781,0.074803901,0.0618,0.0599655812,0.0563,0.0544806509,0.0681,0.0658813691,0.0626,0.0603964389,0.0267,0.0263497753,0.0212,0.0208648451,0.0686,0.0663493805,0.0631,0.0608644503
1989-02-01,0.0061,0.0060814703,-0.0127,-0.0127813344,-0.0188,-0.0188628047,-0.028,-0.0283994745,-0.0341,-0.0344809448,-0.021,-0.0212236365,-0.0271,-0.0273051068,-0.0128,-0.0128826258,-0.0189,-0.0189640961,-0.0374,-0.0381173221,-0.0435,-0.0441987924,-0.0137,-0.013794711,-0.0198,-0.0198761813,-0.0187,-0.0188770558,-0.0248,-0.0249585261,-0.0124,-0.0124775215,-0.0185,-0.0185589918,-0.0178,-0.0179603254,-0.0239,-0.0240417957,-0.0052,-0.0052135671,-0.0113,-0.0112950374
1989-03-01,0.0067,0.0066776548,0.057,0.0554347069,0.0503,0.0487570521,-0.0159,-0.0160277611,-0.0226,-0.0227054158,0.0119,0.0118297518,0.0052,0.005152097,0.0389,0.0381624611,0.0322,0.0314848063,-0.0533,-0.0547730258,-0.06,-0.0614506806,0.0529,0.0515482619,0.0462,0.0448706071,0.0263,0.0259601017,0.0196,0.0192824469,0.0491,0.0479326538,0.0424,0.041254999,0.0055,0.0054849302,-0.0012,-0.0011927245,0.0357,0.0350775266,0.029,0.0283998719
1989-04-01,0.0067,0.0066776548,0.058,0.0563803334,0.0513,0.0497026787,0.0033,0.0032945669,-0.0034,-0.0033830878,0.0534,0.0520230281,0.0467,0.0453453733,0.0249,0.0245950469,0.0182,0.0179173921,0.0518,0.0505029822,0.0451,0.0438253274,0.0954,0.0911195934,0.0887,0.0844419386,0.0535,0.0521179543,0.0468,0.0454402995,0.0543,0.0528770396,0.0476,0.0461993848,0.0397,0.03893221,0.033,0.0322545552,0.0463,0.0452601314,0.0396,0.0385824767
1989-05-01,0.0079,0.0078689584,0.0493,0.0481232752,0.0414,0.0402543168,0.0186,0.0184291355,0.0107,0.0105601771,0.0368,0.0361390466,0.0289,0.0282700882,0.027,0.0266419309,0.0191,0.0187729726,0.0238,0.023521195,0.0159,0.0156522367,0.0592,0.0575139062,0.0513,0.0496449478,0.0528,0.0514532816,0.0449,0.0435843232,0.0337,0.0331445986,0.0258,0.0252756402,0.0528,0.0514532816,0.0449,0.0435843232,0.0424,0.0415257468,0.0345,0.0336567884
1989-06-01,0.0071,0.0070749137,0.0144,0.0142973047,0.0073,0.007222391,0.0145,0.0143958803,0.0074,0.0073209666,-0.0267,-0.0270629195,-0.0338,-0.0341378332,-0.0101,-0.0101513511,-0.0172,-0.0172262647,-0.0317,-0.0322133224,-0.0388,-0.039288236,0.0018,0.0017983819,-0.0053,-0.0052765317,-0.0213,-0.0215301186,-0.0284,-0.0286050322,-0.0295,-0.0299438764,-0.0366,-0.03701879,0.0342,0.033628181,0.0271,0.0265532673,0.0077,0.0076705063,0.0006,0.0005955926
1989-07-01,0.007,0.0069756137,0.1191,0.1125247908,0.1121,0.1055491771,0.0524,0.0510732702,0.0454,0.0440976564,0.0762,0.0734363181,0.0692,0.0664607043,0.0376,0.036910354,0.0306,0.0299347403,0.0295,0.0290732475,0.0225,0.0220976337,0.0913,0.0873696461,0.0843,0.0803940324,0.0917,0.0877361143,0.0847,0.0807605006,0.1357,0.1272492009,0.1287,0.1202735872,0.0581,0.0564748469,0.0511,0.0494992332,0.0811,0.0779790413,0.0741,0.0710034276
1989-08-01,0.0074,0.0073727543,-0.0198,-0.0199986465,-0.0272,-0.0273714008,0.0489,0.047741996,0.0415,0.0403692417,0.0438,0.0428679002,0.0364,0.0354951459,0.0352,0.0345946448,0.0278,0.0272218904,0.0247,0.0243998868,0.0173,0.0170271325,0.008,0.0079681696,0.0006,0.0005954153,0.0261,0.0257652079,0.0187,0.0183924536,0.004,0.0039920213,-0.0034,-0.0033807331,-0.008,-0.0080321717,-0.0154,-0.015404926,0.0322,0.0316924467,0.0248,0.0243196924
1989-09-01,0.0065,0.0064789661,-0.0057,-0.005716307,-0.0122,-0.0121952731,-0.0466,-0.0477207362,-0.0531,-0.0541997023,-0.0257,-0.0260360146,-0.0322,-0.0325149806,0.0135,0.0134096869,0.007,0.0069307208,-0.0273,-0.0276795691,-0.0338,-0.0341585352,0.0403,0.0395091331,0.0338,0.033030167,-0.0235,-0.0237805287,-0.03,-0.0302594948,0.0234,0.0231304174,0.0169,0.0166514513,0.0048,0.0047885167,-0.0017,-0.0016904494,0.014,0.0139029052,0.0075,0.0074239391
1989-10-01,0.0068,0.0067769843,-0.0245,-0.0248051189,-0.0313,-0.0315821032,-0.0573,-0.0590071806,-0.0641,-0.0657841649,-0.0434,-0.0443699477,-0.0502,-0.051146932,0.0075,0.0074720148,0.0007,0.0006950306,-0.0433,-0.0442654163,-0.0501,-0.0510424006,-0.0196,-0.0197946273,-0.0264,-0.0265716116,-0.0403,-0.0411345434,-0.0471,-0.0479115276,0.0037,0.0036931718,-0.0031,-0.0030838124,0.0101,0.0100493359,0.0033,0.0032723516,-0.049,-0.0502412164,-0.0558,-0.0570182007
1989-11-01,0.0069,0.0068763039,0.0169,0.0167587838,0.01,0.0098824799,-0.0112,-0.0112631923,-0.0181,-0.0181394962,0.0307,0.0302381831,0.0238,0.0233618791,0.0399,0.0391245547,0.033,0.0322482507,-0.0203,-0.0205088766,-0.0272,-0.0273851806,0.0211,0.0208804776,0.0142,0.0140041736,0.0122,0.0121261798,0.0053,0.0052498759,0.0456,0.0445908833,0.0387,0.0377145794,0.0324,0.0318861889,0.0255,0.0250098849,-0.0005,-0.000500125,-0.0074,-0.007376429
1989-12-01,0.0061,0.0060814703,0.0139,0.013804281,0.0078,0.0077228107,-0.0135,-0.0135919535,-0.0196,-0.0196734238,0.0296,0.0291703773,0.0235,0.023088907,0.06,0.0582689081,0.0539,0.0521874378,-0.0105,-0.0105555139,-0.0166,-0.0166369843,0.0585,0.0568528116,0.0524,0.0507713413,0.0122,0.0121261798,0.0061,0.0060447095,0.0104,0.0103462921,0.0043,0.0042648217,0.048,0.0468835859,0.0419,0.0408021156,-0.016,-0.0161293819,-0.0221,-0.0222108522
1990-01-01,0.0057,0.0056838165,-0.0947,-0.0994888985,-0.1004,-0.105172715,-0.0352,-0.035834453,-0.0409,-0.0415182695,-0.0631,-0.065178726,-0.0688,-0.0708625425,-0.0428,-0.0437429229,-0.0485,-0.0494267394,-0.0147,-0.0148091157,-0.0204,-0.0204929321,-0.1304,-0.1397219432,-0.1361,-0.1454057596,-0.0641,-0.0662466458,-0.0698,-0.0719304623,-0.073,-0.0758017134,-0.0787,-0.0814855299,-0.0535,-0.0549843083,-0.0592,-0.0606681248,-0.0892,-0.0934319448,-0.0949,-0.0991157613
1990-02-01,0.0057,0.0056838165,-0.0055,-0.0055151807,-0.0112,-0.0111989972,0.0505,0.0492662413,0.0448,0.0435824248,0.0256,0.0252778072,0.0199,0.0195939907,0.0311,0.0306261935,0.0254,0.0249423771,0.0404,0.0396052546,0.0347,0.0339214381,-0.0026,-0.0026033859,-0.0083,-0.0082872023,0.0193,0.0191161172,0.0136,0.0134323007,-0.0208,-0.0210193672,-0.0265,-0.0267031837,0.0021,0.0020977981,-0.0036,-0.0035860184,0.0252,0.0248877155,0.0195,0.019203899
1990-03-01,0.0064,0.006379607,0.0463,0.0452601314,0.0399,0.0388805244,0.0288,0.0283930745,0.0224,0.0220134675,0.0388,0.0380662008,0.0324,0.0316865938,-0.0059,-0.0059174738,-0.0123,-0.0122970807,0.0463,0.0452601314,0.0399,0.0388805244,0.0422,0.0413338635,0.0358,0.0349542565,0.0516,0.0503128139,0.0452,0.0439332069,0.038,0.0372957847,0.0316,0.0309161778,-0.0075,-0.0075282664,-0.0139,-0.0139078734,-0.0038,-0.0038072383,-0.0102,-0.0101868453
1990-04-01,0.0069,0.0068763039,-0.0017,-0.0017014466,-0.0086,-0.0085777506,-0.0408,-0.0416556753,-0.0477,-0.0485319792,-0.0277,-0.0280908802,-0.0346,-0.0349671841,-0.0358,-0.036456537,-0.0427,-0.043332841,-0.0194,-0.0195906498,-0.0263,-0.0264669537,-0.0329,-0.0334533763,-0.0398,-0.0403296802,-0.0208,-0.0210193672,-0.0277,-0.0278956712,0.0034,0.0033942331,-0.0035,-0.0034820709,-0.0552,-0.0567820141,-0.0621,-0.063658318,-0.0342,-0.0347985055,-0.0411,-0.0416748095
1990-05-01,0.0068,0.0067769843,0.0909,0.0870030436,0.0841,0.0802260593,0.0775,0.074643543,0.0707,0.0678665587,0.0811,0.0779790413,0.0743,0.071202057,0.0605,0.058740495,0.0537,0.0519635107,0.1241,0.1169827155,0.1173,0.1102057312,0.092,0.0880108773,0.0852,0.081233893,0.1153,0.109123427,0.1085,0.1023464427,0.1281,0.1205348016,0.1213,0.1137578173,0.0543,0.0528770396,0.0475,0.0461000553,0.0918,0.0878277104,0.085,0.0810507261
1990-06-01,0.0063,0.006280238,0.0208,0.0205866336,0.0145,0.0143063957,-0.0221,-0.0223478637,-0.0284,-0.0286281016,-0.0055,-0.0055151807,-0.0118,-0.0117954186,-0.0204,-0.0206109539,-0.0267,-0.0268911919,-0.0127,-0.0127813344,-0.019,-0.0190615723,-0.0474,-0.0485601906,-0.0537,-0.0548404286,0.0153,0.0151841353,0.009,0.0089038974,0.0442,0.043251042,0.0379,0.036970804,0.0075,0.0074720148,0.0012,0.0011917769,-0.0173,-0.0174513936,-0.0236,-0.0237316316
1990-07-01,0.0068,0.0067769843,-0.0079,-0.0079313703,-0.0147,-0.0147083546,-0.0345,-0.0351091771,-0.0413,-0.0418861614,0.0018,0.0017983819,-0.005,-0.0049786023,0.083,0.079734968,0.0762,0.0729579837,-0.0764,-0.0794762015,-0.0832,-0.0862531858,-0.0442,-0.0452065928,-0.051,-0.0519835771,-0.0414,-0.0422813923,-0.0482,-0.0490583765,0.0267,0.0263497753,0.0199,0.019572791,0.009,0.0089597414,0.0022,0.0021827571,-0.0358,-0.036456537,-0.0426,-0.0432335213
1990-08-01,0.0066,0.0065783154,-0.0737,-0.0765571227,-0.0803,-0.0831354381,-0.1424,-0.1536174887,-0.149,-0.160195804,-0.12,-0.1278333715,-0.1266,-0.1344116869,-0.013,-0.0130852395,-0.0196,-0.0196635549,-0.1204,-0.1282880203,-0.127,-0.1348663357,-0.1038,-0.1095916766,-0.1104,-0.116169992,-0.1204,-0.1282880203,-0.127,-0.1348663357,-0.0665,-0.068814316,-0.0731,-0.0753926314,-0.0664,-0.068707198,-0.073,-0.0752855134,-0.113,-0.1199102967,-0.1196,-0.126488612
1990-09-01,0.006,0.0059820717,-0.0407,-0.0415514272,-0.0467,-0.0475334988,-0.1063,-0.1123851306,-0.1123,-0.1183672023,-0.08,-0.0833816089,-0.086,-0.0893636806,-0.0162,-0.0163326546,-0.0222,-0.0223147263,-0.0655,-0.0677436521,-0.0715,-0.0737257238,0.0182,0.0180363625,0.0122,0.0120542908,-0.0877,-0.0917863956,-0.0937,-0.0977684673,-0.0432,-0.0441608958,-0.0492,-0.0501429675,0.0048,0.0047885167,-0.0012,-0.0011935549,-0.0997,-0.1050272379,-0.1057,-0.1110093095
1990-10-01,0.0068,0.0067769843,0.025,0.0246926126,0.0182,0.0179156283,-0.0329,-0.0334533763,-0.0397,-0.0402303605,-0.0193,-0.0194886766,-0.0261,-0.0262656609,-0.0397,-0.0405095433,-0.0465,-0.0472865276,-0.0317,-0.0322133224,-0.0385,-0.0389903066,0.0302,0.0297529581,0.0234,0.0229759739,-0.0304,-0.0308716637,-0.0372,-0.0376486479,0.0146,0.0144944462,0.0078,0.0077174619,0.0722,0.0697126124,0.0654,0.0629356281,-0.0649,-0.0671018035,-0.0717,-0.0738787878
1990-11-01,0.0057,0.0056838165,0.0656,0.0635380208,0.0599,0.0578542043,0.0417,0.040853994,0.036,0.0351701775,0.0737,0.0711106275,0.068,0.065426811,0.0162,0.0160701802,0.0105,0.0103863637,0.11,0.1043600153,0.1043,0.0986761989,0.0212,0.0209784064,0.0155,0.0152945899,0.1043,0.0992116501,0.0986,0.0935278336,0.0968,0.0923968493,0.0911,0.0867130328,0.0231,0.0228372339,0.0174,0.0171534174,0.1063,0.1010211141,0.1006,0.0953372976
1990-12-01,0.006,0.0059820717,0.044,0.0430594895,0.038,0.0370774178,-0.0041,-0.004108428,-0.0101,-0.0100904997,0.0493,0.0481232752,0.0433,0.0421412035,-0.0204,-0.0206109539,-0.0264,-0.0265930256,0.0407,0.0398935637,0.0347,0.033911492,0.0151,0.0149871298,0.0091,0.0090050581,0.033,0.0324671901,0.027,0.0264851185,0.0287,0.0282958692,0.0227,0.0223137975,0.0079,0.0078689584,0.0019,0.0018868867,0.0549,0.0534459757,0.0489,0.047463904
1991-01-01,0.0052,0.0051865267,0.051,0.0497420919,0.0458,0.0445555652,0.0737,0.0711106275,0.0685,0.0659241008,0.063,0.0610950994,0.0578,0.0559085727,-0.0203,-0.0205088766,-0.0255,-0.0256954033,0.1508,0.1404573527,0.1456,0.135270826,0.0002,0.00019998,-0.005,-0.0049865467,0.0939,0.0897492921,0.0887,0.0845627655,0.0478,0.046692728,0.0426,0.0415062013,-0.0137,-0.013794711,-0.0189,-0.0189812377,0.0739,0.0712968819,0.0687,0.0661103552
1991-02-01,0.0048,0.0047885167,0.1031,0.098124398,0.0983,0.0933358813,0.1027,0.0977617178,0.0979,0.0929732011,0.0584,0.0567583338,0.0536,0.0519698171,0.0856,0.0821328295,0.0808,0.0773443128,0.0599,0.0581745641,0.0551,0.0533860473,0.0303,0.029850022,0.0255,0.0250615052,0.0835,0.080196542,0.0787,0.0754080253,0.1016,0.0967636684,0.0968,0.0919751517,0.0484,0.0472651925,0.0436,0.0424766757,0.098,0.0934903431,0.0932,0.0887018264
1991-03-01,0.0044,0.0043903483,0.0482,0.0470744074,0.0438,0.0426840591,0.0122,0.0121261798,0.0078,0.0077358315,0.0141,0.0140015196,0.0097,0.0096111713,0.0129,0.0128175037,0.0085,0.0084271554,0.0028,0.0027960873,-0.0016,-0.001594261,0.023,0.022739487,0.0186,0.0183491387,0.086,0.0825012215,0.0816,0.0781108732,0.0624,0.0605304997,0.058,0.0561401514,0.0172,0.0170537546,0.0128,0.0126634063,0.0307,0.0302381831,0.0263,0.0258478348
1991-04-01,0.0053,0.0052860044,-0.0099,-0.0099493309,-0.0152,-0.0152353353,-0.0228,-0.0230639396,-0.0281,-0.028349944,0.005,0.0049875415,-0.0003,-0.0002984629,0.024,0.0237165266,0.0187,0.0184305222,-0.0271,-0.027473977,-0.0324,-0.0327599814,0.0113,0.0112366319,0.006,0.0059506275,0.0202,0.0199986865,0.0149,0.0147126821,-0.0121,-0.0121738009,-0.0174,-0.0174598054,-0.0005,-0.000500125,-0.0058,-0.0057861295,0.0134,0.0133110141,0.0081,0.0080250096
1991-05-01,0.0047,0.0046889895,0.0361,0.0354636643,0.0314,0.0307746748,0.1488,0.1387179193,0.1441,0.1340289298,0.076,0.0732504617,0.0713,0.0685614723,-0.0142,-0.0143017847,-0.0189,-0.0189907742,0.0368,0.0361390466,0.0321,0.0314500571,-0.0146,-0.0147076289,-0.0193,-0.0193966184,0.0772,0.074365082,0.0725,0.0696760925,0.0447,0.0437297629,0.04,0.0390407734,0.0015,0.0014988761,-0.0032,-0.0031901134,0.0498,0.0485996698,0.0451,0.0439106803
1991-06-01,0.0042,0.0041912046,-0.0496,-0.0508723304,-0.0538,-0.055063535,-0.0449,-0.0459392319,-0.0491,-0.0501304366,-0.0426,-0.043534002,-0.0468,-0.0477252066,-0.0366,-0.0372865848,-0.0408,-0.0414777894,-0.0886,-0.0927734002,-0.0928,-0.0969646048,-0.0149,-0.0150121201,-0.0191,-0.0192033247,-0.0431,-0.0440563862,-0.0473,-0.0482475908,-0.0419,-0.0428031223,-0.0461,-0.0469943269,-0.0237,-0.0239853628,-0.0279,-0.0281765674,-0.0524,-0.0538228067,-0.0566,-0.0580140113
1991-07-01,0.0049,0.0048880341,0.0577,0.0560967394,0.0528,0.0512087053,-0.0042,-0.0042088448,-0.0091,-0.0090968788,0.0311,0.0306261935,0.0262,0.0257381595,0.0503,0.0490758376,0.0454,0.0441878036,0.0475,0.0464063728,0.0426,0.0415183387,0.0311,0.0306261935,0.0262,0.0257381595,0.0531,0.0517381954,0.0482,0.0468501613,0.0851,0.0816721486,0.0802,0.0767841146,0.04,0.0392207132,0.0351,0.0343326791,0.0474,0.0463109029,0.0425,0.0414228688
1991-08-01,0.0046,0.0045894523,0.0548,0.0533511755,0.0502,0.0487617232,-0.0215,-0.0217344921,-0.0261,-0.0263239445,0.0186,0.0184291355,0.014,0.0138396831,0.0163,0.0161685812,0.0117,0.0115791288,0.0284,0.0280041964,0.0238,0.0234147441,0.0066,0.0065783154,0.002,0.001988863,0.036,0.0353671438,0.0314,0.0307776915,0.0295,0.0290732475,0.0249,0.0244837952,0.0352,0.0345946448,0.0306,0.0300051924,0.0321,0.0315955616,0.0275,0.0270061093
1991-09-01,0.0046,0.0045894523,-0.0324,-0.0329365002,-0.037,-0.0375259526,-0.0267,-0.0270629195,-0.0313,-0.0316523719,-0.0231,-0.0233709863,-0.0277,-0.0279604387,-0.0068,-0.0068232253,-0.0114,-0.0114126777,-0.0148,-0.0149106127,-0.0194,-0.0195000651,0.0037,0.0036931718,-0.0009,-0.0008962805,-0.0316,-0.0321100539,-0.0362,-0.0366995063,-0.0033,-0.003305457,-0.0079,-0.0078949093,0.0372,0.0365247747,0.0326,0.0319353223,-0.0067,-0.0067225458,-0.0113,-0.0113119981
1991-10-01,0.0042,0.0041912046,-0.0054,-0.0054146327,-0.0096,-0.0096058373,-0.0199,-0.0201006717,-0.0241,-0.0242918763,0.0148,0.0146915487,0.0106,0.0105003441,0.0206,0.0203906896,0.0164,0.016199485,0.0213,0.0210763256,0.0171,0.016885121,0.0193,0.0191161172,0.0151,0.0149249126,-0.0194,-0.0195906498,-0.0236,-0.0237818544,0.0653,0.0632564496,0.0611,0.059065245,0.0125,0.01242252,0.0083,0.0082313154,0.0225,0.0222506089,0.0183,0.0180594043
1991-11-01,0.0039,0.0038924147,-0.0042,-0.0042088448,-0.0081,-0.0081012595,-0.0802,-0.0835990239,-0.0841,-0.0874914386,-0.0557,-0.0573113667,-0.0596,-0.0612037814,-0.0775,-0.0806679031,-0.0814,-0.0845603178,-0.0432,-0.0441608958,-0.0471,-0.0480533105,-0.0475,-0.048665172,-0.0514,-0.0525575867,-0.012,-0.0120725812,-0.0159,-0.0159649959,-0.0253,-0.0256255476,-0.0292,-0.0295179624,0.019,0.0188217542,0.0151,0.0149293395,-0.0541,-0.0556184238,-0.058,-0.0595108385
1991-12-01,0.0038,0.0037927982,0.1477,0.1377599397,0.1439,0.1339671415,0.0761,0.0733433942,0.0723,0.069550596,0.1158,0.1095716364,0.112,0.1057788382,0.0215,0.0212721353,0.0177,0.017479337,0.0929,0.0888347137,0.0891,0.0850419155,0.0985,0.0939456128,0.0947,0.0901528146,0.1304,0.1225715524,0.1266,0.1187787541,0.166,0.1535790879,0.1622,0.1497862897,0.0501,0.0488853977,0.0463,0.0450925995,0.1276,0.1200914803,0.1238,0.116298682
1992-01-01,0.0034,0.0033942331,-0.0312,-0.0316970867,-0.0346,-0.0350913198,0.105,0.099845335,0.1016,0.0964511019,0.0231,0.0228372339,0.0197,0.0194430008,-0.0413,-0.0421770789,-0.0447,-0.045571312,0.0643,0.0623173061,0.0609,0.058923073,-0.0288,-0.0292228587,-0.0322,-0.0326170917,0.0028,0.0027960873,-0.0006,-0.0005981458,-0.0544,-0.0559356323,-0.0578,-0.0593298654,-0.0457,-0.0467771916,-0.0491,-0.0501714246,0.0199,0.0197045833,0.0165,0.0163103502
1992-02-01,0.0028,0.0027960873,0.0105,0.0104452579,0.0077,0.0076491706,0.1236,0.1165378162,0.1208,0.1137417289,0.022,0.0217614918,0.0192,0.0189654045,-0.0054,-0.0054146327,-0.0082,-0.00821072,0.0381,0.0373921192,0.0353,0.0345960319,-0.0145,-0.0146061524,-0.0173,-0.0174022397,0.0264,0.0260575343,0.0236,0.023261447,-0.0274,-0.027782381,-0.0302,-0.0305784683,-0.0124,-0.0124775215,-0.0152,-0.0152736088,0.0307,0.0302381831,0.0279,0.0274420958
1992-03-01,0.0034,0.0033942331,-0.0151,-0.0152151658,-0.0185,-0.0186093989,0.008,0.0079681696,0.0046,0.0045739366,-0.0116,-0.0116678049,-0.015,-0.0150620379,-0.0272,-0.0275767678,-0.0306,-0.0309710008,-0.0507,-0.0520304081,-0.0541,-0.0554246412,-0.0087,-0.0087380659,-0.0121,-0.012132299,-0.0136,-0.0136933271,-0.017,-0.0170875602,-0.0553,-0.0568878622,-0.0587,-0.0602820953,-0.0053,-0.0053140948,-0.0087,-0.0087083279,-0.0219,-0.0221433647,-0.0253,-0.0255375978
1992-04-01,0.0032,0.0031948909,0.0076,0.0075712655,0.0044,0.0043763746,0.0795,0.076497971,0.0763,0.0733030801,0.0303,0.029850022,0.0271,0.0266551311,0.0946,0.0903889997,0.0914,0.0871941088,-0.009,-0.0090407447,-0.0122,-0.0122356355,0.071,0.0685927915,0.0678,0.0653979006,-0.0351,-0.03573081,-0.0383,-0.0389257009,-0.023,-0.0232686269,-0.0262,-0.0264635178,0.0269,0.0265445552,0.0237,0.0233496643,0.0062,0.0061808591,0.003,0.0029859682
1992-05-01,0.0028,0.0027960873,0.0131,0.0130149371,0.0103,0.0102188498,-0.0193,-0.0194886766,-0.0221,-0.0222847639,-0.0061,-0.006118681,-0.0089,-0.0089147683,0.0315,0.0310140535,0.0287,0.0282179662,0.001,0.0009995003,-0.0018,-0.001796587,-0.0261,-0.02644665,-0.0289,-0.0292427373,0.0024,0.0023971246,-0.0004,-0.0003989627,0.0111,0.0110388471,0.0083,0.0082427598,0.0254,0.0250827804,0.0226,0.0222866931,0.0147,0.0145930023,0.0119,0.011796915
1992-06-01,0.0032,0.0031948909,-0.0281,-0.0285023605,-0.0313,-0.0316972514,0.0218,0.0215657779,0.0186,0.018370887,-0.0325,-0.0330398541,-0.0357,-0.036234745,-0.035,-0.0356271776,-0.0382,-0.0388220685,-0.0405,-0.0413429635,-0.0437,-0.0445378544,0.0149,0.0147900855,0.0117,0.0115951946,-0.0192,-0.0193867138,-0.0224,-0.0225816047,-0.0478,-0.0489801822,-0.051,-0.0521750731,0.0054,0.0053854723,0.0022,0.0021905814,-0.0006,-0.0006001801,-0.0038,-0.003795071
1992-07-01,0.0031,0.0030952049,0.0467,0.0456423579,0.0436,0.042547153,0.003,0.002995509,-0.0001,-9.96959e-05,0.0291,0.0286846339,0.026,0.025589429,0.0528,0.0514532816,0.0497,0.0483580767,0.0286,0.0281986544,0.0255,0.0251034495,0.0546,0.0531615481,0.0515,0.0500663432,0.0383,0.0375847603,0.0352,0.0344895554,0.0579,0.056285811,0.0548,0.0531906061,0.0673,0.0651320949,0.0642,0.06203689,0.0312,0.0307231726,0.0281,0.0276279677
1992-08-01,0.0026,0.0025966258,0.0087,0.0086623731,0.0061,0.0060657472,-0.0961,-0.1010365442,-0.0987,-0.10363317,-0.0353,-0.0359381068,-0.0379,-0.0385347327,0.0255,0.0251802985,0.0229,0.0225836727,-0.0438,-0.0447881828,-0.0464,-0.0473848086,-0.0097,-0.0097473515,-0.0123,-0.0123439773,-0.005,-0.0050125418,-0.0076,-0.0076091677,-0.0346,-0.0352127558,-0.0372,-0.0378093816,-0.0047,-0.0047110797,-0.0073,-0.0073077056,-0.0346,-0.0352127558,-0.0372,-0.0378093816
1992-09-01,0.0026,0.0025966258,0.0106,0.0105442139,0.008,0.007947588,0.001,0.0009995003,-0.0016,-0.0015971255,0.0179,0.0177416815,0.0153,0.0151450556,0.0013,0.0012991557,-0.0013,-0.0012974701,0.0333,0.0327575642,0.0307,0.0301609384,0.0191,0.0189198849,0.0165,0.016323259,0.0408,0.0399896482,0.0382,0.0373930224,-0.0486,-0.049820695,-0.0512,-0.0524173208,0.0083,0.0082657444,0.0057,0.0056691186,0.0344,0.0338215485,0.0318,0.0312249226
1992-10-01,0.0023,0.002297359,-0.0082,-0.0082338049,-0.0105,-0.010531164,-0.0002,-0.00020002,-0.0025,-0.0024973791,0.0096,0.0095542128,0.0073,0.0072568538,-0.035,-0.0356271776,-0.0373,-0.0379245367,0.0195,0.019312311,0.0172,0.017014952,-0.0055,-0.0055151807,-0.0078,-0.0078125397,0.0436,0.0426762743,0.0413,0.0403789152,0.0334,0.0328543369,0.0311,0.0305569778,-0.0042,-0.0042088448,-0.0065,-0.0065062038,0.0298,0.0293646086,0.0275,0.0270672496
1992-11-01,0.0023,0.002297359,0.0362,0.0355601754,0.0339,0.0332628163,0.0858,0.0823170425,0.0835,0.0800196834,0.0393,0.0385474096,0.037,0.0362500506,-0.0271,-0.027473977,-0.0294,-0.029771336,0.0658,0.0637256909,0.0635,0.0614283318,0.0388,0.0380662008,0.0365,0.0357688418,0.0708,0.0684060327,0.0685,0.0661086736,0.0484,0.0472651925,0.0461,0.0449678334,-0.0023,-0.0023026491,-0.0046,-0.0046000081,0.0611,0.0593061059,0.0588,0.0570087468
1992-12-01,0.0028,0.0027960873,0.0005,0.000499875,-0.0023,-0.0022962123,0.0335,0.0329511001,0.0307,0.0301550128,0.0144,0.0142973047,0.0116,0.0115012174,0.0199,0.0197045833,0.0171,0.016908496,0.0002,0.00019998,-0.0026,-0.0025961073,0.0564,0.0548669014,0.0536,0.0520708141,0.0061,0.0060814703,0.0033,0.003285383,-0.0135,-0.0135919535,-0.0163,-0.0163880408,0.0271,0.0267392972,0.0243,0.0239432099,0.038,0.0372957847,0.0352,0.0344996974
1993-01-01,0.0023,0.002297359,-0.008,-0.0080321717,-0.0103,-0.0103295307,0.0958,0.0914846901,0.0935,0.0891873311,0.0016,0.0015987214,-0.0007,-0.0006986377,0.0278,0.0274205956,0.0255,0.0251232365,0.048,0.0468835859,0.0457,0.0445862269,0.0133,0.0132123315,0.011,0.0109149724,0.0009,0.0008995952,-0.0014,-0.0013977638,-0.0687,-0.0711738195,-0.071,-0.0734711785,0.0246,0.0243022925,0.0223,0.0220049335,0.0336,0.033047854,0.0313,0.030750495
1993-02-01,0.0022,0.0021975835,-0.0214,-0.0216323001,-0.0236,-0.0238298837,-0.003,-0.003004509,-0.0052,-0.0052020926,0.0171,0.0169554406,0.0149,0.0147578571,0.0602,0.0584575696,0.058,0.056259986,-0.0053,-0.0053140948,-0.0075,-0.0075116784,0.056,0.0544881853,0.0538,0.0522906017,-0.0148,-0.0149106127,-0.017,-0.0171081963,-0.0901,-0.0944205756,-0.0923,-0.0966181592,0.0623,0.0604363688,0.0601,0.0582387853,0.0035,0.0034938893,0.0013,0.0012963057
1993-03-01,0.0025,0.0024968802,0.0,0.0,-0.0025,-0.0024968802,0.054,0.0525924501,0.0515,0.0500955699,0.022,0.0217614918,0.0195,0.0192646116,0.0409,0.0400857235,0.0384,0.0375888433,0.0225,0.0222506089,0.02,0.0197537287,0.0335,0.0329511001,0.031,0.0304542199,0.0278,0.0274205956,0.0253,0.0249237154,0.0073,0.007273484,0.0048,0.0047766038,0.0176,0.0174469136,0.0151,0.0149500334,0.038,0.0372957847,0.0355,0.0347989045
1993-04-01,0.0024,0.0023971246,-0.0932,-0.0978333603,-0.0956,-0.1002304849,0.0244,0.0241070753,0.022,0.0217099507,0.0004,0.00039992,-0.002,-0.0019972046,0.011,0.01093994,0.0086,0.0085428154,-0.0358,-0.036456537,-0.0382,-0.0388536616,-0.0288,-0.0292228587,-0.0312,-0.0316199833,-0.0809,-0.0843603486,-0.0833,-0.0867574732,0.0129,0.0128175037,0.0105,0.0104203791,-0.0015,-0.0015011261,-0.0039,-0.0038982507,-0.0328,-0.0333499797,-0.0352,-0.0357471043
1993-05-01,0.0022,0.0021975835,0.0267,0.0263497753,0.0245,0.0241521918,0.011,0.01093994,0.0088,0.0087423565,0.0234,0.0231304174,0.0212,0.0209328338,0.0182,0.0180363625,0.016,0.0158387789,0.0874,0.0837895257,0.0852,0.0815919422,0.0416,0.0407579925,0.0394,0.0385604089,0.0587,0.0570417404,0.0565,0.0548441568,0.036,0.0353671438,0.0338,0.0331695603,-0.0004,-0.00040008,-0.0026,-0.0025976636,0.0164,0.0162669725,0.0142,0.0140693889
1993-06-01,0.0025,0.0024968802,-0.0069,-0.0069239151,-0.0094,-0.0094207953,0.0345,0.0339182182,0.032,0.031421338,-0.0027,-0.0027036516,-0.0052,-0.0052005318,-0.0111,-0.0111620647,-0.0136,-0.0136589449,-0.0052,-0.0052135671,-0.0077,-0.0077104473,0.0464,0.0453557017,0.0439,0.0428588215,-0.0289,-0.0293258294,-0.0314,-0.0318227096,-0.0298,-0.0302530432,-0.0323,-0.0327499234,0.0319,0.0314017631,0.0294,0.0289048829,0.023,0.022739487,0.0205,0.0202426068
1993-07-01,0.0024,0.0023971246,-0.0236,-0.0238829405,-0.026,-0.0262800651,0.0149,0.0147900855,0.0125,0.0123929609,-0.0011,-0.0011006054,-0.0035,-0.00349773,0.0047,0.0046889895,0.0023,0.0022918649,-0.0385,-0.039260714,-0.0409,-0.0416578386,0.0214,0.0211742352,0.019,0.0187771106,0.0073,0.007273484,0.0049,0.0048763594,-0.0598,-0.0616626604,-0.0622,-0.064059785,0.0194,0.0192142189,0.017,0.0168170943,0.0207,0.0204886664,0.0183,0.0180915418
1993-08-01,0.0025,0.0024968802,0.043,0.042101176,0.0405,0.0396042958,0.0047,0.0046889895,0.0022,0.0021921093,0.0348,0.0342081713,0.0323,0.0317112911,0.0428,0.0419094031,0.0403,0.0394125229,0.0657,0.0636318602,0.0632,0.06113498,0.0525,0.0511682866,0.05,0.0486714064,0.0393,0.0385474096,0.0368,0.0360505294,0.0303,0.029850022,0.0278,0.0273531418,0.037,0.0363319292,0.0345,0.033835049,0.0347,0.0341115296,0.0322,0.0316146494
1993-09-01,0.0026,0.0025966258,-0.0184,-0.0185713856,-0.021,-0.0211680114,0.01,0.0099503309,0.0074,0.007353705,-0.0189,-0.0190808878,-0.0215,-0.0216775137,0.0134,0.0133110141,0.0108,0.0107143882,0.012,0.0119285709,0.0094,0.009331945,-0.0048,-0.004811557,-0.0074,-0.0074081828,-0.0038,-0.0038072383,-0.0064,-0.0064038642,0.0084,0.0083649163,0.0058,0.0057682905,-0.0064,-0.0064205678,-0.009,-0.0090171937,0.0178,0.0176434352,0.0152,0.0150468093
1993-10-01,0.0022,0.0021975835,0.0604,0.0586461954,0.0582,0.0564486119,0.0773,0.0744579109,0.0751,0.0722603274,0.0308,0.0303351998,0.0286,0.0281376163,-0.0197,-0.0198966317,-0.0219,-0.0220942153,0.0165,0.0163653541,0.0143,0.0141677705,0.0242,0.02391182,0.022,0.0217142365,0.0459,0.0448777588,0.0437,0.0426801752,0.0593,0.0576083126,0.0571,0.0554107291,-0.0197,-0.0198966317,-0.0219,-0.0220942153,-0.0233,-0.0235757365,-0.0255,-0.0257733201
1993-11-01,0.0025,0.0024968802,0.0069,0.0068763039,0.0044,0.0043794237,0.0067,0.0066776548,0.0042,0.0041807746,0.0134,0.0133110141,0.0109,0.0108141339,-0.0599,-0.0617690264,-0.0624,-0.0642659066,-0.0023,-0.0023026491,-0.0048,-0.0047995293,-0.0596,-0.0614499623,-0.0621,-0.0639468425,0.0076,0.0075712655,0.0051,0.0050743853,0.0098,0.0097522914,0.0073,0.0072554112,-0.0552,-0.0567820141,-0.0577,-0.0592788943,-0.0283,-0.0287081641,-0.0308,-0.0312050443
1993-12-01,0.0023,0.002297359,0.0147,0.0145930023,0.0124,0.0122956433,0.0444,0.0434425578,0.0421,0.0411451988,0.0376,0.036910354,0.0353,0.034612995,0.006,0.0059820717,0.0037,0.0036847126,0.0295,0.0290732475,0.0272,0.0267758884,-0.0053,-0.0053140948,-0.0076,-0.0076114539,-0.0188,-0.0189789666,-0.0211,-0.0212763256,0.0232,0.0229349713,0.0209,0.0206376122,0.0161,0.0159717695,0.0138,0.0136744105,0.0253,0.0249852527,0.023,0.0226878936
1994-01-01,0.0025,0.0024968802,-0.0041,-0.004108428,-0.0066,-0.0066053082,0.0717,0.0692461727,0.0692,0.0667492925,0.0485,0.0473605714,0.046,0.0448636912,0.0488,0.0476466535,0.0463,0.0451497733,0.0462,0.045164552,0.0437,0.0426676718,0.0217,0.0214679066,0.0192,0.0189710264,0.011,0.01093994,0.0085,0.0084430598,0.0174,0.0172503534,0.0149,0.0147534732,-0.012,-0.0120725812,-0.0145,-0.0145694614,0.0436,0.0426762743,0.0411,0.0401793941
1994-02-01,0.0021,0.0020977981,-0.0127,-0.0127813344,-0.0148,-0.0148791324,-0.0443,-0.0453112227,-0.0464,-0.0474090208,-0.0067,-0.0067225458,-0.0088,-0.0088203438,-0.0296,-0.0300469214,-0.0317,-0.0321447194,0.0172,0.0170537546,0.0151,0.0149559565,-0.055,-0.0565703515,-0.0571,-0.0586681496,0.0188,0.0186254641,0.0167,0.016527666,-0.0542,-0.0557241488,-0.0563,-0.0578219469,-0.0498,-0.0510827902,-0.0519,-0.0531805883,-0.0385,-0.039260714,-0.0406,-0.041358512
1994-03-01,0.0027,0.0026963615,-0.0404,-0.041238748,-0.0431,-0.0439351096,-0.0648,-0.0669948688,-0.0675,-0.0696912304,-0.0441,-0.0451019739,-0.0468,-0.0477983355,-0.0358,-0.036456537,-0.0385,-0.0391528986,-0.038,-0.0387408283,-0.0407,-0.0414371899,-0.0361,-0.0367677242,-0.0388,-0.0394640857,-0.0484,-0.0496105006,-0.0511,-0.0523068621,-0.0675,-0.0698861275,-0.0702,-0.072582489,-0.0394,-0.0401971898,-0.0421,-0.0428935513,-0.0429,-0.0438473998,-0.0456,-0.0465437613
1994-04-01,0.0027,0.0026963615,0.0123,0.0122249696,0.0096,0.0095286081,-0.0059,-0.0059174738,-0.0086,-0.0086138353,0.0004,0.00039992,-0.0023,-0.0022964415,0.0419,0.0410459694,0.0392,0.0383496079,-0.0153,-0.0154182527,-0.018,-0.0181146143,0.0159,0.0157749191,0.0132,0.0130785576,0.0021,0.0020977981,-0.0006,-0.0005985635,0.0225,0.0222506089,0.0198,0.0195542474,0.0213,0.0210763256,0.0186,0.0183799641,0.0137,0.0136070034,0.011,0.0109106419
1994-05-01,0.0032,0.0031948909,-0.0135,-0.0135919535,-0.0167,-0.0167868444,-0.0264,-0.0267547373,-0.0296,-0.0299496282,0.0204,0.0201947073,0.0172,0.0169998164,0.0094,0.0093560949,0.0062,0.006161204,0.0209,0.0206845912,0.0177,0.0174897003,0.0163,0.0161685812,0.0131,0.0129736903,-0.0181,-0.0182658088,-0.0213,-0.0214606997,0.0431,0.0421970487,0.0399,0.0390021578,-0.0536,-0.0550899663,-0.0568,-0.0582848572,0.0304,0.0299470764,0.0272,0.0267521855
1994-06-01,0.0031,0.0030952049,-0.019,-0.0191828194,-0.0221,-0.0222780243,-0.0342,-0.0347985055,-0.0373,-0.0378937104,-0.0261,-0.02644665,-0.0292,-0.0295418549,-0.027,-0.0273711968,-0.0301,-0.0304664017,-0.0515,-0.0528734896,-0.0546,-0.0559686945,0.0062,0.0061808591,0.0031,0.0030856542,-0.0263,-0.026652031,-0.0294,-0.0297472359,-0.0342,-0.0347985055,-0.0373,-0.0378937104,-0.0315,-0.0320067961,-0.0346,-0.035102001,-0.0261,-0.02644665,-0.0292,-0.0295418549
1994-07-01,0.0028,0.0027960873,0.0292,0.0287818014,0.0264,0.0259857141,0.0348,0.0342081713,0.032,0.031412084,0.0459,0.0448777588,0.0431,0.0420816715,0.0325,0.0319830459,0.0297,0.0291869586,0.0378,0.037103088,0.035,0.0343070006,0.031,0.030529205,0.0282,0.0277331177,0.0094,0.0093560949,0.0066,0.0065600076,0.011,0.01093994,0.0082,0.0081438527,0.0519,0.0505980528,0.0491,0.0478019655,0.027,0.0266419309,0.0242,0.0238458436
1994-08-01,0.0037,0.0036931718,0.0605,0.058740495,0.0568,0.0550473232,-0.0004,-0.00040008,-0.0041,-0.0040932519,0.0473,0.0462154238,0.0436,0.042522252,-0.001,-0.0010005003,-0.0047,-0.0046936722,0.0919,0.087919298,0.0882,0.0842261262,0.0102,0.0101483311,0.0065,0.0064551592,0.0441,0.0431552703,0.0404,0.0394620985,0.1087,0.1031881578,0.105,0.099494986,0.0066,0.0065783154,0.0029,0.0028851435,0.0348,0.0342081713,0.0311,0.0305149995
1994-09-01,0.0037,0.0036931718,-0.0032,-0.0032051309,-0.0069,-0.0068983028,-0.0506,-0.0519250729,-0.0543,-0.0556182447,-0.0165,-0.0166376412,-0.0202,-0.020330813,-0.021,-0.0212236365,-0.0247,-0.0249168083,-0.0039,-0.0039076248,-0.0076,-0.0076007967,-0.0115,-0.0115666364,-0.0152,-0.0152598082,-0.0232,-0.0234733562,-0.0269,-0.027166528,0.0171,0.0169554406,0.0134,0.0132622688,-0.0279,-0.0282965992,-0.0316,-0.031989771,-0.0421,-0.0430118906,-0.0458,-0.0467050624
1994-10-01,0.0038,0.0037927982,0.022,0.0217614918,0.0182,0.0179686935,-0.0174,-0.0175531592,-0.0212,-0.0213459575,0.0057,0.0056838165,0.0019,0.0018910182,0.074,0.0713899961,0.0702,0.0675971978,0.0707,0.0683126402,0.0669,0.0645198419,-0.0013,-0.0013008457,-0.0051,-0.005093644,0.013,0.0129162253,0.0092,0.009123427,0.0091,0.0090588445,0.0053,0.0052660462,0.0159,0.0157749191,0.0121,0.0119821209,0.0006,0.0005998201,-0.0032,-0.0031929782
1994-11-01,0.0037,0.0036931718,-0.0167,-0.0168410172,-0.0204,-0.020534189,-0.0507,-0.0520304081,-0.0544,-0.0557235799,-0.0534,-0.0548786615,-0.0571,-0.0585718333,-0.0486,-0.049820695,-0.0523,-0.0535138668,-0.0209,-0.0211214966,-0.0246,-0.0248146685,-0.0542,-0.0557241488,-0.0579,-0.0594173206,-0.0342,-0.0347985055,-0.0379,-0.0384916774,0.0043,0.0042907814,0.0006,0.0005976096,0.0028,0.0027960873,-0.0009,-0.0008970845,-0.0518,-0.0531898285,-0.0555,-0.0568830004
1994-12-01,0.0044,0.0043903483,0.0133,0.0132123315,0.0089,0.0088219832,0.0388,0.0380662008,0.0344,0.0336758525,0.04,0.0392207132,0.0356,0.0348303649,-0.0099,-0.0099493309,-0.0143,-0.0143396792,0.0246,0.0243022925,0.0202,0.0199119442,0.0086,0.0085632307,0.0042,0.0041728824,-0.027,-0.0273711968,-0.0314,-0.0317615451,0.0057,0.0056838165,0.0013,0.0012934682,0.0035,0.0034938893,-0.0009,-0.000896459,0.014,0.0139029052,0.0096,0.0095125569
1995-01-01,0.0042,0.0041912046,0.0181,0.0179381451,0.0139,0.0137469405,-0.0575,-0.0592193597,-0.0617,-0.0634105643,-0.004,-0.0040080214,-0.0082,-0.008199226,0.0037,0.0036931718,-0.0005,-0.0004980328,-0.008,-0.0080321717,-0.0122,-0.0122233763,0.0416,0.0407579925,0.0374,0.0365667879,0.0159,0.0157749191,0.0117,0.0115837145,0.0606,0.0588347857,0.0564,0.0546435811,0.0622,0.060342229,0.058,0.0561510244,0.0468,0.0457378917,0.0426,0.0415466871
1995-02-01,0.004,0.0039920213,0.0294,0.0289761082,0.0254,0.024984087,0.0512,0.0499323687,0.0472,0.0459403475,0.0554,0.053919842,0.0514,0.0499278207,0.045,0.0440168854,0.041,0.0400248641,0.0666,0.0644760192,0.0626,0.0604839979,0.0151,0.0149871298,0.0111,0.0109951085,0.0266,0.0262523711,0.0226,0.0222603499,0.0232,0.0229349713,0.0192,0.01894295,0.0082,0.0081665627,0.0042,0.0041745414,0.0486,0.0474559412,0.0446,0.0434639199
1995-03-01,0.0046,0.0045894523,0.0276,0.0272259863,0.023,0.0226365339,0.0143,0.0141987194,0.0097,0.0096092671,0.0351,0.0344980404,0.0305,0.0299085881,0.0528,0.0514532816,0.0482,0.0468638293,0.0454,0.0443995873,0.0408,0.039810135,0.0024,0.0023971246,-0.0022,-0.0021923277,0.0362,0.0355601754,0.0316,0.0309707231,0.0277,0.0273232956,0.0231,0.0227338433,-0.0175,-0.0176549352,-0.0221,-0.0222443876,0.019,0.0188217542,0.0144,0.0142323019
1995-04-01,0.0044,0.0043903483,0.019,0.0188217542,0.0146,0.0144314059,0.0144,0.0142973047,0.01,0.0099069564,0.0295,0.0290732475,0.0251,0.0246828992,0.0222,0.0219571674,0.0178,0.0175668191,0.0823,0.0790884063,0.0779,0.074698058,0.0162,0.0160701802,0.0118,0.0116798319,-0.0172,-0.0173496383,-0.0216,-0.0217399866,0.03,0.0295588022,0.0256,0.0251684539,0.0238,0.023521195,0.0194,0.0191308467,0.0177,0.0175451792,0.0133,0.0131548309
1995-05-01,0.0054,0.0053854723,0.0475,0.0464063728,0.0421,0.0410209005,0.048,0.0468835859,0.0426,0.0414981136,0.0321,0.0315955616,0.0267,0.0262100893,0.0408,0.0399896482,0.0354,0.0346041759,0.0292,0.0287818014,0.0238,0.0233963291,0.0091,0.0090588445,0.0037,0.0036733722,0.0267,0.0263497753,0.0213,0.020964303,0.0163,0.0161685812,0.0109,0.0107831089,0.0604,0.0586461954,0.055,0.0532607232,0.0446,0.043634037,0.0392,0.0382485647
1995-06-01,0.0047,0.0046889895,0.0168,0.0166604409,0.0121,0.0119714514,0.0075,0.0074720148,0.0028,0.0027830254,0.021,0.0207825392,0.0163,0.0160935497,-0.0307,-0.0311811175,-0.0354,-0.035870107,0.097,0.0925791813,0.0923,0.0878901918,0.0387,0.0379699313,0.034,0.0332809418,0.0494,0.0482185723,0.0447,0.0435295828,0.0448,0.0438254795,0.0401,0.0391364901,-0.0046,-0.0046106126,-0.0093,-0.009299602,0.0222,0.0219571674,0.0175,0.0172681779
1995-07-01,0.0045,0.0044899053,0.0115,0.0114343776,0.007,0.0069444724,0.0246,0.0243022925,0.0201,0.0198123873,0.0363,0.0356566772,0.0318,0.0311667719,0.0229,0.0226417305,0.0184,0.0181518252,0.0771,0.0742722444,0.0726,0.0697823391,0.0507,0.0494566087,0.0462,0.0449667034,0.0357,0.0350775266,0.0312,0.0305876213,0.0547,0.0532563663,0.0502,0.048766461,-0.0037,-0.0037068619,-0.0082,-0.0081967672,0.0476,0.0465018337,0.0431,0.0420119284
1995-08-01,0.0047,0.0046889895,0.0064,0.006379607,0.0017,0.0016906175,0.0079,0.0078689584,0.0032,0.0031799689,-0.0022,-0.0022024236,-0.0069,-0.006891413,-0.0158,-0.0159261506,-0.0205,-0.02061514,0.0005,0.000499875,-0.0042,-0.0041891144,0.0438,0.0428679002,0.0391,0.0381789107,-0.0271,-0.027473977,-0.0318,-0.0321629665,0.0103,0.0102473165,0.0056,0.005558327,0.0099,0.0098513161,0.0052,0.0051623266,0.0372,0.0365247747,0.0325,0.0318357852
1995-09-01,0.0043,0.0042907814,0.0673,0.0651320949,0.063,0.0608413135,-0.0064,-0.0064205678,-0.0107,-0.0107113492,0.0222,0.0219571674,0.0179,0.0176663859,0.0129,0.0128175037,0.0086,0.0085267223,0.0127,0.0126200314,0.0084,0.0083292499,0.0575,0.0559076319,0.0532,0.0516168505,0.0289,0.0284902704,0.0246,0.024199489,0.0738,0.071203759,0.0695,0.0669129776,0.063,0.0610950994,0.0587,0.0568043179,0.0447,0.0437297629,0.0404,0.0394389814
1995-10-01,0.0047,0.0046889895,0.0054,0.0053854723,0.0007,0.0006964828,-0.049,-0.0502412164,-0.0537,-0.0549302059,-0.0265,-0.0268574542,-0.0312,-0.0315464437,-0.0026,-0.0026033859,-0.0073,-0.0072923754,0.0147,0.0145930023,0.01,0.0099040128,0.0015,0.0014988761,-0.0032,-0.0031901134,-0.0548,-0.0563587337,-0.0595,-0.0610477232,0.0103,0.0102473165,0.0056,0.005558327,0.0148,0.0146915487,0.0101,0.0100025593,-0.0199,-0.0201006717,-0.0246,-0.0247896612
1995-11-01,0.0042,0.0041912046,0.0452,0.0442082547,0.041,0.04001705,0.055,0.0535407669,0.0508,0.0493495623,0.0642,0.0622233432,0.06,0.0580321386,0.0479,0.0467881615,0.0437,0.0425969569,-0.0044,-0.0044097085,-0.0086,-0.0086009131,0.0279,0.027517886,0.0237,0.0233266814,0.0614,0.0595887914,0.0572,0.0553975868,0.0493,0.0481232752,0.0451,0.0439320706,0.0158,0.0156764794,0.0116,0.0114852748,0.0611,0.0593061059,0.0569,0.0551149013
1995-12-01,0.0049,0.0048880341,0.0151,0.0149871298,0.0102,0.0100990957,0.0306,0.0301411569,0.0257,0.0252531228,0.0149,0.0147900855,0.01,0.0099020514,0.058,0.0563803334,0.0531,0.0514922994,-0.041,-0.0418642041,-0.0459,-0.0467522382,0.0412,0.0403738941,0.0363,0.0354858601,-0.0084,-0.0084354788,-0.0133,-0.0133235129,0.0589,0.0572306335,0.054,0.0523425994,0.051,0.0497420919,0.0461,0.0448540578,0.0105,0.0104452579,0.0056,0.0055572238
1996-01-01,0.0043,0.0042907814,0.0261,0.0257652079,0.0218,0.0214744265,0.0347,0.0341115296,0.0304,0.0298207482,0.0331,0.0325639909,0.0288,0.0282732095,-0.0041,-0.004108428,-0.0084,-0.0083992095,0.0201,0.0199006617,0.0158,0.0156098803,0.0228,0.0225439644,0.0185,0.018253183,-0.003,-0.003004509,-0.0073,-0.0072952904,0.0605,0.058740495,0.0562,0.0544497136,0.0186,0.0184291355,0.0143,0.0141383541,0.0348,0.0342081713,0.0305,0.0299173899
1996-02-01,0.0039,0.0038924147,0.0322,0.0316924467,0.0283,0.027800032,0.0203,0.0200967017,0.0164,0.016204287,0.009,0.0089597414,0.0051,0.0050673267,0.0102,0.0101483311,0.0063,0.0062559163,0.0636,0.0616593804,0.0597,0.0577669657,-0.0238,-0.0240877955,-0.0277,-0.0279802102,0.0441,0.0431552703,0.0402,0.0392628556,-0.0112,-0.0112631923,-0.0151,-0.015155607,-0.0267,-0.0270629195,-0.0306,-0.0309553343,0.0214,0.0211742352,0.0175,0.0172818205
1996-03-01,0.0039,0.0038924147,-0.0084,-0.0084354788,-0.0123,-0.0123278935,0.0434,0.0424846116,0.0395,0.0385921969,0.0343,0.0337248694,0.0304,0.0298324547,0.0501,0.0488853977,0.0462,0.044992983,-0.0333,-0.0338670695,-0.0372,-0.0377594842,-0.0201,-0.0203047533,-0.024,-0.0241971681,0.0597,0.0579858492,0.0558,0.0540934345,0.0021,0.0020977981,-0.0018,-0.0017946166,-0.0052,-0.0052135671,-0.0091,-0.0091059818,0.0181,0.0179381451,0.0142,0.0140457304
1996-04-01,0.0046,0.0045894523,0.0017,0.0016985566,-0.0029,-0.0028908957,0.036,0.0353671438,0.0314,0.0307776915,0.0166,0.016463726,0.012,0.0118742737,0.0345,0.0339182182,0.0299,0.0293287659,0.0968,0.0923968493,0.0922,0.0878073969,0.0288,0.0283930745,0.0242,0.0238036222,0.0427,0.0418135028,0.0381,0.0372240505,-0.0061,-0.006118681,-0.0107,-0.0107081333,-0.0266,-0.0269601816,-0.0312,-0.0315496339,0.0022,0.0021975835,-0.0024,-0.0023918688
1996-05-01,0.0042,0.0041912046,0.0655,0.0634441726,0.0613,0.0592529679,0.0224,0.0221528046,0.0182,0.0179616,0.0228,0.0225439644,0.0186,0.0183527598,0.0052,0.0051865267,0.001,0.0009953221,0.0389,0.0381624611,0.0347,0.0339712565,-0.0002,-0.00020002,-0.0044,-0.0043912246,0.0439,0.0429636994,0.0397,0.0387724948,0.0391,0.0383549539,0.0349,0.0341637493,0.0132,0.0131136391,0.009,0.0089224345,0.015,0.0148886125,0.0108,0.0106974079
1996-06-01,0.004,0.0039920213,0.032,0.0314986671,0.028,0.0275066458,-0.0483,-0.0495054199,-0.0523,-0.0534974412,-0.0043,-0.0043092716,-0.0083,-0.0083012929,0.0097,0.009653257,0.0057,0.0056612358,-0.0475,-0.048665172,-0.0515,-0.0526571933,0.0055,0.0054849302,0.0015,0.001492909,-0.0171,-0.0172478934,-0.0211,-0.0212399147,-0.0025,-0.0025031302,-0.0065,-0.0064951515,0.0527,0.0513582923,0.0487,0.047366271,-0.0024,-0.0024028846,-0.0064,-0.0063949059
1996-07-01,0.0045,0.0044899053,-0.0405,-0.0413429635,-0.045,-0.0458328688,-0.0454,-0.0464628744,-0.0499,-0.0509527797,-0.0401,-0.0409261666,-0.0446,-0.0454160719,-0.0463,-0.0474061224,-0.0508,-0.0518960277,-0.0741,-0.0769890415,-0.0786,-0.0814789468,-0.0849,-0.0887219301,-0.0894,-0.0932118353,-0.0762,-0.079259681,-0.0807,-0.0837495863,-0.0626,-0.0646451935,-0.0671,-0.0691350988,-0.0581,-0.0598561672,-0.0626,-0.0643460724,-0.0425,-0.0434295579,-0.047,-0.0479194632
1996-08-01,0.0041,0.0040916179,-0.0081,-0.0081329832,-0.0122,-0.0122246011,0.0301,0.0296558849,0.026,0.025564267,0.0316,0.031110995,0.0275,0.0270193771,0.0294,0.0289761082,0.0253,0.0248844903,0.044,0.0430594895,0.0399,0.0389678716,-0.0132,-0.0132878943,-0.0173,-0.0173795122,0.0607,0.0589290675,0.0566,0.0548374496,0.0431,0.0421970487,0.039,0.0381054308,0.0289,0.0284902704,0.0248,0.0243986525,0.0391,0.0383549539,0.035,0.034263336
1996-09-01,0.0044,0.0043903483,0.0375,0.0368139731,0.0331,0.0324236248,0.0137,0.0136070034,0.0093,0.0092166551,0.0614,0.0595887914,0.057,0.0551984431,0.0401,0.0393168624,0.0357,0.0349265141,0.1065,0.1012018805,0.1021,0.0968115322,0.0162,0.0160701802,0.0118,0.0116798319,0.0368,0.0361390466,0.0324,0.0317486983,0.0736,0.0710174872,0.0692,0.0666271389,0.0068,0.0067769843,0.0024,0.002386636,0.0509,0.0496469399,0.0465,0.0452565916
1996-10-01,0.0042,0.0041912046,0.0155,0.015381102,0.0113,0.0111898974,0.0322,0.0316924467,0.028,0.0275012421,0.0164,0.0162669725,0.0122,0.0120757678,0.0596,0.0578914784,0.0554,0.0537002738,-0.0192,-0.0193867138,-0.0234,-0.0235779184,-0.0031,-0.003104815,-0.0073,-0.0072960196,-0.0229,-0.023166278,-0.0271,-0.0273574827,-0.0085,-0.008536331,-0.0127,-0.0127275356,0.0361,0.0354636643,0.0319,0.0312724597,0.0394,0.0386436236,0.0352,0.034452419
1996-11-01,0.0041,0.0040916179,0.0516,0.0503128139,0.0475,0.046221196,0.0604,0.0586461954,0.0563,0.0545545775,0.0608,0.0590233404,0.0567,0.0549317225,0.0554,0.053919842,0.0513,0.0498282241,0.1193,0.1127034899,0.1152,0.108611872,0.0549,0.0534459757,0.0508,0.0493543578,0.0311,0.0306261935,0.027,0.0265345756,0.0661,0.06400713,0.062,0.0599155121,0.026,0.0256677467,0.0219,0.0215761288,0.0745,0.0718554371,0.0704,0.0677638192
1996-12-01,0.0046,0.0045894523,0.005,0.0049875415,0.0004,0.0003980892,-0.0226,-0.0228592941,-0.0272,-0.0274487465,-0.0036,-0.0036064956,-0.0082,-0.0081959479,0.0079,0.0078689584,0.0033,0.003279506,-0.0274,-0.027782381,-0.032,-0.0323718333,0.029,0.0285874569,0.0244,0.0239980045,-0.0343,-0.034902052,-0.0389,-0.0394915043,-0.0262,-0.0265493352,-0.0308,-0.0311387876,0.0013,0.0012991557,-0.0033,-0.0032902966,-0.0181,-0.0182658088,-0.0227,-0.0228552611
1997-01-01,0.0045,0.0044899053,0.0575,0.0559076319,0.053,0.0514177267,0.0299,0.0294617101,0.0254,0.0249718049,0.0418,0.0409499863,0.0373,0.0364600811,0.0435,0.0425804475,0.039,0.0380905423,0.093,0.0889262092,0.0885,0.0844363039,0.0229,0.0226417305,0.0184,0.0181518252,0.001,0.0009995003,-0.0035,-0.0034904049,0.0957,0.0913934284,0.0912,0.0869035232,0.0092,0.0091579378,0.0047,0.0046680325,0.06,0.0582689081,0.0555,0.0537790029
1997-02-01,0.0039,0.0038924147,0.0415,0.0406619817,0.0376,0.036769567,0.0055,0.0054849302,0.0016,0.0015925155,0.0067,0.0066776548,0.0028,0.00278524,-0.0574,-0.0591132645,-0.0613,-0.0630056792,-0.0742,-0.0770970504,-0.0781,-0.0809894651,0.0257,0.0253753063,0.0218,0.0214828916,0.0316,0.031110995,0.0277,0.0272185803,0.0093,0.0092570213,0.0054,0.0053646065,-0.0057,-0.005716307,-0.0096,-0.0096087217,0.0257,0.0253753063,0.0218,0.0214828916
1997-03-01,0.0043,0.0042907814,-0.0524,-0.0538228067,-0.0567,-0.0581135881,-0.0332,-0.0337636302,-0.0375,-0.0380544116,-0.0364,-0.0370790082,-0.0407,-0.0413697897,0.0523,0.0509782448,0.048,0.0466874633,-0.0566,-0.0582649081,-0.0609,-0.0625556895,-0.0783,-0.081535488,-0.0826,-0.0858262694,-0.0145,-0.0146061524,-0.0188,-0.0188969338,-0.0748,-0.0777453486,-0.0791,-0.08203613,-0.0279,-0.0282965992,-0.0322,-0.0325873806,-0.0582,-0.0599623412,-0.0625,-0.0642531226
1997-04-01,0.0043,0.0042907814,0.0531,0.0517381954,0.0488,0.047447414,0.0381,0.0373921192,0.0338,0.0331013378,0.0537,0.0523077796,0.0494,0.0480169982,0.0003,0.000299955,-0.004,-0.0039908264,0.0768,0.0739936799,0.0725,0.0697028985,0.0249,0.0245950469,0.0206,0.0203042654,0.0211,0.0208804776,0.0168,0.0165896962,0.0607,0.0589290675,0.0564,0.0546382861,-0.0139,-0.0139975096,-0.0182,-0.0182882911,0.051,0.0497420919,0.0467,0.0454513105
1997-05-01,0.0049,0.0048880341,0.0593,0.0576083126,0.0544,0.0527202785,0.063,0.0610950994,0.0581,0.0562070653,0.0782,0.075292984,0.0733,0.07040495,0.0732,0.0706448396,0.0683,0.0657568055,0.1018,0.0969452061,0.0969,0.092057172,0.0656,0.0635380208,0.0607,0.0586499867,0.0603,0.0585518869,0.0554,0.0536638529,0.0701,0.0677521021,0.0652,0.062864068,0.0363,0.0356566772,0.0314,0.0307686431,0.0603,0.0585518869,0.0554,0.0536638529
1997-06-01,0.0037,0.0036931718,0.0358,0.035174075,0.0321,0.0314809032,0.0335,0.0329511001,0.0298,0.0292579283,0.052,0.0506931143,0.0483,0.0469999425,0.0128,0.0127187724,0.0091,0.0090256006,0.0143,0.0141987194,0.0106,0.0105055476,0.0346,0.0340148786,0.0309,0.0303217067,0.051,0.0497420919,0.0473,0.0460489201,0.0887,0.0849843239,0.085,0.0812911521,0.0314,0.0309171026,0.0277,0.0272239308,0.052,0.0506931143,0.0483,0.0469999425
1997-07-01,0.0043,0.0042907814,0.0334,0.0328543369,0.0291,0.0285635555,0.0746,0.0719484993,0.0703,0.0676577179,0.0718,0.0693394781,0.0675,0.0650486967,0.0743,0.0716692867,0.07,0.0673785053,0.16,0.1484200051,0.1557,0.1441292237,0.0225,0.0222506089,0.0182,0.0179598275,0.078,0.0751074725,0.0737,0.0708166911,0.021,0.0207825392,0.0167,0.0164917578,0.0283,0.0279069533,0.024,0.0236161718,0.0923,0.0882855649,0.088,0.0839947835
1997-08-01,0.0041,0.0040916179,-0.0641,-0.0662466458,-0.0682,-0.0703382637,0.0123,0.0122249696,0.0082,0.0081333517,-0.0541,-0.0556184238,-0.0582,-0.0597100417,0.0029,0.0028958031,-0.0012,-0.0011958148,-0.0139,-0.0139975096,-0.018,-0.0180891275,-0.0241,-0.0243951568,-0.0282,-0.0284867747,-0.0252,-0.0255229572,-0.0293,-0.0296145751,-0.061,-0.0629397998,-0.0651,-0.0670314177,-0.0116,-0.0116678049,-0.0157,-0.0157594228,-0.0472,-0.0483502609,-0.0513,-0.0524418788
1997-09-01,0.0044,0.0043903483,0.0554,0.053919842,0.051,0.0495294937,0.0519,0.0505980528,0.0475,0.0462077045,0.0339,0.0333380596,0.0295,0.0289477113,0.0625,0.0606246218,0.0581,0.0562342735,0.0343,0.0337248694,0.0299,0.0293345211,0.0965,0.0921232889,0.0921,0.0877329406,0.053,0.0516432332,0.0486,0.0472528849,0.0661,0.06400713,0.0617,0.0596167817,0.0462,0.045164552,0.0418,0.0407742037,0.08,0.0769610411,0.0756,0.0725706928
1997-10-01,0.0042,0.0041912046,-0.0315,-0.0320067961,-0.0357,-0.0361980008,-0.0337,-0.034280934,-0.0379,-0.0384721386,-0.0584,-0.060174723,-0.0626,-0.0643659277,-0.0202,-0.0204068098,-0.0244,-0.0245980144,-0.0828,-0.086429728,-0.087,-0.0906209326,0.0288,0.0283930745,0.0246,0.0242018699,-0.0197,-0.0198966317,-0.0239,-0.0240878363,0.0009,0.0008995952,-0.0033,-0.0032916094,0.0089,0.0088606284,0.0047,0.0046694238,-0.028,-0.0283994745,-0.0322,-0.0325906791
1997-11-01,0.0039,0.0038924147,0.0646,0.0625991418,0.0607,0.058706727,-0.0142,-0.0143017847,-0.0181,-0.0181941994,0.0422,0.0413338635,0.0383,0.0374414488,-0.0348,-0.0354199452,-0.0387,-0.0393123599,0.0144,0.0142973047,0.0105,0.01040489,0.1068,0.1014729689,0.1029,0.0975805542,0.0531,0.0517381954,0.0492,0.0478457807,0.0277,0.0273232956,0.0238,0.0234308809,0.0718,0.0693394781,0.0679,0.0654470634,0.0293,0.0288789596,0.0254,0.0249865448
1997-12-01,0.0048,0.0047885167,0.0377,0.0370067256,0.0329,0.0322182089,0.0363,0.0356566772,0.0315,0.0308681605,-0.0028,-0.0028039273,-0.0076,-0.0075924441,-0.0146,-0.0147076289,-0.0194,-0.0194961456,-0.0422,-0.0431162911,-0.047,-0.0479048078,0.0416,0.0407579925,0.0368,0.0359694757,-0.0015,-0.0015011261,-0.0063,-0.0062896429,0.0352,0.0345946448,0.0304,0.029806128,0.0801,0.0770536294,0.0753,0.0722651127,0.0519,0.0505980528,0.0471,0.045809536
1998-01-01,0.0043,0.0042907814,-0.0273,-0.0276795691,-0.0316,-0.0319703505,0.0049,0.0048880341,0.0006,0.0005972527,0.0069,0.0068763039,0.0026,0.0025855225,-0.0566,-0.0582649081,-0.0609,-0.0625556895,0.0525,0.0511682866,0.0482,0.0468775052,0.0509,0.0496469399,0.0466,0.0453561585,0.009,0.0089597414,0.0047,0.00466896,0.0566,0.0550562057,0.0523,0.0507654243,-0.0438,-0.0447881828,-0.0481,-0.0490789642,-0.0196,-0.0197946273,-0.0239,-0.0240854087
1998-02-01,0.0039,0.0038924147,0.0496,0.0484091392,0.0457,0.0445167245,0.1229,0.1159146246,0.119,0.1120222099,0.0709,0.0684994164,0.067,0.0646070017,0.0679,0.0656941032,0.064,0.0618016885,0.1034,0.0983963219,0.0995,0.0945039071,0.0241,0.0238141781,0.0202,0.0199217634,0.1038,0.098758772,0.0999,0.0948663573,0.0553,0.0538250867,0.0514,0.049932672,0.0264,0.0260575343,0.0225,0.0221651196,0.082,0.0788111804,0.0781,0.0749187657
1998-03-01,0.0039,0.0038924147,0.0588,0.0571361914,0.0549,0.0532437767,0.0618,0.0599655812,0.0579,0.0560731665,0.0481,0.0469790012,0.0442,0.0430865865,0.048,0.0468835859,0.0441,0.0429911712,0.0131,0.0130149371,0.0092,0.0091225224,0.1009,0.0961280271,0.097,0.0922356124,0.0679,0.0656941032,0.064,0.0618016885,0.0358,0.035174075,0.0319,0.0312816603,0.067,0.0648509723,0.0631,0.0609585576,0.059,0.0573250666,0.0551,0.0534326519
1998-04-01,0.0043,0.0042907814,-0.0324,-0.0329365002,-0.0367,-0.0372272817,0.018,0.0178399181,0.0137,0.0135491367,0.0122,0.0121261798,0.0079,0.0078353984,0.0374,0.0367175829,0.0331,0.0324268015,0.0518,0.0505029822,0.0475,0.0462122008,-0.0321,-0.0326265028,-0.0364,-0.0369172842,-0.0063,-0.0063199287,-0.0106,-0.0106107102,0.0191,0.0189198849,0.0148,0.0146291034,-0.0249,-0.0252152491,-0.0292,-0.0295060306,0.0201,0.0199006617,0.0158,0.0156098803
1998-05-01,0.004,0.0039920213,0.011,0.01093994,0.007,0.0069479188,0.0615,0.0596830022,0.0575,0.0556909809,-0.0249,-0.0252152491,-0.0289,-0.0292072704,-0.0427,-0.043638457,-0.0467,-0.0476304783,-0.0704,-0.0730008929,-0.0744,-0.0769929142,-0.0182,-0.0183676574,-0.0222,-0.0223596786,0.0212,0.0209784064,0.0172,0.0169863851,-0.025,-0.025317808,-0.029,-0.0293098293,-0.0109,-0.0109598402,-0.0149,-0.0149518615,-0.0308,-0.03128429,-0.0348,-0.0352763113
1998-06-01,0.0041,0.0040916179,0.0414,0.0405659617,0.0373,0.0364743438,0.0112,0.0111377444,0.0071,0.0070461265,-0.0074,-0.0074275158,-0.0115,-0.0115191337,-0.0124,-0.0124775215,-0.0165,-0.0165691394,0.0874,0.0837895257,0.0833,0.0796979078,0.0293,0.0288789596,0.0252,0.0247873416,0.0526,0.0512632939,0.0485,0.047171676,0.062,0.0601539228,0.0579,0.0560623049,0.03,0.0295588022,0.0259,0.0254671843,0.0311,0.0306261935,0.027,0.0265345756
1998-07-01,0.004,0.0039920213,-0.0414,-0.0422813923,-0.0454,-0.0462734135,-0.0104,-0.0104544579,-0.0144,-0.0144464792,-0.0577,-0.0594315838,-0.0617,-0.063423605,-0.0649,-0.0671018035,-0.0689,-0.0710938248,0.0052,0.0051865267,0.0012,0.0011945054,0.0384,0.037681067,0.0344,0.0336890457,-0.0292,-0.0296348051,-0.0332,-0.0336268264,-0.0026,-0.0026033859,-0.0066,-0.0065954071,-0.0541,-0.0556184238,-0.0581,-0.059610445,-0.0174,-0.0175531592,-0.0214,-0.0215451805
1998-08-01,0.0043,0.0042907814,-0.131,-0.1404121537,-0.1353,-0.1447029351,-0.1896,-0.210227326,-0.1939,-0.2145181075,-0.1431,-0.1544340533,-0.1474,-0.1587248347,-0.1039,-0.1097032651,-0.1082,-0.1139940465,-0.1768,-0.1945560945,-0.1811,-0.1988468759,-0.1236,-0.1319326713,-0.1279,-0.1362234527,-0.142,-0.1531511795,-0.1463,-0.1574419609,-0.1237,-0.1320467809,-0.128,-0.1363375623,0.0196,0.0194103935,0.0153,0.0151196121,-0.2143,-0.2411802388,-0.2186,-0.2454710202
1998-09-01,0.0046,0.0045894523,0.0126,0.0125212806,0.008,0.0079318282,0.008,0.0079681696,0.0034,0.0033787173,0.0066,0.0065783154,0.002,0.001988863,0.1295,0.1217750569,0.1249,0.1171856046,0.1515,0.1410654403,0.1469,0.1364759879,0.1027,0.0977617178,0.0981,0.0931722654,0.0148,0.0146915487,0.0102,0.0101020964,0.1209,0.114131934,0.1163,0.1095424817,0.0817,0.0785338777,0.0771,0.0739444253,0.03,0.0295588022,0.0254,0.0249693499
1998-10-01,0.0032,0.0031948909,0.1099,0.1042699212,0.1067,0.1010750303,0.1063,0.1010211141,0.1031,0.0978262232,0.1127,0.1067894942,0.1095,0.1035946033,0.0116,0.0115332358,0.0084,0.0083383449,0.0621,0.0602480803,0.0589,0.0570531894,0.0674,0.0652257849,0.0642,0.062030894,0.1069,0.1015633154,0.1037,0.0983684245,0.0383,0.0375847603,0.0351,0.0343898694,-0.0177,-0.0178585183,-0.0209,-0.0210534092,0.0834,0.0801042442,0.0802,0.0769093533
1998-11-01,0.0031,0.0030952049,0.0641,0.0621293715,0.061,0.0590341666,0.0524,0.0510732702,0.0493,0.0479780653,0.0352,0.0345946448,0.0321,0.0314994399,0.0061,0.0060814703,0.003,0.0029862654,0.1166,0.1102883539,0.1135,0.107193149,0.0366,0.0359461268,0.0335,0.0328509219,0.0946,0.0903889997,0.0915,0.0872937948,0.0619,0.0600597564,0.0588,0.0569645515,0.0133,0.0132123315,0.0102,0.0101171266,0.0605,0.058740495,0.0574,0.0556452901
1998-12-01,0.0038,0.0037927982,0.0033,0.0032945669,-0.0005,-0.0004982313,0.0374,0.0367175829,0.0336,0.0329247847,0.0239,0.0236188656,0.0201,0.0198260674,-0.0124,-0.0124775215,-0.0162,-0.0162703197,0.1515,0.1410654403,0.1477,0.137272642,0.1439,0.1344434765,0.1401,0.1306506783,0.0922,0.0881940107,0.0884,0.0844012125,0.0494,0.0482185723,0.0456,0.044425774,0.0286,0.0281986544,0.0248,0.0244058561,0.0339,0.0333380596,0.0301,0.0295452614
1999-01-01,0.0035,0.0034938893,-0.0347,-0.0353163451,-0.0382,-0.0388102344,0.049,0.0478373294,0.0455,0.0443434402,0.0059,0.0058826632,0.0024,0.0023887739,-0.0497,-0.0509775548,-0.0532,-0.054471444,0.1507,0.1403704528,0.1472,0.1368765636,0.0913,0.0873696461,0.0878,0.0838757569,0.0218,0.0215657779,0.0183,0.0180718887,0.0028,0.0027960873,-0.0007,-0.000697802,-0.0625,-0.0645385211,-0.066,-0.0680324104,0.0097,0.009653257,0.0062,0.0061593678
1999-02-01,0.0035,0.0034938893,-0.0399,-0.0407178333,-0.0434,-0.0442117225,-0.045,-0.0460439385,-0.0485,-0.0495378278,-0.0213,-0.0215301186,-0.0248,-0.0250240078,-0.0326,-0.0331432186,-0.0361,-0.0366371078,-0.1157,-0.1229589074,-0.1192,-0.1264527967,-0.0289,-0.0293258294,-0.0324,-0.0328197186,-0.0134,-0.0134905902,-0.0169,-0.0169844794,0.0017,0.0016985566,-0.0018,-0.0017953326,-0.0363,-0.0369752361,-0.0398,-0.0404691254,0.0001,9.9995e-05,-0.0034,-0.0033938943
1999-03-01,0.0043,0.0042907814,-0.0203,-0.0205088766,-0.0246,-0.024799658,-0.0037,-0.0037068619,-0.008,-0.0079976433,0.0486,0.0474559412,0.0443,0.0431651597,0.1528,0.1421937657,0.1485,0.1379029843,0.0847,0.0813034511,0.0804,0.0770126696,-0.0068,-0.0068232253,-0.0111,-0.0111140068,0.027,0.0266419309,0.0227,0.0223511495,0.0251,0.0247901688,0.0208,0.0204993874,-0.0164,-0.0165359686,-0.0207,-0.0208267501,0.0242,0.02391182,0.0199,0.0196210386
1999-04-01,0.0037,0.0036931718,0.0391,0.0383549539,0.0354,0.034661782,0.0941,0.0899321075,0.0904,0.0862389357,0.0945,0.090297638,0.0908,0.0866044661,0.1577,0.1464352782,0.154,0.1427421064,0.0226,0.0223484037,0.0189,0.0186552318,0.0775,0.074643543,0.0738,0.0709503712,0.0038,0.0037927982,0.0001,9.96264e-05,-0.0553,-0.0568878622,-0.059,-0.060581034,0.0735,0.0709243383,0.0698,0.0672311665,0.0671,0.0649446886,0.0634,0.0612515168
1999-05-01,0.0034,0.0033942331,0.0137,0.0136070034,0.0103,0.0102127703,-0.0447,-0.0457298517,-0.0481,-0.0491240848,-0.033,-0.0335567835,-0.0364,-0.0369510166,-0.031,-0.0314906671,-0.0344,-0.0348849002,-0.0083,-0.0083346368,-0.0117,-0.0117288699,0.0066,0.0065783154,0.0032,0.0031840823,-0.0298,-0.0302530432,-0.0332,-0.0336472762,-0.0203,-0.0205088766,-0.0237,-0.0239031097,0.0673,0.0651320949,0.0639,0.0617378619,-0.0389,-0.0396768172,-0.0423,-0.0430710502
1999-06-01,0.004,0.0039920213,0.0026,0.0025966258,-0.0014,-0.0013953954,0.0093,0.0092570213,0.0053,0.005265,0.0451,0.0441125746,0.0411,0.0401205533,-0.0148,-0.0149106127,-0.0188,-0.018902634,0.1156,0.1093923768,0.1116,0.1054003555,0.0588,0.0571361914,0.0548,0.0531441701,0.0807,0.0776089793,0.0767,0.0736169581,0.0443,0.0433468045,0.0403,0.0393547832,-0.0449,-0.0459392319,-0.0489,-0.0499312532,0.0305,0.0300441213,0.0265,0.0260521001
1999-07-01,0.0038,0.0037927982,-0.0244,-0.0247026126,-0.0282,-0.0284954109,-0.0603,-0.0621946036,-0.0641,-0.0659874018,-0.0116,-0.0116678049,-0.0154,-0.0154606031,0.0164,0.0162669725,0.0126,0.0124741742,-0.0173,-0.0174513936,-0.0211,-0.0212441919,-0.0172,-0.0173496383,-0.021,-0.0211424366,-0.05,-0.0512932944,-0.0538,-0.0550860926,-0.044,-0.0449973659,-0.0478,-0.0487901642,-0.0058,-0.0058168853,-0.0096,-0.0096096836,-0.0596,-0.0614499623,-0.0634,-0.0652427606
1999-08-01,0.0039,0.0038924147,-0.0459,-0.0469867912,-0.0498,-0.0508792059,0.006,0.0059820717,0.0021,0.002089657,-0.0052,-0.0052135671,-0.0091,-0.0091059818,0.0192,0.0190180058,0.0153,0.0151255911,0.0546,0.0531615481,0.0507,0.0492691334,-0.0825,-0.0861026991,-0.0864,-0.0899951138,-0.0596,-0.0614499623,-0.0635,-0.065342377,0.0376,0.036910354,0.0337,0.0330179393,0.0058,0.0057832448,0.0019,0.00189083,-0.0504,-0.0517144357,-0.0543,-0.0556068504
1999-09-01,0.0039,0.0038924147,-0.0691,-0.0716034189,-0.073,-0.0754958336,-0.0837,-0.087411457,-0.0876,-0.0913038717,-0.0315,-0.0320067961,-0.0354,-0.0358992109,-0.0396,-0.0404054146,-0.0435,-0.0442978294,-0.001,-0.0010005003,-0.0049,-0.004892915,0.0465,0.0454512629,0.0426,0.0415588482,0.0127,0.0126200314,0.0088,0.0087276166,-0.0707,-0.0733236644,-0.0746,-0.0772160791,-0.0428,-0.0437429229,-0.0467,-0.0476353377,-0.0455,-0.0465676358,-0.0494,-0.0504600505
1999-10-01,0.0039,0.0038924147,0.066,0.0639133257,0.0621,0.060020911,0.046,0.0449733656,0.0421,0.0410809509,0.0571,0.0555293098,0.0532,0.0516368951,-0.0157,-0.0158245503,-0.0196,-0.0197169651,0.0301,0.0296558849,0.0262,0.0257634702,0.083,0.079734968,0.0791,0.0758425533,0.0321,0.0315955616,0.0282,0.0277031469,0.1073,0.1019246197,0.1034,0.098032205,0.0216,0.0213700257,0.0177,0.017477611,0.1143,0.1082264051,0.1104,0.1043339904
1999-11-01,0.0036,0.0035935355,-0.011,-0.0110609474,-0.0146,-0.0146544829,-0.022,-0.0222456089,-0.0256,-0.0258391445,-0.0098,-0.0098483361,-0.0134,-0.0134418716,0.0381,0.0373921192,0.0345,0.0337985837,0.1275,0.1200027924,0.1239,0.1164092569,0.0461,0.0450689634,0.0425,0.0414754279,0.0415,0.0406619817,0.0379,0.0370684462,0.0152,0.0150856374,0.0116,0.0114921019,-0.0736,-0.0764491722,-0.0772,-0.0800427077,-0.0249,-0.0252152491,-0.0285,-0.0288087847
1999-12-01,0.0044,0.0043903483,-0.0264,-0.0267547373,-0.0308,-0.0311450856,0.0275,0.0271286674,0.0231,0.0227383191,0.1028,0.0978524002,0.0984,0.0934620519,0.0063,0.006280238,0.0019,0.0018898897,0.2075,0.1885521065,0.2031,0.1841617582,0.0453,0.0443039256,0.0409,0.0399135773,0.0676,0.0654131385,0.0632,0.0610227902,-0.0562,-0.0578409997,-0.0606,-0.062231348,-0.0237,-0.0239853628,-0.0281,-0.0283757111,0.014,0.0139029052,0.0096,0.0095125569
2000-01-01,0.0041,0.0040916179,-0.0472,-0.0483502609,-0.0513,-0.0524418788,-0.0133,-0.0133892371,-0.0174,-0.017480855,-0.0866,-0.0905813782,-0.0907,-0.0946729961,0.0128,0.0127187724,0.0087,0.0086271545,-0.0521,-0.0535062675,-0.0562,-0.0575978854,-0.0385,-0.039260714,-0.0426,-0.0433523319,-0.1101,-0.1166461821,-0.1142,-0.1207378,0.0763,0.0735292333,0.0722,0.0694376154,0.0554,0.053919842,0.0513,0.0498282241,-0.0475,-0.048665172,-0.0516,-0.0527567899
2000-02-01,0.0043,0.0042907814,-0.0627,-0.0647518772,-0.067,-0.0690426586,-0.0881,-0.092224944,-0.0924,-0.0965157255,-0.0374,-0.0381173221,-0.0417,-0.0424081035,-0.056,-0.0576291128,-0.0603,-0.0619198943,0.1804,0.1658533641,0.1761,0.1615625827,-0.0369,-0.0375980304,-0.0412,-0.0418888118,-0.0395,-0.0403012968,-0.0438,-0.0445920782,-0.0251,-0.0254203773,-0.0294,-0.0297111588,-0.0707,-0.0733236644,-0.075,-0.0776144458,-0.0738,-0.0766650849,-0.0781,-0.0809558664
2000-03-01,0.0047,0.0046889895,0.0743,0.0716692867,0.0696,0.0669802972,0.1089,0.103368533,0.1042,0.0986795435,0.0752,0.0725066908,0.0705,0.0678177013,0.1192,0.1126141444,0.1145,0.1079251549,0.0409,0.0400857235,0.0362,0.0353967341,0.0827,0.0794579213,0.078,0.0747689318,0.1339,0.125663018,0.1292,0.1209740285,-0.0003,-0.000300045,-0.005,-0.0049890345,0.0589,0.0572306335,0.0542,0.052541644,0.1436,0.1341811815,0.1389,0.129492192
2000-04-01,0.0046,0.0045894523,-0.0196,-0.0197946273,-0.0242,-0.0243840797,0.0869,0.0833296076,0.0823,0.0787401553,0.0146,0.0144944462,0.01,0.0099049938,-0.0231,-0.0233709863,-0.0277,-0.0279604387,-0.1055,-0.111490376,-0.1101,-0.1160798284,-0.0833,-0.086975014,-0.0879,-0.0915644663,-0.0448,-0.0458345363,-0.0494,-0.0504239887,0.0504,0.049171044,0.0458,0.0445815917,0.0742,0.0715761985,0.0696,0.0669867462,-0.0283,-0.0287081641,-0.0329,-0.0332976165
2000-05-01,0.005,0.0049875415,0.071,0.0685927915,0.066,0.06360525,-0.1231,-0.1313623182,-0.1281,-0.1363498597,-0.0172,-0.0173496383,-0.0222,-0.0223371798,0.0939,0.0897492921,0.0889,0.0847617506,-0.1085,-0.1148498417,-0.1135,-0.1198373832,-0.0997,-0.1050272379,-0.1047,-0.1100147794,-0.0283,-0.0287081641,-0.0333,-0.0336957056,0.0372,0.0365247747,0.0322,0.0315372332,0.0396,0.0388360238,0.0346,0.0338484823,0.0335,0.0329511001,0.0285,0.0279635586
2000-06-01,0.004,0.0039920213,0.0218,0.0215657779,0.0178,0.0175737566,-0.0899,-0.0942007954,-0.0939,-0.0981928167,-0.0128,-0.0128826258,-0.0168,-0.0168746471,-0.0505,-0.0518197487,-0.0545,-0.05581177,0.1263,0.1189379241,0.1223,0.1149459028,0.0399,0.0391245547,0.0359,0.0351325334,-0.0221,-0.0223478637,-0.0261,-0.0263398849,0.1099,0.1042699212,0.1059,0.1002778999,-0.0468,-0.0479305338,-0.0508,-0.051922555,-0.0313,-0.0318003125,-0.0353,-0.0357923338
2000-07-01,0.0048,0.0047885167,0.0072,0.0071742037,0.0024,0.002385687,0.0473,0.0462154238,0.0425,0.0414269071,-0.0145,-0.0146061524,-0.0193,-0.0193946691,-0.0268,-0.0271656681,-0.0316,-0.0319541848,-0.0517,-0.0530843711,-0.0565,-0.0578728878,-0.0727,-0.0754781412,-0.0775,-0.0802666579,-0.0122,-0.0122750309,-0.017,-0.0170635476,-0.0651,-0.0673157073,-0.0699,-0.072104224,0.0387,0.0379699313,0.0339,0.0331814145,0.0536,0.0522128714,0.0488,0.0474243547
2000-08-01,0.005,0.0049875415,-0.0208,-0.0210193672,-0.0258,-0.0260069087,0.0544,0.0529718848,0.0494,0.0479843433,0.0741,0.0714831016,0.0691,0.0664955601,0.0875,0.083881484,0.0825,0.0788939425,0.1268,0.119381757,0.1218,0.1143942155,-0.0149,-0.0150121201,-0.0199,-0.0199996616,-0.024,-0.0242926926,-0.029,-0.0292802341,0.035,0.0344014267,0.03,0.0294138852,0.1166,0.1102883539,0.1116,0.1053008124,0.0924,0.0883771106,0.0874,0.0833895691
2000-09-01,0.0051,0.005087039,0.0373,0.0366211835,0.0322,0.0315341444,-0.0416,-0.0424900516,-0.0467,-0.0475770907,-0.057,-0.0586889963,-0.0621,-0.0637760354,0.0456,0.0445908833,0.0405,0.0395038443,-0.1473,-0.1593474932,-0.1524,-0.1644345323,-0.0445,-0.0455205153,-0.0496,-0.0506075544,0.0266,0.0262523711,0.0215,0.0211653321,0.0367,0.0360425913,0.0316,0.0309555523,0.088,0.0843411484,0.0829,0.0792541094,0.0025,0.0024968802,-0.0026,-0.0025901588
2000-10-01,0.0056,0.0055843783,0.0748,0.0721345978,0.0692,0.0665502195,0.0255,0.0251802985,0.0199,0.0195959202,0.034,0.0334347761,0.0284,0.0278503978,-0.0281,-0.0285023605,-0.0337,-0.0340867388,-0.0747,-0.0776372697,-0.0803,-0.083221648,-0.0017,-0.0017014466,-0.0073,-0.0072858249,-0.0175,-0.0176549352,-0.0231,-0.0232393135,0.0206,0.0203906896,0.015,0.0148063114,-0.0167,-0.0168410172,-0.0223,-0.0224253955,-0.0129,-0.0129839276,-0.0185,-0.0185683059
2000-11-01,0.0051,0.005087039,0.027,0.0266419309,0.0219,0.0215548919,-0.1114,-0.1181080885,-0.1165,-0.1231951275,-0.0308,-0.03128429,-0.0359,-0.0363713291,-0.0252,-0.0255229572,-0.0303,-0.0306099963,-0.232,-0.2639655458,-0.2371,-0.2690525849,-0.1653,-0.1806829001,-0.1704,-0.1857699392,-0.0104,-0.0104544579,-0.0155,-0.015541497,0.0075,0.0074720148,0.0024,0.0023849758,0.0296,0.0291703773,0.0245,0.0240833383,-0.0598,-0.0616626604,-0.0649,-0.0667496994
2000-12-01,0.005,0.0049875415,0.0544,0.0529718848,0.0494,0.0479843433,0.0008,0.0007996802,-0.0042,-0.0041878613,0.0697,0.0673782353,0.0647,0.0623906938,0.075,0.0723206616,0.07,0.0673331201,-0.0799,-0.0832729192,-0.0849,-0.0882604607,-0.0427,-0.043638457,-0.0477,-0.0486259985,0.0567,0.0551508445,0.0517,0.050163303,0.0349,0.0343048037,0.0299,0.0293172622,0.0647,0.0626930693,0.0597,0.0577055278,0.0647,0.0626930693,0.0597,0.0577055278
2001-01-01,0.0054,0.0053854723,-0.0218,-0.0220411309,-0.0272,-0.0274266032,0.1305,0.1226600127,0.1251,0.1172745405,-0.0098,-0.0098483361,-0.0152,-0.0152338083,-0.0343,-0.034902052,-0.0397,-0.0402875243,0.1618,0.1499705266,0.1564,0.1445850543,0.155,0.144100344,0.1496,0.1387148717,0.0641,0.0621293715,0.0587,0.0567438992,-0.0851,-0.0889405093,-0.0905,-0.0943259816,-0.1023,-0.1079193422,-0.1077,-0.1133048145,0.0063,0.006280238,0.0009,0.0008947657
2001-02-01,0.0038,0.0037927982,0.0014,0.0013990209,-0.0024,-0.0023937773,-0.0125,-0.0125787822,-0.0163,-0.0163715804,-0.0379,-0.0386368836,-0.0417,-0.0424296819,-0.0003,-0.000300045,-0.0041,-0.0040928432,-0.2607,-0.3020514864,-0.2645,-0.3058442847,-0.103,-0.1086994169,-0.1068,-0.1124922152,-0.0533,-0.0547730258,-0.0571,-0.0585658241,-0.0054,-0.0054146327,-0.0092,-0.0092074309,0.0618,0.0599655812,0.058,0.0561727829,-0.0425,-0.0434295579,-0.0463,-0.0472223562
2001-03-01,0.0042,0.0041912046,-0.0478,-0.0489801822,-0.052,-0.0531713868,-0.0333,-0.0338670695,-0.0375,-0.0380582741,-0.0605,-0.0624074601,-0.0647,-0.0665986647,-0.001,-0.0010005003,-0.0052,-0.005191705,-0.1389,-0.1495446373,-0.1431,-0.1537358419,-0.06,-0.0618754037,-0.0642,-0.0660666083,-0.0287,-0.0291198986,-0.0329,-0.0333111032,-0.0859,-0.0898153043,-0.0901,-0.0940065089,0.0105,0.0104452579,0.0063,0.0062540532,-0.045,-0.0460439385,-0.0492,-0.0502351431
2001-04-01,0.0039,0.0038924147,0.0092,0.0091579378,0.0053,0.0052655231,0.087,0.0834216081,0.0831,0.0795291934,0.0755,0.0727856697,0.0716,0.068893255,0.1002,0.0954919815,0.0963,0.0915995667,0.1801,0.1655991806,0.1762,0.1617067659,0.0401,0.0393168624,0.0362,0.0354244477,0.056,0.0544881853,0.0521,0.0505957706,0.0425,0.0416216747,0.0386,0.03772926,0.0541,0.0526873223,0.0502,0.0487949076,0.0608,0.0590233404,0.0569,0.0551309257
2001-05-01,0.0032,0.0031948909,0.034,0.0334347761,0.0308,0.0302398852,-0.0156,-0.0157229605,-0.0188,-0.0189178514,0.0215,0.0212721353,0.0183,0.0180772444,0.001,0.0009995003,-0.0022,-0.0021953906,-0.032,-0.0325231917,-0.0352,-0.0357180826,-0.0163,-0.0164343065,-0.0195,-0.0196291974,0.0161,0.0159717695,0.0129,0.0127768786,0.0277,0.0273232956,0.0245,0.0241284048,0.0047,0.0046889895,0.0015,0.0014940986,0.0364,0.0357531697,0.0332,0.0325582788
2001-06-01,0.0028,0.0027960873,-0.0152,-0.0153167041,-0.018,-0.0181127914,0.0379,0.037199441,0.0351,0.0344033537,-0.0465,-0.0476158539,-0.0493,-0.0504119412,-0.0746,-0.0775292025,-0.0774,-0.0803252898,0.0141,0.0140015196,0.0113,0.0112054323,-0.0268,-0.0271656681,-0.0296,-0.0299617554,-0.0258,-0.0261386576,-0.0286,-0.0289347449,-0.0298,-0.0302530432,-0.0326,-0.0330491305,-0.0615,-0.063472423,-0.0643,-0.0662685103,-0.0009,-0.0009004052,-0.0037,-0.0036964925
2001-07-01,0.003,0.002995509,-0.0054,-0.0054146327,-0.0084,-0.0084101417,0.0326,0.0320798935,0.0296,0.0290843845,0.0053,0.0052860044,0.0023,0.0022904954,-0.0223,-0.0225524045,-0.0253,-0.0255479135,-0.0757,-0.0787185847,-0.0787,-0.0817140937,-0.0096,-0.0096463771,-0.0126,-0.012641886,0.0455,0.0444952399,0.0425,0.0414997309,0.0228,0.0225439644,0.0198,0.0195484555,-0.0384,-0.0391567152,-0.0414,-0.0421522242,-0.0217,-0.0219389075,-0.0247,-0.0249344165
2001-08-01,0.0031,0.0030952049,0.0199,0.0197045833,0.0168,0.0166093784,-0.1005,-0.1059162256,-0.1036,-0.1090114305,-0.0218,-0.0220411309,-0.0249,-0.0251363358,-0.035,-0.0356271776,-0.0381,-0.0387223826,-0.1263,-0.1350182117,-0.1294,-0.1381134166,-0.0864,-0.0903624401,-0.0895,-0.093457645,-0.0692,-0.0717108476,-0.0723,-0.0748060525,-0.031,-0.0314906671,-0.0341,-0.034585872,0.0053,0.0052860044,0.0022,0.0021907995,-0.052,-0.0534007767,-0.0551,-0.0564959816
2001-09-01,0.0028,0.0027960873,-0.0352,-0.035834453,-0.038,-0.0386305403,-0.1727,-0.1895878928,-0.1755,-0.1923839801,-0.127,-0.1358197231,-0.1298,-0.1386158104,-0.0618,-0.0637921331,-0.0646,-0.0665882204,-0.19,-0.2107210313,-0.1928,-0.2135171186,-0.0235,-0.0237805287,-0.0263,-0.026576616,-0.0951,-0.0999308386,-0.0979,-0.1027269259,-0.0063,-0.0063199287,-0.0091,-0.009116016,-0.066,-0.0682788408,-0.0688,-0.0710749281,-0.0787,-0.0819695629,-0.0815,-0.0847656502
2001-10-01,0.0022,0.0021975835,0.0128,0.0127187724,0.0106,0.0105211889,0.0107,0.0106431601,0.0085,0.0084455766,0.0394,0.0386436236,0.0372,0.03644604,0.0514,0.0501226094,0.0492,0.0479250259,0.157,0.1458304482,0.1548,0.1436328647,-0.0957,-0.1005941152,-0.0979,-0.1027916988,0.0157,0.01557803,0.0135,0.0133804464,0.0126,0.0125212806,0.0104,0.010323697,0.0176,0.0174469136,0.0154,0.0152493301,-0.0098,-0.0098483361,-0.012,-0.0120459196
2001-11-01,0.0017,0.0016985566,0.0258,0.025472796,0.0241,0.0237742393,0.1501,0.1398488951,0.1484,0.1381503385,0.0846,0.0812112554,0.0829,0.0795126988,-0.0421,-0.0430118906,-0.0438,-0.0447104472,0.1589,0.1474712794,0.1572,0.1457727227,0.0585,0.0568528116,0.0568,0.055154255,0.0981,0.0935814136,0.0964,0.091882857,0.0502,0.0489806222,0.0485,0.0472820656,-0.0143,-0.0144032303,-0.016,-0.0161017869,0.072,0.0695260626,0.0703,0.067827506
2001-12-01,0.0015,0.0014988761,0.0189,0.018723614,0.0174,0.0172247379,-0.0084,-0.0084354788,-0.0099,-0.0099343549,0.0264,0.0260575343,0.0249,0.0245586582,0.0597,0.0579858492,0.0582,0.0564869731,-0.0063,-0.0063199287,-0.0078,-0.0078188049,0.026,0.0256677467,0.0245,0.0241688706,0.0434,0.0424846116,0.0419,0.0409857355,-0.0282,-0.028605257,-0.0297,-0.0301041331,0.0404,0.0396052546,0.0389,0.0381063785,0.0368,0.0361390466,0.0353,0.0346401705
2002-01-01,0.0014,0.0013990209,0.0087,0.0086623731,0.0073,0.0072633522,0.0285,0.0281014301,0.0271,0.0267024092,0.0156,0.0154795708,0.0142,0.0140805499,-0.0287,-0.0291198986,-0.0301,-0.0305189195,-0.0052,-0.0052135671,-0.0066,-0.006612588,-0.0715,-0.0741848982,-0.0729,-0.0755839191,0.0261,0.0257652079,0.0247,0.024366187,-0.0241,-0.0243951568,-0.0255,-0.0257941777,-0.0433,-0.0442654163,-0.0447,-0.0456644372,-0.0156,-0.0157229605,-0.017,-0.0171219814
2002-02-01,0.0013,0.0012991557,0.0424,0.0415257468,0.0411,0.0402265911,0.0327,0.0321767317,0.0314,0.030877576,0.0436,0.0426762743,0.0423,0.0413771185,0.0556,0.0541093256,0.0543,0.0528101699,-0.1315,-0.1409876933,-0.1328,-0.142286849,-0.0275,-0.0278852035,-0.0288,-0.0291843592,-0.0015,-0.0015011261,-0.0028,-0.0028002819,-0.0045,-0.0045101555,-0.0058,-0.0058093112,-0.0036,-0.0036064956,-0.0049,-0.0049056513,-0.0025,-0.0025031302,-0.0038,-0.0038022859
2002-03-01,0.0013,0.0012991557,0.038,0.0372957847,0.0367,0.035996629,0.0689,0.0666300823,0.0676,0.0653309266,0.0493,0.0481232752,0.048,0.0468241195,0.0769,0.0740865434,0.0756,0.0727873876,0.065,0.0629747992,0.0637,0.0616756434,0.0036,0.0035935355,0.0023,0.0022943798,0.0209,0.0206845912,0.0196,0.0193854355,0.0054,0.0053854723,0.0041,0.0040863165,0.1029,0.0979430743,0.1016,0.0966439186,0.0524,0.0510732702,0.0511,0.0497741145
2002-04-01,0.0015,0.0014988761,0.0212,0.0209784064,0.0197,0.0194795303,0.0193,0.0191161172,0.0178,0.0176172411,-0.0151,-0.0152151658,-0.0166,-0.0167140419,-0.0455,-0.0465676358,-0.047,-0.0480665119,-0.119,-0.126697653,-0.1205,-0.1281965292,-0.1276,-0.1365072447,-0.1291,-0.1380061208,-0.0162,-0.0163326546,-0.0177,-0.0178315307,-0.0755,-0.0785022282,-0.077,-0.0800011043,-0.0042,-0.0042088448,-0.0057,-0.0057077209,-0.0275,-0.0278852035,-0.029,-0.0293840796
2002-05-01,0.0014,0.0013990209,0.0127,0.0126200314,0.0113,0.0112210104,-0.0043,-0.0043092716,-0.0057,-0.0057082925,-0.0026,-0.0026033859,-0.004,-0.0040024068,-0.0074,-0.0074275158,-0.0088,-0.0088265367,-0.0359,-0.0365602553,-0.0373,-0.0379592762,0.03,0.0295588022,0.0286,0.0281597813,-0.0144,-0.0145046862,-0.0158,-0.0159037071,-0.0228,-0.0230639396,-0.0242,-0.0244629605,-0.0692,-0.0717108476,-0.0706,-0.0731098685,-0.0053,-0.0053140948,-0.0067,-0.0067131157
2002-06-01,0.0013,0.0012991557,-0.0605,-0.0624074601,-0.0618,-0.0637066159,-0.0816,-0.0851222534,-0.0829,-0.0864214091,-0.0298,-0.0302530432,-0.0311,-0.0315521989,0.0001,9.9995e-05,-0.0012,-0.0011991607,-0.1215,-0.1295393714,-0.1228,-0.1308385271,-0.144,-0.1554849028,-0.1453,-0.1567840586,-0.051,-0.0523464804,-0.0523,-0.0536456361,-0.0953,-0.100151882,-0.0966,-0.1014510377,-0.0581,-0.0598561672,-0.0594,-0.0611553229,-0.0511,-0.05245186,-0.0524,-0.0537510157
2002-07-01,0.0015,0.0014988761,-0.0663,-0.0686000915,-0.0678,-0.0700989676,-0.1192,-0.1269246936,-0.1207,-0.1284235697,-0.0852,-0.0890498168,-0.0867,-0.090548693,-0.1183,-0.1259034169,-0.1198,-0.127402293,-0.097,-0.1020327256,-0.0985,-0.1035316017,-0.1167,-0.1240903852,-0.1182,-0.1255892614,-0.1143,-0.1213769862,-0.1158,-0.1228758623,-0.0276,-0.0279880365,-0.0291,-0.0294869127,-0.1219,-0.1299947966,-0.1234,-0.1314936727,-0.0637,-0.065819341,-0.0652,-0.0673182172
2002-08-01,0.0014,0.0013990209,0.0225,0.0222506089,0.0211,0.020851588,0.0062,0.0061808591,0.0048,0.0047818382,-0.0129,-0.0129839276,-0.0143,-0.0143829485,0.0063,0.006280238,0.0049,0.004881217,-0.0096,-0.0096463771,-0.011,-0.011045398,0.002,0.0019980027,0.0006,0.0005989817,0.0184,0.0182327683,0.017,0.0168337473,0.0065,0.0064789661,0.0051,0.0050799452,0.034,0.0334347761,0.0326,0.0320357552,0.0113,0.0112366319,0.0099,0.009837611
2002-09-01,0.0014,0.0013990209,-0.0773,-0.0804511244,-0.0787,-0.0818501453,-0.109,-0.1154108515,-0.1104,-0.1168098724,-0.0834,-0.0870841069,-0.0848,-0.0884831278,-0.0785,-0.0817525019,-0.0799,-0.0831515228,-0.166,-0.1815218766,-0.1674,-0.1829208975,-0.0985,-0.1036952363,-0.0999,-0.1050942573,-0.0944,-0.0991575715,-0.0958,-0.1005565924,-0.0589,-0.0607058751,-0.0603,-0.062104896,-0.1088,-0.1151864098,-0.1102,-0.1165854307,-0.106,-0.1120495038,-0.1074,-0.1134485247
2002-10-01,0.0014,0.0013990209,0.0506,0.0493614295,0.0492,0.0479624086,-0.0271,-0.027473977,-0.0285,-0.0288729979,0.0378,0.037103088,0.0364,0.035704067,0.0314,0.0309171026,0.03,0.0295180817,0.1937,0.1770577271,0.1923,0.1756587062,0.2194,0.1983589345,0.218,0.1969599136,0.0572,0.0556239037,0.0558,0.0542248828,0.0568,0.0552454742,0.0554,0.0538464533,-0.0061,-0.006118681,-0.0075,-0.0075177019,0.0638,0.0618474033,0.0624,0.0604483824
2002-11-01,0.0012,0.0011992806,-0.0109,-0.0109598402,-0.0121,-0.0121591208,0.1199,0.1132393956,0.1187,0.112040115,0.0625,0.0606246218,0.0613,0.0594253412,0.0302,0.0297529581,0.029,0.0285536776,0.1627,0.1507448867,0.1615,0.1495456061,0.1181,0.1116308162,0.1169,0.1104315356,0.019,0.0188217542,0.0178,0.0176224737,0.0378,0.037103088,0.0366,0.0359038074,0.0158,0.0156764794,0.0146,0.0144771988,0.042,0.0411419433,0.0408,0.0399426628
2002-12-01,0.0011,0.0010993954,-0.0023,-0.0023026491,-0.0034,-0.0034020445,-0.0652,-0.0674226763,-0.0663,-0.0685220718,-0.0381,-0.0388447838,-0.0392,-0.0399441793,0.0084,0.0083649163,0.0073,0.0072655209,-0.129,-0.1381133021,-0.1301,-0.1392126976,-0.0951,-0.0999308386,-0.0962,-0.1010302341,-0.0699,-0.0724631717,-0.071,-0.0735625672,-0.0409,-0.0417599342,-0.042,-0.0428593297,0.0383,0.0375847603,0.0372,0.0364853649,-0.0479,-0.0490852077,-0.049,-0.0501846031
2003-01-01,0.001,0.0009995003,-0.0393,-0.0400930936,-0.0403,-0.0410925939,-0.034,-0.0345914448,-0.035,-0.0355909451,-0.0407,-0.0415514272,-0.0417,-0.0425509275,-0.025,-0.025317808,-0.026,-0.0263173083,-0.0151,-0.0152151658,-0.0161,-0.0162146661,-0.0411,-0.0419684848,-0.0421,-0.0429679852,-0.0476,-0.0487701644,-0.0486,-0.0497696647,-0.006,-0.0060180723,-0.007,-0.0070175727,-0.0321,-0.0326265028,-0.0331,-0.0336260032,-0.0238,-0.0240877955,-0.0248,-0.0250872959
2003-02-01,0.0009,0.0008995952,-0.0288,-0.0292228587,-0.0297,-0.0301224539,-0.0479,-0.0490852077,-0.0488,-0.0499848029,-0.0227,-0.0229616116,-0.0236,-0.0238612069,0.0195,0.019312311,0.0186,0.0184127158,0.0116,0.0115332358,0.0107,0.0106336406,-0.0645,-0.0666741333,-0.0654,-0.0675737285,-0.0121,-0.0121738009,-0.013,-0.0130733962,-0.0196,-0.0197946273,-0.0205,-0.0206942226,-0.0398,-0.0406136829,-0.0407,-0.0415132781,-0.027,-0.0273711968,-0.0279,-0.028270792
2003-03-01,0.001,0.0009995003,-0.0262,-0.0265493352,-0.0272,-0.0275488356,-0.0257,-0.0260360146,-0.0267,-0.0270355149,0.0132,0.0131136391,0.0122,0.0121141388,0.015,0.0148886125,0.014,0.0138891122,-0.0097,-0.0097473515,-0.0107,-0.0107468518,-0.0043,-0.0043092716,-0.0053,-0.0053087719,0.0468,0.0457378917,0.0458,0.0447383913,0.0373,0.0366211835,0.0363,0.0356216831,0.0431,0.0421970487,0.0421,0.0411975484,0.0104,0.0103462921,0.0094,0.0093467917
2003-04-01,0.001,0.0009995003,0.0438,0.0428679002,0.0428,0.0418683999,0.1505,0.1401966305,0.1495,0.1391971302,0.063,0.0610950994,0.062,0.060095599,-0.0047,-0.0047110797,-0.0057,-0.0057105801,0.0918,0.0878277104,0.0908,0.08682821,0.1126,0.1066996187,0.1116,0.1057001183,0.0897,0.085902429,0.0887,0.0849029287,0.0427,0.0418135028,0.0417,0.0408140025,0.0723,0.0698058742,0.0713,0.0688063739,0.1164,0.1101092227,0.1154,0.1091097223
2003-05-01,0.0009,0.0008995952,0.0954,0.0911195934,0.0945,0.0902199981,0.0286,0.0281986544,0.0277,0.0272990591,0.0466,0.045546815,0.0457,0.0446472197,0.0866,0.0830535551,0.0857,0.0821539599,0.098,0.0934903431,0.0971,0.0925907478,0.0632,0.0612832284,0.0623,0.0603836332,0.0348,0.0342081713,0.0339,0.0333085761,0.0394,0.0386436236,0.0385,0.0377440283,0.1016,0.0967636684,0.1007,0.0958640732,0.0523,0.0509782448,0.0514,0.0500786495
2003-06-01,0.001,0.0009995003,0.0166,0.016463726,0.0156,0.0154642257,0.0242,0.02391182,0.0232,0.0229123197,0.0054,0.0053854723,0.0044,0.0043859719,-0.0096,-0.0096463771,-0.0106,-0.0106458774,0.0035,0.0034938893,0.0025,0.0024943889,0.0209,0.0206845912,0.0199,0.0196850909,0.0344,0.0338215485,0.0334,0.0328220481,0.0416,0.0407579925,0.0406,0.0397584921,0.0106,0.0105442139,0.0096,0.0095447135,0.0091,0.0090588445,0.0081,0.0080593442
2003-07-01,0.0007,0.0006997551,-0.0169,-0.0170444346,-0.0176,-0.0177441897,0.0667,0.0645697706,0.066,0.0638700155,0.0497,0.0485044091,0.049,0.0478046539,-0.0262,-0.0265493352,-0.0269,-0.0272490903,0.056,0.0544881853,0.0553,0.0537884302,-0.0171,-0.0172478934,-0.0178,-0.0179476485,0.0329,0.03237038,0.0322,0.0316706249,0.0048,0.0047885167,0.0041,0.0040887616,-0.0543,-0.055829885,-0.055,-0.0565296401,0.0361,0.0354636643,0.0354,0.0347639092
2003-08-01,0.0007,0.0006997551,0.0029,0.0028958031,0.0022,0.002196048,0.0803,0.0772387803,0.0796,0.0765390252,0.0409,0.0400857235,0.0402,0.0393859684,0.0619,0.0600597564,0.0612,0.0593600013,0.0606,0.0588347857,0.0599,0.0581350306,0.0126,0.0125212806,0.0119,0.0118215254,0.0673,0.0651320949,0.0666,0.0644323398,-0.0282,-0.028605257,-0.0289,-0.0293050121,0.0192,0.0190180058,0.0185,0.0183182507,0.0062,0.0061808591,0.0055,0.005481104
2003-09-01,0.0008,0.0007996802,0.0114,0.0113355097,0.0106,0.0105358295,-0.0421,-0.0430118906,-0.0429,-0.0438115708,-0.0374,-0.0381173221,-0.0382,-0.0389170023,-0.0218,-0.0220411309,-0.0226,-0.022840811,-0.0093,-0.009343515,-0.0101,-0.0101431952,-0.0552,-0.0567820141,-0.056,-0.0575816943,-0.0454,-0.0464628744,-0.0462,-0.0472625546,0.003,0.002995509,0.0022,0.0021958288,0.0384,0.037681067,0.0376,0.0368813868,0.0026,0.0025966258,0.0018,0.0017969457
2003-10-01,0.0007,0.0006997551,0.0593,0.0576083126,0.0586,0.0569085575,0.0731,0.070551656,0.0724,0.0698519008,0.0889,0.0851680124,0.0882,0.0844682573,0.0165,0.0163653541,0.0158,0.015665599,0.0828,0.0795502788,0.0821,0.0788505236,0.0683,0.0660686,0.0676,0.0653688449,0.0903,0.0864528877,0.0896,0.0857531326,0.0087,0.0086623731,0.008,0.007962618,0.0151,0.0149871298,0.0144,0.0142873747,0.0634,0.0614713221,0.0627,0.060771567
2003-11-01,0.0007,0.0006997551,0.0359,0.0352706141,0.0352,0.034570859,0.0307,0.0302381831,0.03,0.0295384279,0.0208,0.0205866336,0.0201,0.0198868785,0.0065,0.0064789661,0.0058,0.005779211,0.0186,0.0184291355,0.0179,0.0177293804,-0.0063,-0.0063199287,-0.007,-0.0070196839,0.0056,0.0055843783,0.0049,0.0048846232,0.0182,0.0180363625,0.0175,0.0173366074,0.0095,0.0094551588,0.0088,0.0087554037,0.0115,0.0114343776,0.0108,0.0107346225
2003-12-01,0.0008,0.0007996802,0.0344,0.0338215485,0.0336,0.0330218683,0.119,0.1124354293,0.1182,0.1116357492,0.0673,0.0651320949,0.0665,0.0643324148,0.136,0.1275133203,0.1352,0.1267136401,0.0215,0.0212721353,0.0207,0.0204724551,0.0757,0.0729716125,0.0749,0.0721719323,-0.0213,-0.0215301186,-0.0221,-0.0223297987,0.0564,0.0548669014,0.0556,0.0540672213,0.0586,0.0569472804,0.0578,0.0561476003,0.0428,0.0419094031,0.042,0.0411097229
2004-01-01,0.0007,0.0006997551,0.0006,0.0005998201,-0.0001,-9.9935e-05,-0.0076,-0.0076290272,-0.0083,-0.0083287823,-0.007,-0.0070246149,-0.0077,-0.0077243701,0.0023,0.002297359,0.0016,0.0015976039,0.0451,0.0441125746,0.0444,0.0434128195,0.0165,0.0163653541,0.0158,0.015665599,0.0045,0.0044899053,0.0038,0.0037901502,0.031,0.030529205,0.0303,0.0298294499,0.0191,0.0189198849,0.0184,0.0182201297,0.0289,0.0284902704,0.0282,0.0277905153
2004-02-01,0.0006,0.0005998201,0.0426,0.0417175934,0.042,0.0411177733,0.0,0.0,-0.0006,-0.0005998201,0.0197,0.0195084664,0.0191,0.0189086463,0.0454,0.0443995873,0.0448,0.0437997672,-0.0291,-0.0295318026,-0.0297,-0.0301316227,-0.0042,-0.0042088448,-0.0048,-0.0048086648,0.061,0.0592118596,0.0604,0.0586120396,0.0089,0.0088606284,0.0083,0.0082608084,0.0211,0.0208804776,0.0205,0.0202806575,0.0213,0.0210763256,0.0207,0.0204765055
2004-03-01,0.0009,0.0008995952,-0.0009,-0.0009004052,-0.0018,-0.0018000005,-0.0136,-0.0136933271,-0.0145,-0.0145929224,-0.0028,-0.0028039273,-0.0037,-0.0037035226,0.0002,0.00019998,-0.0007,-0.0006996152,-0.0251,-0.0254203773,-0.026,-0.0263199726,-0.0203,-0.0205088766,-0.0212,-0.0214084719,0.0028,0.0027960873,0.0019,0.0018964921,-0.0391,-0.0398849337,-0.04,-0.0407845289,0.0114,0.0113355097,0.0105,0.0104359144,-0.0066,-0.0066218763,-0.0075,-0.0075214716
2004-04-01,0.0008,0.0007996802,0.0141,0.0140015196,0.0133,0.0132018395,0.0246,0.0243022925,0.0238,0.0235026124,-0.0017,-0.0017014466,-0.0025,-0.0025011268,0.0266,0.0262523711,0.0258,0.025452691,-0.0489,-0.0501360695,-0.0497,-0.0509357497,-0.0043,-0.0043092716,-0.0051,-0.0051089518,-0.0272,-0.0275767678,-0.028,-0.0283764479,0.0351,0.0344980404,0.0343,0.0336983602,-0.0357,-0.0363528295,-0.0365,-0.0371525096,-0.037,-0.0377018672,-0.0378,-0.0385015474
2004-05-01,0.0006,0.0005998201,-0.0191,-0.0192847614,-0.0197,-0.0198845815,-0.0164,-0.0165359686,-0.017,-0.0171357887,0.0167,0.0165620883,0.0161,0.0159622682,0.0055,0.0054849302,0.0049,0.0048851102,0.0483,0.0471698045,0.0477,0.0465699844,-0.0296,-0.0300469214,-0.0302,-0.0306467414,0.003,0.002995509,0.0024,0.0023956889,-0.0042,-0.0042088448,-0.0048,-0.0048086648,0.0126,0.0125212806,0.012,0.0119214605,0.0172,0.0170537546,0.0166,0.0164539345
2004-06-01,0.0008,0.0007996802,0.0167,0.0165620883,0.0159,0.0157624081,0.0534,0.0520230281,0.0526,0.0512233479,0.053,0.0516432332,0.0522,0.050843553,0.0546,0.0531615481,0.0538,0.0523618679,0.0267,0.0263497753,0.0259,0.0255500952,0.008,0.0079681696,0.0072,0.0071684895,0.0003,0.000299955,-0.0005,-0.0004997252,-0.005,-0.0050125418,-0.0058,-0.005812222,0.0203,0.0200967017,0.0195,0.0192970215,0.0131,0.0130149371,0.0123,0.0122152569
2004-07-01,0.001,0.0009995003,-0.0597,-0.0615563057,-0.0607,-0.062555806,-0.0464,-0.0475109827,-0.0474,-0.048510483,-0.0406,-0.0414471899,-0.0416,-0.0424466902,0.0332,0.0326607822,0.0322,0.0316612819,-0.0851,-0.0889405093,-0.0861,-0.0899400096,-0.01,-0.0100503359,-0.011,-0.0110498362,-0.0403,-0.0411345434,-0.0413,-0.0421340437,-0.0593,-0.061131,-0.0603,-0.0621305003,0.0106,0.0105442139,0.0096,0.0095447135,-0.0234,-0.0236781274,-0.0244,-0.0246776277
2004-08-01,0.0011,0.0010993954,0.0079,0.0078689584,0.0068,0.0067695629,-0.0223,-0.0225524045,-0.0234,-0.0236517999,0.0134,0.0133110141,0.0123,0.0122116186,-0.0138,-0.0138961052,-0.0149,-0.0149955006,-0.0451,-0.046148656,-0.0462,-0.0472480515,0.0117,0.0116320842,0.0106,0.0105326888,-0.012,-0.0120725812,-0.0131,-0.0131719767,0.0164,0.0162669725,0.0153,0.015167577,0.0367,0.0360425913,0.0356,0.0349431959,0.0188,0.0186254641,0.0177,0.0175260687
2004-09-01,0.0011,0.0010993954,-0.0202,-0.0204068098,-0.0213,-0.0215062052,0.023,0.022739487,0.0219,0.0216400915,0.0194,0.0192142189,0.0183,0.0181148235,0.0882,0.0845249551,0.0871,0.0834255596,0.0346,0.0340148786,0.0335,0.0329154831,0.0133,0.0132123315,0.0122,0.012112936,0.0261,0.0257652079,0.025,0.0246658124,-0.0141,-0.0142003494,-0.0152,-0.0152997448,0.0138,0.0137056471,0.0127,0.0126062516,0.011,0.01093994,0.0099,0.0098405446
2004-10-01,0.0011,0.0010993954,0.0284,0.0280041964,0.0273,0.026904801,-0.03,-0.0304592075,-0.0311,-0.0315586029,-0.0145,-0.0146061524,-0.0156,-0.0157055478,0.0064,0.006379607,0.0053,0.0052802115,0.0514,0.0501226094,0.0503,0.049023214,0.0331,0.0325639909,0.032,0.0314645954,0.0306,0.0301411569,0.0295,0.0290417615,-0.0243,-0.0246001169,-0.0254,-0.0256995123,0.0424,0.0415257468,0.0413,0.0404263514,0.0109,0.0108410232,0.0098,0.0097416277
2004-11-01,0.0015,0.0014988761,0.0461,0.0450689634,0.0446,0.0435700872,0.0727,0.0701788346,0.0712,0.0686799585,0.0723,0.0698058742,0.0708,0.0683069981,0.0658,0.0637256909,0.0643,0.0622268148,0.0573,0.0557184888,0.0558,0.0542196126,0.0363,0.0356566772,0.0348,0.0341578011,0.0367,0.0360425913,0.0352,0.0345437152,0.0067,0.0066776548,0.0052,0.0051787786,0.0489,0.047741996,0.0474,0.0462431199,0.0469,0.0458334163,0.0454,0.0443345402
2004-12-01,0.0016,0.0015987214,0.0477,0.0465972854,0.0461,0.044998564,0.0488,0.0476466535,0.0472,0.0460479321,0.0252,0.0248877155,0.0236,0.0232889941,-0.0231,-0.0233709863,-0.0247,-0.0249697077,0.0309,0.0304322071,0.0293,0.0288334858,0.0418,0.0409499863,0.0402,0.039351265,0.035,0.0344014267,0.0334,0.0328027054,0.0566,0.0550562057,0.055,0.0534574844,0.0248,0.0244974716,0.0232,0.0228987502,0.0441,0.0431552703,0.0425,0.041556549
2005-01-01,0.0016,0.0015987214,0.0023,0.002297359,0.0007,0.0006986377,-0.0702,-0.0727857697,-0.0718,-0.0743844911,-0.0176,-0.0177567216,-0.0192,-0.019355443,0.0303,0.029850022,0.0287,0.0282513006,-0.0632,-0.0652854667,-0.0648,-0.0668841881,-0.0424,-0.0433251247,-0.044,-0.0449238461,-0.0103,-0.0103534121,-0.0119,-0.0119521334,-0.0408,-0.0416556753,-0.0424,-0.0432543966,0.0176,0.0174469136,0.016,0.0158481922,-0.0217,-0.0219389075,-0.0233,-0.0235376289
2005-02-01,0.0016,0.0015987214,0.0073,0.007273484,0.0057,0.0056747626,-0.0025,-0.0025031302,-0.0041,-0.0041018516,0.0407,0.0398935637,0.0391,0.0382948423,0.1945,0.1777276878,0.1929,0.1761289664,0.0003,0.000299955,-0.0013,-0.0012987664,-0.0044,-0.0044097085,-0.006,-0.0060084299,0.0063,0.006280238,0.0047,0.0046815166,0.0244,0.0241070753,0.0228,0.022508354,0.0236,0.0233258253,0.022,0.0217271039,0.0015,0.0014988761,-0.0001,-9.98452e-05
2005-03-01,0.0021,0.0020977981,-0.0085,-0.008536331,-0.0106,-0.0106341291,-0.08,-0.0833816089,-0.0821,-0.085479407,-0.0139,-0.0139975096,-0.016,-0.0160953077,-0.0344,-0.0350056092,-0.0365,-0.0371034073,-0.0254,-0.0257281486,-0.0275,-0.0278259467,-0.0004,-0.00040008,-0.0025,-0.0024978781,0.0022,0.0021975835,0.0001,9.97855e-05,-0.0048,-0.004811557,-0.0069,-0.0069093551,0.0061,0.0060814703,0.004,0.0039836722,-0.0236,-0.0238829405,-0.0257,-0.0259807385
2005-04-01,0.0021,0.0020977981,-0.0096,-0.0096463771,-0.0117,-0.0117441751,-0.1105,-0.1170957719,-0.1126,-0.11919357,-0.0468,-0.0479305338,-0.0489,-0.0500283318,-0.0561,-0.0577350507,-0.0582,-0.0598328487,-0.0451,-0.046148656,-0.0472,-0.0482464541,-0.02,-0.0202027073,-0.0221,-0.0223005054,-0.0528,-0.0542450149,-0.0549,-0.0563428129,0.0395,0.0387398283,0.0374,0.0366420302,0.0213,0.0210763256,0.0192,0.0189785275,-0.0159,-0.0160277611,-0.018,-0.0181255592
2005-05-01,0.0024,0.0023971246,0.0233,0.0230326991,0.0209,0.0206355745,0.0881,0.084433056,0.0857,0.0820359314,0.0291,0.0286846339,0.0267,0.0262875093,0.021,0.0207825392,0.0186,0.0183854146,0.0821,0.0789035976,0.0797,0.076506473,0.015,0.0148886125,0.0126,0.0124914879,0.0643,0.0623173061,0.0619,0.0599201815,0.0148,0.0146915487,0.0124,0.0122944241,0.0166,0.016463726,0.0142,0.0140666014,0.0324,0.0318861889,0.03,0.0294890643
2005-06-01,0.0023,0.002297359,-0.0167,-0.0168410172,-0.019,-0.0191383762,0.021,0.0207825392,0.0187,0.0184851801,-0.0116,-0.0116678049,-0.0139,-0.0139651639,0.0576,0.0560021901,0.0553,0.0537048311,-0.0164,-0.0165359686,-0.0187,-0.0188333277,0.0019,0.0018981973,-0.0004,-0.0003991618,0.0244,0.0241070753,0.0221,0.0218097163,-0.0058,-0.0058168853,-0.0081,-0.0081142444,0.0556,0.0541093256,0.0533,0.0518119666,0.0142,0.0141001244,0.0119,0.0118027653
2005-07-01,0.0024,0.0023971246,0.0271,0.0267392972,0.0247,0.0243421726,0.0542,0.0527821854,0.0518,0.0503850608,0.0583,0.0566638471,0.0559,0.0542667225,0.0589,0.0572306335,0.0565,0.0548335089,0.0613,0.0594945718,0.0589,0.0570974472,0.0313,0.0308201423,0.0289,0.0284230177,0.0583,0.0566638471,0.0559,0.0542667225,0.0372,0.0365247747,0.0348,0.0341276501,0.0298,0.0293646086,0.0274,0.026967484,0.0241,0.0238141781,0.0217,0.0214170535
2005-08-01,0.003,0.002995509,0.0008,0.0007996802,-0.0022,-0.0021958288,-0.0287,-0.0291198986,-0.0317,-0.0321154076,-0.0136,-0.0136933271,-0.0166,-0.0166888361,0.0581,0.0564748469,0.0551,0.0534793379,-0.0038,-0.0038072383,-0.0068,-0.0068027473,-0.012,-0.0120725812,-0.015,-0.0150680902,-0.056,-0.0576291128,-0.059,-0.0606246218,-0.0031,-0.003104815,-0.0061,-0.0061003239,0.0125,0.01242252,0.0095,0.009427011,-0.0167,-0.0168410172,-0.0197,-0.0198365262
2005-09-01,0.0029,0.0028958031,0.0037,0.0036931718,0.0008,0.0007973687,-0.0434,-0.0443699477,-0.0463,-0.0472657508,0.0084,0.0083649163,0.0055,0.0054691132,0.0726,0.0700856076,0.0697,0.0671898045,0.0067,0.0066776548,0.0038,0.0037818516,-0.0147,-0.0148091157,-0.0176,-0.0177049188,-0.018,-0.0181639706,-0.0209,-0.0210597737,-0.0193,-0.0194886766,-0.0222,-0.0223844797,0.0438,0.0428679002,0.0409,0.0399720971,0.0122,0.0121261798,0.0093,0.0092303767
2005-10-01,0.0027,0.0026963615,-0.015,-0.0151136378,-0.0177,-0.0178099994,-0.0521,-0.0535062675,-0.0548,-0.0562026291,-0.0239,-0.0241902388,-0.0266,-0.0268866003,-0.1016,-0.1071398756,-0.1043,-0.1098362371,-0.0178,-0.0179603254,-0.0205,-0.0206566869,-0.0303,-0.0307685337,-0.033,-0.0334648952,0.0154,0.0152826235,0.0127,0.012586262,-0.0326,-0.0331432186,-0.0353,-0.0358395801,-0.0685,-0.0709590889,-0.0712,-0.0736554505,0.0124,0.0123237497,0.0097,0.0096273881
2005-11-01,0.0031,0.0030952049,0.0099,0.0098513161,0.0068,0.0067561111,0.0221,0.0218593344,0.019,0.0187641294,0.0531,0.0517381954,0.05,0.0486429905,0.0101,0.0100493359,0.007,0.0069541309,0.0645,0.0625052054,0.0614,0.0594100004,0.0264,0.0260575343,0.0233,0.0229623294,0.0394,0.0386436236,0.0363,0.0355484187,0.0159,0.0157749191,0.0128,0.0126797142,-0.0022,-0.0022024236,-0.0053,-0.0052976285,0.0491,0.0479326538,0.046,0.0448374488
2005-12-01,0.0032,0.0031948909,-0.0007,-0.0007002451,-0.0039,-0.003895136,-0.0065,-0.006521217,-0.0097,-0.0097161079,0.0144,0.0142973047,0.0112,0.0111024138,0.0044,0.0043903483,0.0012,0.0011954574,-0.0191,-0.0192847614,-0.0223,-0.0224796523,-0.0173,-0.0174513936,-0.0205,-0.0206462845,-0.0059,-0.0059174738,-0.0091,-0.0091123647,0.024,0.0237165266,0.0208,0.0205216357,0.0124,0.0123237497,0.0092,0.0091288588,0.0019,0.0018981973,-0.0013,-0.0012966936
2006-01-01,0.0035,0.0034938893,0.001,0.0009995003,-0.0025,-0.0024943889,0.0579,0.056285811,0.0544,0.0527919218,0.0517,0.0504079025,0.0482,0.0469140133,0.1254,0.118138528,0.1219,0.1146446388,0.0406,0.0397974699,0.0371,0.0363035806,0.0386,0.0378736524,0.0351,0.0343797632,0.0201,0.0199006617,0.0166,0.0164067725,0.0219,0.0216636396,0.0184,0.0181697504,0.0303,0.029850022,0.0268,0.0263561327,0.0158,0.0156764794,0.0123,0.0121825901
2006-02-01,0.0034,0.0033942331,0.0115,0.0114343776,0.0081,0.0080401446,-0.0038,-0.0038072383,-0.0072,-0.0072014714,0.0102,0.0101483311,0.0068,0.006754098,-0.0814,-0.0849045071,-0.0848,-0.0882987402,-0.0099,-0.0099493309,-0.0133,-0.0133435639,0.033,0.0324671901,0.0296,0.0290729571,0.014,0.0139029052,0.0106,0.0105086721,0.0105,0.0104452579,0.0071,0.0070510248,0.0023,0.002297359,-0.0011,-0.001096874,0.0099,0.0098513161,0.0065,0.006457083
2006-03-01,0.0037,0.0036931718,0.0124,0.0123237497,0.0087,0.0086305779,0.0266,0.0262523711,0.0229,0.0225591993,0.0301,0.0296558849,0.0264,0.0259627131,0.04,0.0392207132,0.0363,0.0355275413,0.0288,0.0283930745,0.0251,0.0246999027,0.018,0.0178399181,0.0143,0.0141467463,0.0243,0.0240094525,0.0206,0.0203162806,-0.0101,-0.0101513511,-0.0138,-0.0138445229,-0.0365,-0.0371827911,-0.0402,-0.040875963,0.0187,0.0185273046,0.015,0.0148341328
2006-04-01,0.0036,0.0035935355,0.0105,0.0104452579,0.0069,0.0068517224,0.0028,0.0027960873,-0.0008,-0.0007974482,0.0408,0.0399896482,0.0372,0.0363961127,0.0452,0.0442082547,0.0416,0.0406147192,-0.0114,-0.0114654781,-0.015,-0.0150590136,0.0147,0.0145930023,0.0111,0.0109994668,-0.0158,-0.0159261506,-0.0194,-0.0195196861,-0.0186,-0.0187751553,-0.0222,-0.0223686908,0.0182,0.0180363625,0.0146,0.014442827,0.0215,0.0212721353,0.0179,0.0176785998
2006-05-01,0.0043,0.0042907814,0.0106,0.0105442139,0.0063,0.0062534325,0.0063,0.006280238,0.002,0.0019894565,-0.0335,-0.0340739803,-0.0378,-0.0383647618,-0.0346,-0.0352127558,-0.0389,-0.0395035372,-0.069,-0.0714960017,-0.0733,-0.0757867831,0.0,0.0,-0.0043,-0.0042907814,-0.0187,-0.0188770558,-0.023,-0.0231678372,-0.022,-0.0222456089,-0.0263,-0.0265363904,0.0151,0.0149871298,0.0108,0.0106963484,-0.0309,-0.0313874732,-0.0352,-0.0356782547
2006-06-01,0.004,0.0039920213,0.003,0.002995509,-0.001,-0.0009965123,0.0187,0.0185273046,0.0147,0.0145352833,-0.005,-0.0050125418,-0.009,-0.0090045631,0.0273,0.0269340012,0.0233,0.02294198,-0.0143,-0.0144032303,-0.0183,-0.0183952516,0.0295,0.0290732475,0.0255,0.0250812262,0.0029,0.0028958031,-0.0011,-0.0010962182,-0.0011,-0.0011006054,-0.0051,-0.0050926267,0.0242,0.02391182,0.0202,0.0199197988,-0.0035,-0.0035061393,-0.0075,-0.0074981606
2006-07-01,0.004,0.0039920213,0.0355,0.0348844019,0.0315,0.0308923806,-0.0301,-0.0305623056,-0.0341,-0.0345543269,-0.0365,-0.0371827911,-0.0405,-0.0411748124,0.0507,0.0494566087,0.0467,0.0454645874,-0.0378,-0.0385329497,-0.0418,-0.042524971,0.0244,0.0241070753,0.0204,0.0201150541,-0.0429,-0.0438473998,-0.0469,-0.047839421,0.0412,0.0403738941,0.0372,0.0363818729,0.0483,0.0471698045,0.0443,0.0431777832,-0.0091,-0.0091416579,-0.0131,-0.0131336792
2006-08-01,0.0042,0.0041912046,0.0306,0.0301411569,0.0264,0.0259499523,0.0237,0.0234235149,0.0195,0.0192323103,0.0205,0.0202927033,0.0163,0.0161014986,-0.0324,-0.0329365002,-0.0366,-0.0371277049,0.0741,0.0714831016,0.0699,0.067291897,0.0228,0.0225439644,0.0186,0.0183527598,0.0222,0.0219571674,0.018,0.0177659627,0.0233,0.0230326991,0.0191,0.0188414945,0.0228,0.0225439644,0.0186,0.0183527598,0.0173,0.0171520588,0.0131,0.0129608542
2006-09-01,0.0041,0.0040916179,-0.0065,-0.006521217,-0.0106,-0.0106128349,0.0422,0.0413338635,0.0381,0.0372422456,0.0189,0.018723614,0.0148,0.0146319961,-0.0381,-0.0388447838,-0.0422,-0.0429364017,0.0357,0.0350775266,0.0316,0.0309859087,0.0366,0.0359461268,0.0325,0.0318545089,0.0569,0.055340095,0.0528,0.0512484771,0.0153,0.0151841353,0.0112,0.0110925174,-0.0212,-0.0214279474,-0.0253,-0.0255195653,0.0324,0.0318861889,0.0283,0.027794571
2006-10-01,0.0041,0.0040916179,0.0281,0.0277124386,0.024,0.0236208207,0.0496,0.0484091392,0.0455,0.0443175213,0.0442,0.043251042,0.0401,0.0391594241,0.052,0.0506931143,0.0479,0.0466014964,0.0404,0.0396052546,0.0363,0.0355136367,0.052,0.0506931143,0.0479,0.0466014964,0.0392,0.0384511864,0.0351,0.0343595685,0.017,0.0168571171,0.0129,0.0127654992,0.0536,0.0522128714,0.0495,0.0481212535,0.0295,0.0290732475,0.0254,0.0249816296
2006-11-01,0.0042,0.0041912046,0.0145,0.0143958803,0.0103,0.0102046757,0.018,0.0178399181,0.0138,0.0136487135,0.0354,0.0347878255,0.0312,0.0305966209,0.0859,0.0824091362,0.0817,0.0782179316,0.0302,0.0297529581,0.026,0.0255617535,0.0063,0.006280238,0.0021,0.0020890333,-0.0123,-0.0123762711,-0.0165,-0.0165674757,0.0007,0.0006997551,-0.0035,-0.0034914495,0.0306,0.0301411569,0.0264,0.0259499523,0.016,0.0158733492,0.0118,0.0116821445
2006-12-01,0.004,0.0039920213,0.0202,0.0199986865,0.0162,0.0160066652,-0.0081,-0.0081329832,-0.0121,-0.0121250045,0.005,0.0049875415,0.001,0.0009955202,-0.0193,-0.0194886766,-0.0233,-0.0234806979,-0.0097,-0.0097473515,-0.0137,-0.0137393727,0.0433,0.0423887665,0.0393,0.0383967452,0.0146,0.0144944462,0.0106,0.0105024249,0.0013,0.0012991557,-0.0027,-0.0026928655,0.0073,0.007273484,0.0033,0.0032814627,0.0321,0.0315955616,0.0281,0.0276035403
2007-01-01,0.0044,0.0043903483,0.0154,0.0152826235,0.011,0.0108922752,0.0291,0.0286846339,0.0247,0.0242942856,0.0316,0.031110995,0.0272,0.0267206467,-0.0133,-0.0133892371,-0.0177,-0.0177795854,0.0199,0.0197045833,0.0155,0.015314235,0.0273,0.0269340012,0.0229,0.0225436529,0.0364,0.0357531697,0.032,0.0313628214,0.0351,0.0344980404,0.0307,0.0301076921,0.0048,0.0047885167,0.0004,0.0003981684,0.0105,0.0104452579,0.0061,0.0060549096
2007-02-01,0.0038,0.0037927982,-0.0149,-0.0150121201,-0.0187,-0.0188049184,-0.004,-0.0040080214,-0.0078,-0.0078008196,0.0071,0.0070749137,0.0033,0.0032821154,-0.0212,-0.0214279474,-0.025,-0.0252207457,-0.0235,-0.0237805287,-0.0273,-0.0275733269,-0.0278,-0.0281937344,-0.0316,-0.0319865326,-0.0068,-0.0068232253,-0.0106,-0.0106160236,-0.0285,-0.0289140102,-0.0323,-0.0327068084,0.0416,0.0407579925,0.0378,0.0369651942,-0.0229,-0.023166278,-0.0267,-0.0269590763
2007-03-01,0.0043,0.0042907814,0.0265,0.0261549575,0.0222,0.0218641761,-0.011,-0.0110609474,-0.0153,-0.0153517288,0.0164,0.0162669725,0.0121,0.011976191,0.059,0.0573250666,0.0547,0.0530342852,0.0087,0.0086623731,0.0044,0.0043715917,0.0231,0.0228372339,0.0188,0.0185464525,0.008,0.0079681696,0.0037,0.0036773882,-0.0025,-0.0025031302,-0.0068,-0.0067939116,0.0433,0.0423887665,0.039,0.0380979851,-0.0026,-0.0026033859,-0.0069,-0.0068941673
2007-04-01,0.0044,0.0043903483,0.0362,0.0355601754,0.0318,0.0311698271,0.0621,0.0602480803,0.0577,0.055857732,0.0441,0.0431552703,0.0397,0.038764922,0.0513,0.0500274936,0.0469,0.0456371453,0.0485,0.0473605714,0.0441,0.0429702231,0.0174,0.0172503534,0.013,0.0128600051,0.0228,0.0225439644,0.0184,0.0181536161,0.0678,0.0656004571,0.0634,0.0612101088,0.0392,0.0384511864,0.0348,0.0340608381,0.033,0.0324671901,0.0286,0.0280768418
2007-05-01,0.0041,0.0040916179,0.0288,0.0283930745,0.0247,0.0243014566,0.0317,0.0312079271,0.0276,0.0271163092,0.0477,0.0465972854,0.0436,0.0425056675,0.0715,0.0690595359,0.0674,0.064967918,0.0392,0.0384511864,0.0351,0.0343595685,0.0731,0.070551656,0.069,0.066460038,0.0236,0.0233258253,0.0195,0.0192342074,0.0114,0.0113355097,0.0073,0.0072438918,0.0119,0.0118297518,0.0078,0.0077381339,0.0317,0.0312079271,0.0276,0.0271163092
2007-06-01,0.004,0.0039920213,-0.0106,-0.0106565802,-0.0146,-0.0146486015,0.0188,0.0186254641,0.0148,0.0146334429,-0.0068,-0.0068232253,-0.0108,-0.0108152466,0.0086,0.0085632307,0.0046,0.0045712094,0.0053,0.0052860044,0.0013,0.0012939832,-0.018,-0.0181639706,-0.022,-0.0221559919,-0.0197,-0.0198966317,-0.0237,-0.023888653,-0.0337,-0.034280934,-0.0377,-0.0382729552,-0.0482,-0.0494003503,-0.0522,-0.0533923716,-0.0277,-0.0280908802,-0.0317,-0.0320829014
2007-07-01,0.004,0.0039920213,-0.0415,-0.0423857165,-0.0455,-0.0463777378,-0.058,-0.0597500044,-0.062,-0.0637420257,-0.0002,-0.00020002,-0.0042,-0.0041920413,-0.011,-0.0110609474,-0.015,-0.0150529686,-0.0106,-0.0106565802,-0.0146,-0.0146486015,-0.0311,-0.0315938716,-0.0351,-0.0355858929,-0.0532,-0.0546674013,-0.0572,-0.0586594226,-0.0403,-0.0411345434,-0.0443,-0.0451265646,-0.0373,-0.0380134422,-0.0413,-0.0420054635,-0.0529,-0.0543505948,-0.0569,-0.058342616
2007-08-01,0.0042,0.0041912046,0.0182,0.0180363625,0.014,0.0138451579,-0.0179,-0.0180621428,-0.0221,-0.0222533474,0.0068,0.0067769843,0.0026,0.0025857797,0.0023,0.002297359,-0.0019,-0.0018938456,0.0289,0.0284902704,0.0247,0.0242990658,-0.0086,-0.0086371934,-0.0128,-0.012828398,0.0153,0.0151841353,0.0111,0.0109929307,0.0232,0.0229349713,0.019,0.0187437667,0.0184,0.0182327683,0.0142,0.0140415636,0.0118,0.0117309229,0.0076,0.0075397183
2007-09-01,0.0032,0.0031948909,0.04,0.0392207132,0.0368,0.0360258223,0.0172,0.0170537546,0.014,0.0138588637,0.0543,0.0528770396,0.0511,0.0496821487,0.0784,0.0754784612,0.0752,0.0722835703,0.0417,0.040853994,0.0385,0.0376591031,0.0205,0.0202927033,0.0173,0.0170978124,-0.0065,-0.006521217,-0.0097,-0.0097161079,0.0354,0.0347878255,0.0322,0.0315929346,0.0348,0.0342081713,0.0316,0.0310132804,0.0263,0.0259601017,0.0231,0.0227652108
2007-10-01,0.0032,0.0031948909,0.0218,0.0215657779,0.0186,0.018370887,0.0095,0.0094551588,0.0063,0.0062602679,0.0097,0.009653257,0.0065,0.0064583661,0.0279,0.027517886,0.0247,0.0243229951,0.0679,0.0656941032,0.0647,0.0624992123,-0.0218,-0.0220411309,-0.025,-0.0252360218,0.0117,0.0116320842,0.0085,0.0084371933,0.0141,0.0140015196,0.0109,0.0108066287,0.0656,0.0635380208,0.0624,0.0603431299,0.0024,0.0023971246,-0.0008,-0.0007977663
2007-11-01,0.0034,0.0033942331,0.0085,0.0084640784,0.0051,0.0050698453,-0.0896,-0.0938712156,-0.093,-0.0972654487,-0.0266,-0.0269601816,-0.03,-0.0303544147,-0.0434,-0.0443699477,-0.0468,-0.0477641808,-0.0751,-0.0780696554,-0.0785,-0.0814638885,-0.0625,-0.0645385211,-0.0659,-0.0679327542,-0.0373,-0.0380134422,-0.0407,-0.0414076753,0.0001,9.9995e-05,-0.0033,-0.0032942381,-0.0071,-0.0071253249,-0.0105,-0.010519558,-0.0598,-0.0616626604,-0.0632,-0.0650568935
2007-12-01,0.0027,0.0026963615,-0.0101,-0.0101513511,-0.0128,-0.0128477126,-0.0216,-0.0218366946,-0.0243,-0.0245330562,0.01,0.0099503309,0.0073,0.0072539693,0.077,0.0741793982,0.0743,0.0714830366,0.0146,0.0144944462,0.0119,0.0117980846,-0.0025,-0.0025031302,-0.0052,-0.0051994918,-0.0268,-0.0271656681,-0.0295,-0.0298620296,-0.0395,-0.0403012968,-0.0422,-0.0429976583,0.009,0.0089597414,0.0063,0.0062633798,-0.0349,-0.0355235561,-0.0376,-0.0382199176
2008-01-01,0.0021,0.0020977981,-0.0519,-0.0532952971,-0.054,-0.0553930951,-0.052,-0.0534007767,-0.0541,-0.0554985748,-0.0743,-0.0772050709,-0.0764,-0.079302869,-0.0911,-0.0955202019,-0.0932,-0.0976179999,-0.1235,-0.1318185746,-0.1256,-0.1339163727,-0.0778,-0.0809931592,-0.0799,-0.0830909573,-0.0047,-0.0047110797,-0.0068,-0.0068088778,-0.0461,-0.0471964348,-0.0482,-0.0492942329,-0.0693,-0.0718182878,-0.0714,-0.0739160859,-0.0204,-0.0206109539,-0.0225,-0.022708752
2008-02-01,0.0013,0.0012991557,-0.0013,-0.0013008457,-0.0026,-0.0026000015,-0.06,-0.0618754037,-0.0613,-0.0631745594,0.0074,0.0073727543,0.0061,0.0060735986,0.0694,0.0670977435,0.0681,0.0657985878,-0.0358,-0.036456537,-0.0371,-0.0377556927,-0.0385,-0.039260714,-0.0398,-0.0405598697,-0.0465,-0.0476158539,-0.0478,-0.0489150097,-0.0093,-0.009343515,-0.0106,-0.0106426707,-0.0303,-0.0307685337,-0.0316,-0.0320676894,-0.079,-0.0822952427,-0.0803,-0.0835943985
2008-03-01,0.0017,0.0016985566,0.0118,0.0117309229,0.0101,0.0100323662,-0.0414,-0.0422813923,-0.0431,-0.0439799489,-0.0015,-0.0015011261,-0.0032,-0.0031996828,-0.0289,-0.0293258294,-0.0306,-0.031024386,0.0067,0.0066776548,0.005,0.0049790981,-0.0005,-0.000500125,-0.0022,-0.0021986817,0.0185,0.0183309567,0.0168,0.0166324,-0.0177,-0.0178585183,-0.0194,-0.0195570749,0.0081,0.0080673711,0.0064,0.0063688144,-0.0194,-0.0195906498,-0.0211,-0.0212892064
2008-04-01,0.0018,0.0017983819,-0.0115,-0.0115666364,-0.0133,-0.0133650183,0.0656,0.0635380208,0.0638,0.0617396389,0.0507,0.0494566087,0.0489,0.0476582268,0.1063,0.1010211141,0.1045,0.0992227321,0.0644,0.0624112601,0.0626,0.0606128782,0.0462,0.045164552,0.0444,0.04336617,0.0501,0.0488853977,0.0483,0.0470870158,0.0043,0.0042907814,0.0025,0.0024923995,0.0639,0.0619414015,0.0621,0.0601430196,0.0347,0.0341115296,0.0329,0.0323131477
2008-05-01,0.0018,0.0017983819,0.0338,0.0332413338,0.032,0.0314429518,0.0133,0.0132123315,0.0115,0.0114139495,0.033,0.0324671901,0.0312,0.0306688082,0.0428,0.0419094031,0.041,0.0401110211,0.0565,0.0549615581,0.0547,0.0531631761,0.0479,0.0467881615,0.0461,0.0449897796,0.0119,0.0118297518,0.0101,0.0100313698,0.0162,0.0160701802,0.0144,0.0142717982,0.0359,0.0352706141,0.0341,0.0334722321,-0.0239,-0.0241902388,-0.0257,-0.0259886207
2008-06-01,0.0017,0.0016985566,-0.0734,-0.076233306,-0.0751,-0.0779318626,-0.195,-0.2169130016,-0.1967,-0.2186115582,-0.0919,-0.0964007743,-0.0936,-0.0980993309,0.0282,0.0278097006,0.0265,0.026111144,-0.0882,-0.0923346112,-0.0899,-0.0940331678,-0.1092,-0.1156353436,-0.1109,-0.1173339002,-0.0809,-0.0843603486,-0.0826,-0.0860589053,-0.0301,-0.0305623056,-0.0318,-0.0322608622,-0.0041,-0.004108428,-0.0058,-0.0058069847,-0.1476,-0.1596993788,-0.1493,-0.1613979354
2008-07-01,0.0015,0.0014988761,0.0226,0.0223484037,0.0211,0.0208495275,-0.0066,-0.0066218763,-0.0081,-0.0081207524,-0.0024,-0.0024028846,-0.0039,-0.0039017607,-0.1566,-0.1703139377,-0.1581,-0.1718128138,-0.0057,-0.005716307,-0.0072,-0.0072151831,-0.0309,-0.0313874732,-0.0324,-0.0328863494,0.0114,0.0113355097,0.0099,0.0098366335,0.0675,0.0653194661,0.066,0.06382059,-0.071,-0.0736465402,-0.0725,-0.0751454163,0.0439,0.0429636994,0.0424,0.0414648233
2008-08-01,0.0013,0.0012991557,0.0172,0.0170537546,0.0159,0.0157545988,0.0166,0.016463726,0.0153,0.0151645703,0.0142,0.0141001244,0.0129,0.0128009686,-0.0004,-0.00040008,-0.0017,-0.0016992358,0.024,0.0237165266,0.0227,0.0224173709,0.04,0.0392207132,0.0387,0.0379215574,0.0539,0.052497569,0.0526,0.0511984132,0.0177,0.0175451792,0.0164,0.0162460235,-0.0046,-0.0046106126,-0.0059,-0.0059097683,0.0067,0.0066776548,0.0054,0.005378499
2008-09-01,0.0015,0.0014988761,-0.0296,-0.0300469214,-0.0311,-0.0315457975,-0.0899,-0.0942007954,-0.0914,-0.0956996715,-0.1351,-0.1451413857,-0.1366,-0.1466402618,-0.1212,-0.1291979385,-0.1227,-0.1306968146,-0.1247,-0.1331885942,-0.1262,-0.1346874704,-0.1261,-0.1347893263,-0.1276,-0.1362882025,-0.0576,-0.0593254661,-0.0591,-0.0608243422,-0.0595,-0.0613436302,-0.061,-0.0628425064,-0.1184,-0.1260168406,-0.1199,-0.1275157167,-0.0631,-0.065178726,-0.0646,-0.0666776021
2008-10-01,0.0008,0.0007996802,-0.1341,-0.1439858505,-0.1349,-0.1447855307,-0.3362,-0.4097743797,-0.337,-0.4105740599,-0.2071,-0.2320581687,-0.2079,-0.2328578489,-0.1678,-0.1836824824,-0.1686,-0.1844821626,-0.1826,-0.2016267079,-0.1834,-0.202426388,-0.1553,-0.1687737442,-0.1561,-0.1695734244,-0.1508,-0.1634605492,-0.1516,-0.1642602293,-0.1103,-0.1168709517,-0.1111,-0.1176706319,-0.1112,-0.1178830407,-0.112,-0.1186827208,-0.1972,-0.2196496621,-0.198,-0.2204493422
2008-11-01,0.0003,0.000299955,-0.0437,-0.0446836076,-0.044,-0.0449835626,-0.1071,-0.1132806865,-0.1074,-0.1135806415,-0.0768,-0.0799093832,-0.0771,-0.0802093382,0.0014,0.0013990209,0.0011,0.0010990659,-0.1087,-0.1150742078,-0.109,-0.1153741629,-0.0158,-0.0159261506,-0.0161,-0.0162261056,-0.0768,-0.0799093832,-0.0771,-0.0802093382,-0.0733,-0.0761253904,-0.0736,-0.0764253454,0.0126,0.0125212806,0.0123,0.0122213255,-0.1236,-0.1319326713,-0.1239,-0.1322326263
2008-12-01,0.0,0.0,0.0087,0.0086623731,0.0087,0.0086623731,0.0017,0.0016985566,0.0017,0.0016985566,0.0139,0.013804281,0.0139,0.013804281,-0.0243,-0.0246001169,-0.0243,-0.0246001169,0.0217,0.0214679066,0.0217,0.0214679066,0.0347,0.0341115296,0.0347,0.0341115296,0.0489,0.047741996,0.0489,0.047741996,0.0674,0.0652257849,0.0674,0.0652257849,-0.0204,-0.0206109539,-0.0204,-0.0206109539,0.0081,0.0080673711,0.0081,0.0080673711
2009-01-01,0.0,0.0,-0.0505,-0.0518197487,-0.0505,-0.0518197487,-0.1269,-0.1357051822,-0.1269,-0.1357051822,-0.0922,-0.096731189,-0.0922,-0.096731189,-0.0353,-0.0359381068,-0.0353,-0.0359381068,-0.032,-0.0325231917,-0.032,-0.0325231917,-0.1032,-0.1089224072,-0.1032,-0.1089224072,-0.0761,-0.0791514383,-0.0761,-0.0791514383,-0.022,-0.0222456089,-0.022,-0.0222456089,-0.0084,-0.0084354788,-0.0084,-0.0084354788,-0.1766,-0.1943131696,-0.1766,-0.1943131696
2009-02-01,0.0001,9.9995e-05,-0.0766,-0.0796927689,-0.0767,-0.0797927639,-0.1214,-0.1294255474,-0.1215,-0.1295255424,-0.1353,-0.145372653,-0.1354,-0.145472648,-0.1251,-0.1336456849,-0.1252,-0.1337456799,-0.0508,-0.0521357544,-0.0509,-0.0522357494,-0.0695,-0.0720332029,-0.0696,-0.0721331979,-0.0305,-0.0309748043,-0.0306,-0.0310747993,-0.1082,-0.1145133868,-0.1083,-0.1146133818,-0.1252,-0.1337599902,-0.1253,-0.1338599852,-0.1459,-0.157706996,-0.146,-0.157806991
2009-03-01,0.0002,0.00019998,0.0644,0.0624112601,0.0642,0.0622112801,0.1221,0.1152019297,0.1219,0.1150019497,0.0761,0.0733433942,0.0759,0.0731434142,0.0396,0.0388360238,0.0394,0.0386360438,0.1147,0.1085853104,0.1145,0.1083853304,0.0795,0.076497971,0.0793,0.076297991,0.0998,0.0951283451,0.0996,0.0949283651,0.0741,0.0714831016,0.0739,0.0712831216,0.0282,0.0278097006,0.028,0.0276097206,0.1307,0.12283691,0.1305,0.12263693
2009-04-01,0.0001,9.9995e-05,0.0497,0.0485044091,0.0496,0.0484044141,0.4432,0.3668628703,0.4431,0.3667628753,0.1706,0.1575164379,0.1705,0.1574164429,0.0454,0.0443995873,0.0453,0.0442995923,0.1229,0.1159146246,0.1228,0.1158146296,0.0965,0.0921232889,0.0964,0.0920232939,0.0954,0.0911195934,0.0953,0.0910195984,-0.0094,-0.0094444588,-0.0095,-0.0095444538,0.0209,0.0206845912,0.0208,0.0205845962,0.1622,0.1503147607,0.1621,0.1502147657
2009-05-01,0.0,0.0,0.0716,0.0691528587,0.0716,0.0691528587,-0.0322,-0.0327298246,-0.0322,-0.0327298246,0.055,0.0535407669,0.055,0.0535407669,0.105,0.099845335,0.105,0.099845335,0.0304,0.0299470764,0.0304,0.0299470764,0.0105,0.0104452579,0.0105,0.0104452579,-0.0093,-0.009343515,-0.0093,-0.009343515,0.0621,0.0602480803,0.0621,0.0602480803,0.0464,0.0453557017,0.0464,0.0453557017,0.0716,0.0691528587,0.0716,0.0691528587
2009-06-01,0.0001,9.9995e-05,0.0065,0.0064789661,0.0064,0.0063789711,0.044,0.0430594895,0.0439,0.0429594945,-0.0173,-0.0174513936,-0.0174,-0.0175513886,-0.0478,-0.0489801822,-0.0479,-0.0490801772,0.0453,0.0443039256,0.0452,0.0442039306,0.0165,0.0163653541,0.0164,0.0162653591,-0.0029,-0.0029042131,-0.003,-0.0030042081,0.0361,0.0354636643,0.036,0.0353636693,0.0464,0.0453557017,0.0463,0.0452557067,-0.02,-0.0202027073,-0.0201,-0.0203027023
2009-07-01,0.0001,9.9995e-05,0.0731,0.070551656,0.073,0.070451661,0.1976,0.1803195541,0.1975,0.1802195591,0.1133,0.1073285778,0.1132,0.1072285828,0.0535,0.0521179543,0.0534,0.0520179593,0.081,0.0778865387,0.0809,0.0777865437,0.056,0.0544881853,0.0559,0.0543881903,0.0677,0.0655068022,0.0676,0.0654068072,0.0548,0.0533511755,0.0547,0.0532511805,0.0441,0.0431552703,0.044,0.0430552753,0.0917,0.0877361143,0.0916,0.0876361193
2009-08-01,0.0001,9.9995e-05,0.0074,0.0073727543,0.0073,0.0072727593,0.025,0.0246926126,0.0249,0.0245926176,0.0297,0.0292674977,0.0296,0.0291675027,0.0078,0.0077697373,0.0077,0.0076697423,0.0227,0.0224461888,0.0226,0.0223461938,0.0073,0.007273484,0.0072,0.007173489,0.0371,0.0364283566,0.037,0.0363283616,0.022,0.0217614918,0.0219,0.0216614968,0.0025,0.0024968802,0.0024,0.0023968852,0.0773,0.0744579109,0.0772,0.0743579159
2009-09-01,0.0001,9.9995e-05,0.0423,0.0414298098,0.0422,0.0413298148,0.021,0.0207825392,0.0209,0.0206825442,0.0652,0.063162575,0.0651,0.06306258,0.0512,0.0499323687,0.0511,0.0498323737,0.0523,0.0509782448,0.0522,0.0508782498,0.0649,0.062880898,0.0648,0.062780903,0.024,0.0237165266,0.0239,0.0236165316,0.0218,0.0215657779,0.0217,0.0214657829,0.0224,0.0221528046,0.0223,0.0220528096,0.0312,0.0307231726,0.0311,0.0306231776
2009-10-01,0.0,0.0,-0.0062,-0.0062192998,-0.0062,-0.0062192998,-0.0061,-0.006118681,-0.0061,-0.006118681,-0.0287,-0.0291198986,-0.0287,-0.0291198986,0.0248,0.0244974716,0.0248,0.0244974716,-0.015,-0.0151136378,-0.015,-0.0151136378,-0.0398,-0.0406136829,-0.0398,-0.0406136829,0.0004,0.00039992,0.0004,0.00039992,-0.0347,-0.0353163451,-0.0347,-0.0353163451,-0.0271,-0.027473977,-0.0271,-0.027473977,-0.0545,-0.0560413909,-0.0545,-0.0560413909
2009-11-01,0.0,0.0,0.0386,0.0378736524,0.0386,0.0378736524,0.1037,0.0986681718,0.1037,0.0986681718,0.0761,0.0733433942,0.0761,0.0733433942,0.0322,0.0316924467,0.0322,0.0316924467,0.0483,0.0471698045,0.0483,0.0471698045,0.0684,0.0661622023,0.0684,0.0661622023,0.05,0.0487901642,0.05,0.0487901642,0.0807,0.0776089793,0.0807,0.0776089793,0.0458,0.0447821428,0.0458,0.0447821428,0.0596,0.0578914784,0.0596,0.0578914784
2009-12-01,0.0001,9.9995e-05,0.0264,0.0260575343,0.0263,0.0259575393,0.0565,0.0549615581,0.0564,0.0548615631,0.0287,0.0282958692,0.0286,0.0281958742,-0.0052,-0.0052135671,-0.0053,-0.0053135621,0.0598,0.0580802111,0.0597,0.0579802161,0.0642,0.0622233432,0.0641,0.0621233482,0.0195,0.019312311,0.0194,0.019212316,0.0247,0.0243998868,0.0246,0.0242998918,0.0587,0.0570417404,0.0586,0.0569417454,0.0088,0.0087615057,0.0087,0.0086615107
2010-01-01,0.0,0.0,-0.024,-0.0242926926,-0.024,-0.0242926926,-0.004,-0.0040080214,-0.004,-0.0040080214,-0.0331,-0.0336602015,-0.0331,-0.0336602015,-0.0485,-0.0497155922,-0.0485,-0.0497155922,-0.0781,-0.0813185212,-0.0781,-0.0813185212,-0.0677,-0.0701006277,-0.0677,-0.0701006277,-0.0183,-0.0184695163,-0.0183,-0.0184695163,-0.0001,-0.000100005,-0.0001,-0.000100005,-0.0445,-0.0455205153,-0.0445,-0.0455205153,-0.0053,-0.0053140948,-0.0053,-0.0053140948
2010-02-01,0.0,0.0,0.0266,0.0262523711,0.0266,0.0262523711,0.0739,0.0712968819,0.0739,0.0712968819,0.0521,0.0507881668,0.0521,0.0507881668,0.0259,0.0255702761,0.0259,0.0255702761,0.0479,0.0467881615,0.0479,0.0467881615,0.0276,0.0272259863,0.0276,0.0272259863,0.0429,0.0420052941,0.0429,0.0420052941,0.0038,0.0037927982,0.0038,0.0037927982,-0.0042,-0.0042088448,-0.0042,-0.0042088448,0.0361,0.0354636643,0.0361,0.0354636643
2010-03-01,0.0001,9.9995e-05,0.058,0.0563803334,0.0579,0.0562803384,0.0938,0.0896578719,0.0937,0.0895578769,0.065,0.0629747992,0.0649,0.0628748042,0.032,0.0314986671,0.0319,0.0313986721,0.0668,0.0646635133,0.0667,0.0645635183,0.0763,0.0735292333,0.0762,0.0734292383,0.0625,0.0606246218,0.0624,0.0605246268,0.0363,0.0356566772,0.0362,0.0355566822,0.0312,0.0307231726,0.0311,0.0306231776,0.081,0.0778865387,0.0809,0.0777865437
2010-04-01,0.0001,9.9995e-05,-0.0102,-0.0102523765,-0.0103,-0.0103523715,0.0727,0.0701788346,0.0726,0.0700788396,0.0318,0.0313048498,0.0317,0.0312048548,0.0408,0.0399896482,0.0407,0.0398896532,0.0227,0.0224461888,0.0226,0.0223461938,0.0341,0.0335314832,0.034,0.0334314882,0.0252,0.0248877155,0.0251,0.0247877205,-0.0218,-0.0220411309,-0.0219,-0.0221411259,0.0285,0.0281014301,0.0284,0.0280014351,0.0181,0.0179381451,0.018,0.0178381501
2010-05-01,0.0001,9.9995e-05,-0.0573,-0.0590071806,-0.0574,-0.0591071756,-0.0907,-0.0950802063,-0.0908,-0.0951802013,-0.0843,-0.0880664789,-0.0844,-0.0881664739,-0.1023,-0.1079193422,-0.1024,-0.1080193372,-0.0776,-0.08077631,-0.0777,-0.080876305,-0.0585,-0.0602809309,-0.0586,-0.0603809259,-0.0541,-0.0556184238,-0.0542,-0.0557184188,-0.0808,-0.0842515524,-0.0809,-0.0843515474,-0.063,-0.0650719967,-0.0631,-0.0651719917,-0.0875,-0.0915671935,-0.0876,-0.0916671885
2010-06-01,0.0001,9.9995e-05,-0.0191,-0.0192847614,-0.0192,-0.0193847564,-0.1068,-0.112944759,-0.1069,-0.113044754,-0.058,-0.0597500044,-0.0581,-0.0598499994,-0.0626,-0.0646451935,-0.0627,-0.0647451885,-0.0615,-0.063472423,-0.0616,-0.063572418,-0.0384,-0.0391567152,-0.0385,-0.0392567102,-0.0911,-0.0955202019,-0.0912,-0.0956201969,-0.0166,-0.016739324,-0.0167,-0.016839319,-0.0071,-0.0071253249,-0.0072,-0.0072253199,-0.065,-0.0672087497,-0.0651,-0.0673087447
2010-07-01,0.0001,9.9995e-05,0.0736,0.0710174872,0.0735,0.0709174922,0.1538,0.1430608428,0.1537,0.1429608478,0.0981,0.0935814136,0.098,0.0934814186,0.0769,0.0740865434,0.0768,0.0739865484,0.0726,0.0700856076,0.0725,0.0699856126,0.0959,0.0915759435,0.0958,0.0914759485,0.0461,0.0450689634,0.046,0.0449689684,0.0214,0.0211742352,0.0213,0.0210742402,0.0681,0.0658813691,0.068,0.0657813741,0.0678,0.0656004571,0.0677,0.0655004621
2010-08-01,0.0001,9.9995e-05,-0.0117,-0.0117689836,-0.0118,-0.0118689786,-0.0958,-0.1007047041,-0.0959,-0.1008046991,-0.0557,-0.0573113667,-0.0558,-0.0574113617,-0.0344,-0.0350056092,-0.0345,-0.0351056042,-0.0653,-0.0675296568,-0.0654,-0.0676296518,-0.0199,-0.0201006717,-0.02,-0.0202006667,-0.0397,-0.0405095433,-0.0398,-0.0406095383,-0.017,-0.0171461588,-0.0171,-0.0172461538,0.0036,0.0035935355,0.0035,0.0034935405,-0.071,-0.0736465402,-0.0711,-0.0737465352
2010-09-01,0.0001,9.9995e-05,0.0615,0.0596830022,0.0614,0.0595830072,0.1308,0.1229253468,0.1307,0.1228253518,0.1016,0.0967636684,0.1015,0.0966636734,0.092,0.0880108773,0.0919,0.0879108823,0.1255,0.1182273814,0.1254,0.1181273864,0.0788,0.0758493123,0.0787,0.0757493173,0.1215,0.114667075,0.1214,0.11456708,0.09,0.0861776962,0.0899,0.0860777012,0.0365,0.0358496529,0.0364,0.0357496579,0.0851,0.0816721486,0.085,0.0815721536
2010-10-01,0.0001,9.9995e-05,0.044,0.0430594895,0.0439,0.0429594945,0.0854,0.0819485826,0.0853,0.0818485876,0.0517,0.0504079025,0.0516,0.0503079075,0.0458,0.0447821428,0.0457,0.0446821478,0.0641,0.0621293715,0.064,0.0620293765,0.0456,0.0445908833,0.0455,0.0444908883,0.0241,0.0238141781,0.024,0.0237141831,0.0194,0.0192142189,0.0193,0.0191142239,0.0186,0.0184291355,0.0185,0.0183291405,0.0203,0.0200967017,0.0202,0.0199967067
2010-11-01,0.0001,9.9995e-05,-0.0007,-0.0007002451,-0.0008,-0.0008002401,0.0732,0.0706448396,0.0731,0.0705448446,0.0148,0.0146915487,0.0147,0.0145915537,0.0551,0.0536355492,0.055,0.0535355542,-0.0073,-0.0073267754,-0.0074,-0.0074267704,-0.0189,-0.0190808878,-0.019,-0.0191808828,0.0418,0.0409499863,0.0417,0.0408499913,-0.0334,-0.0339705196,-0.0335,-0.0340705146,-0.0136,-0.0136933271,-0.0137,-0.0137933221,0.0049,0.0048880341,0.0048,0.0047880391
2010-12-01,0.0001,9.9995e-05,0.0435,0.0425804475,0.0434,0.0424804525,0.089,0.085259844,0.0889,0.085159849,0.0699,0.0675651862,0.0698,0.0674651912,0.0941,0.0899321075,0.094,0.0898321125,0.0598,0.0580802111,0.0597,0.0579802161,0.0659,0.0638195127,0.0658,0.0637195177,0.0321,0.0315955616,0.032,0.0314955666,0.0545,0.0530667209,0.0544,0.0529667259,0.0323,0.0317893225,0.0322,0.0316893275,0.0923,0.0882855649,0.0922,0.0881855699
2011-01-01,0.0001,9.9995e-05,-0.0237,-0.0239853628,-0.0238,-0.0240853578,-0.0024,-0.0024028846,-0.0025,-0.0025028796,0.0301,0.0296558849,0.03,0.0295558899,0.0693,0.0670042288,0.0692,0.0669042338,0.0392,0.0384511864,0.0391,0.0383511914,0.0005,0.000499875,0.0004,0.00039988,-0.0086,-0.0086371934,-0.0087,-0.0087371884,-0.0072,-0.0072260451,-0.0073,-0.0073260401,0.0218,0.0215657779,0.0217,0.0214657829,0.021,0.0207825392,0.0209,0.0206825442
2011-02-01,0.0001,9.9995e-05,0.0472,0.0461199356,0.0471,0.0460199406,-0.0215,-0.0217344921,-0.0216,-0.0218344871,0.0343,0.0337248694,0.0342,0.0336248744,0.0763,0.0735292333,0.0762,0.0734292383,0.0241,0.0238141781,0.024,0.0237141831,0.074,0.0713899961,0.0739,0.0712900011,0.0226,0.0223484037,0.0225,0.0222484087,0.0333,0.0327575642,0.0332,0.0326575692,0.0242,0.02391182,0.0241,0.023811825,0.0295,0.0290732475,0.0294,0.0289732525
2011-03-01,0.0001,9.9995e-05,0.0303,0.029850022,0.0302,0.029750027,0.0187,0.0185273046,0.0186,0.0184273096,0.0184,0.0182327683,0.0183,0.0181327733,0.0211,0.0208804776,0.021,0.0207804826,-0.0143,-0.0144032303,-0.0144,-0.0145032253,0.0168,0.0166604409,0.0167,0.0165604459,0.011,0.01093994,0.0109,0.010839945,0.0226,0.0223484037,0.0225,0.0222484087,0.0092,0.0091579378,0.0091,0.0090579428,-0.011,-0.0110609474,-0.0111,-0.0111609424
2011-04-01,0.0,0.0,0.0461,0.0450689634,0.0461,0.0450689634,0.0278,0.0274205956,0.0278,0.0274205956,0.0291,0.0286846339,0.0291,0.0286846339,0.0158,0.0156764794,0.0158,0.0156764794,0.0312,0.0307231726,0.0312,0.0307231726,0.0326,0.0320798935,0.0326,0.0320798935,0.0451,0.0441125746,0.0451,0.0441125746,0.0625,0.0606246218,0.0625,0.0606246218,0.04,0.0392207132,0.04,0.0392207132,0.0106,0.0105442139,0.0106,0.0105442139
2011-05-01,0.0,0.0,0.0204,0.0201947073,0.0204,0.0201947073,-0.0358,-0.036456537,-0.0358,-0.036456537,-0.0217,-0.0219389075,-0.0217,-0.0219389075,-0.0451,-0.046148656,-0.0451,-0.046148656,-0.0176,-0.0177567216,-0.0176,-0.0177567216,0.0077,0.0076705063,0.0077,0.0076705063,0.0088,0.0087615057,0.0088,0.0087615057,0.0199,0.0197045833,0.0199,0.0197045833,0.0132,0.0131136391,0.0132,0.0131136391,-0.0264,-0.0267547373,-0.0264,-0.0267547373
2011-06-01,0.0,0.0,-0.0107,-0.0107576567,-0.0107,-0.0107576567,-0.0109,-0.0109598402,-0.0109,-0.0109598402,-0.006,-0.0060180723,-0.006,-0.0060180723,-0.0231,-0.0233709863,-0.0231,-0.0233709863,-0.0246,-0.0249076357,-0.0246,-0.0249076357,-0.0138,-0.0138961052,-0.0138,-0.0138961052,-0.0088,-0.0088389487,-0.0088,-0.0088389487,-0.0187,-0.0188770558,-0.0187,-0.0188770558,-0.0034,-0.0034057931,-0.0034,-0.0034057931,-0.0211,-0.0213257867,-0.0211,-0.0213257867
2011-07-01,0.0,0.0,-0.0042,-0.0042088448,-0.0042,-0.0042088448,-0.0903,-0.0946404042,-0.0903,-0.0946404042,-0.048,-0.0491902442,-0.048,-0.0491902442,0.0049,0.0048880341,0.0049,0.0048880341,-0.0053,-0.0053140948,-0.0053,-0.0053140948,-0.0498,-0.0510827902,-0.0498,-0.0510827902,-0.0064,-0.0064205678,-0.0064,-0.0064205678,-0.0367,-0.0373903892,-0.0367,-0.0373903892,-0.0033,-0.003305457,-0.0033,-0.003305457,-0.0365,-0.0371827911,-0.0365,-0.0371827911
2011-08-01,0.0001,9.9995e-05,-0.0066,-0.0066218763,-0.0067,-0.0067218713,-0.1223,-0.1304504294,-0.1224,-0.1305504244,-0.0616,-0.0635789816,-0.0617,-0.0636789766,-0.0991,-0.1043610153,-0.0992,-0.1044610103,-0.0677,-0.0701006277,-0.0678,-0.0702006227,-0.0504,-0.0517144357,-0.0505,-0.0518144307,-0.0288,-0.0292228587,-0.0289,-0.0293228537,-0.0313,-0.0318003125,-0.0314,-0.0319003076,0.002,0.0019980027,0.0019,0.0018980077,-0.0816,-0.0851222534,-0.0817,-0.0852222484
2011-09-01,0.0,0.0,-0.0487,-0.0499258088,-0.0487,-0.0499258088,-0.1385,-0.149080223,-0.1385,-0.149080223,-0.1102,-0.1167585606,-0.1102,-0.1167585606,-0.1223,-0.1304504294,-0.1223,-0.1304504294,-0.0478,-0.0489801822,-0.0478,-0.0489801822,-0.0572,-0.0589011079,-0.0572,-0.0589011079,-0.0389,-0.0396768172,-0.0389,-0.0396768172,-0.0397,-0.0405095433,-0.0397,-0.0405095433,-0.0161,-0.0162310131,-0.0161,-0.0162310131,-0.1109,-0.1175455639,-0.1109,-0.1175455639
2011-10-01,0.0,0.0,0.063,0.0610950994,0.063,0.0610950994,0.2307,0.2075831132,0.2307,0.2075831132,0.1417,0.1325183797,0.1417,0.1325183797,0.1625,0.1505728585,0.1625,0.1505728585,0.118,0.1115413747,0.118,0.1115413747,0.0761,0.0733433942,0.0761,0.0733433942,0.0975,0.093034866,0.0975,0.093034866,0.0552,0.0537303224,0.0552,0.0537303224,0.067,0.0648509723,0.067,0.0648509723,0.1358,0.1273372485,0.1358,0.1273372485
2011-11-01,0.0,0.0,0.0144,0.0142973047,0.0144,0.0142973047,-0.0868,-0.0908003643,-0.0868,-0.0908003643,0.0138,0.0137056471,0.0138,0.0137056471,0.0215,0.0212721353,0.0215,0.0212721353,-0.0198,-0.0199986465,-0.0198,-0.0199986465,0.003,0.002995509,0.003,0.002995509,0.0107,0.0106431601,0.0107,0.0106431601,0.013,0.0129162253,0.013,0.0129162253,0.0101,0.0100493359,0.0101,0.0100493359,-0.0204,-0.0206109539,-0.0204,-0.0206109539
2011-12-01,0.0,0.0,0.0189,0.018723614,0.0189,0.018723614,-0.0103,-0.0103534121,-0.0103,-0.0103534121,-0.0079,-0.0079313703,-0.0079,-0.0079313703,-0.0035,-0.0035061393,-0.0035,-0.0035061393,-0.0143,-0.0144032303,-0.0143,-0.0144032303,0.0312,0.0307231726,0.0312,0.0307231726,0.009,0.0089597414,0.009,0.0089597414,0.0347,0.0341115296,0.0347,0.0341115296,0.0291,0.0286846339,0.0291,0.0286846339,0.0147,0.0145930023,0.0147,0.0145930023
2012-01-01,0.0,0.0,0.0039,0.0038924147,0.0039,0.0038924147,0.1366,0.1280413499,0.1366,0.1280413499,0.0678,0.0656004571,0.0678,0.0656004571,0.0101,0.0100493359,0.0101,0.0100493359,0.0847,0.0813034511,0.0847,0.0813034511,0.0237,0.0234235149,0.0237,0.0234235149,0.0406,0.0397974699,0.0406,0.0397974699,0.0343,0.0337248694,0.0343,0.0337248694,-0.0271,-0.027473977,-0.0271,-0.027473977,0.0723,0.0698058742,0.0723,0.0698058742
2012-02-01,0.0,0.0,0.0393,0.0385474096,0.0393,0.0385474096,0.0595,0.0577970987,0.0595,0.0577970987,0.0389,0.0381624611,0.0389,0.0381624611,0.0652,0.063162575,0.0652,0.063162575,0.0663,0.064194712,0.0663,0.064194712,0.0507,0.0494566087,0.0507,0.0494566087,0.0312,0.0307231726,0.0312,0.0307231726,0.0125,0.01242252,0.0125,0.01242252,0.013,0.0129162253,0.013,0.0129162253,0.042,0.0411419433,0.042,0.0411419433
2012-03-01,0.0,0.0,0.039,0.0382587121,0.039,0.0382587121,0.0138,0.0137056471,0.0138,0.0137056471,0.0063,0.006280238,0.0063,0.006280238,-0.0327,-0.0332465938,-0.0327,-0.0332465938,0.0465,0.0454512629,0.0465,0.0454512629,0.0238,0.023521195,0.0238,0.023521195,0.0466,0.045546815,0.0466,0.045546815,0.0395,0.0387398283,0.0395,0.0387398283,0.0148,0.0146915487,0.0148,0.0146915487,0.0491,0.0479326538,0.0491,0.0479326538
2012-04-01,0.0,0.0,0.0081,0.0080673711,0.0081,0.0080673711,-0.073,-0.0758017134,-0.073,-0.0758017134,-0.0075,-0.0075282664,-0.0075,-0.0075282664,-0.0157,-0.0158245503,-0.0157,-0.0158245503,-0.021,-0.0212236365,-0.021,-0.0212236365,0.0169,0.0167587838,0.0169,0.0167587838,0.0095,0.0094551588,0.0095,0.0094551588,0.006,0.0059820717,0.006,0.0059820717,0.017,0.0168571171,0.017,0.0168571171,-0.0168,-0.0169427207,-0.0168,-0.0169427207
2012-05-01,0.0001,9.9995e-05,-0.0267,-0.0270629195,-0.0268,-0.0271629146,-0.0782,-0.0814269987,-0.0783,-0.0815269937,-0.0781,-0.0813185212,-0.0782,-0.0814185162,-0.1057,-0.1117139896,-0.1058,-0.1118139846,-0.078,-0.0812100554,-0.0781,-0.0813100504,-0.0077,-0.0077297981,-0.0078,-0.0078297931,-0.0303,-0.0307685337,-0.0304,-0.0308685287,-0.0324,-0.0329365002,-0.0325,-0.0330364952,-0.0088,-0.0088389487,-0.0089,-0.0089389437,-0.0772,-0.0803427527,-0.0773,-0.0804427477
2012-06-01,0.0,0.0,0.0344,0.0338215485,0.0344,0.0338215485,-0.0543,-0.055829885,-0.0543,-0.055829885,0.0118,0.0117309229,0.0118,0.0117309229,0.0578,0.0561912796,0.0578,0.0561912796,0.0293,0.0288789596,0.0293,0.0288789596,0.0702,0.0678455469,0.0702,0.0678455469,0.0217,0.0214679066,0.0217,0.0214679066,0.0684,0.0661622023,0.0684,0.0661622023,0.0342,0.033628181,0.0342,0.033628181,0.0491,0.0479326538,0.0491,0.0479326538
2012-07-01,0.0,0.0,0.014,0.0139029052,0.014,0.0139029052,-0.0035,-0.0035061393,-0.0035,-0.0035061393,0.0093,0.0092570213,0.0093,0.0092570213,0.0281,0.0277124386,0.0281,0.0277124386,-0.001,-0.0010005003,-0.001,-0.0010005003,0.0416,0.0407579925,0.0416,0.0407579925,0.0122,0.0121261798,0.0122,0.0121261798,0.0163,0.0161685812,0.0163,0.0161685812,0.035,0.0344014267,0.035,0.0344014267,-0.0123,-0.0123762711,-0.0123,-0.0123762711
2012-08-01,0.0001,9.9995e-05,0.0012,0.0011992806,0.0011,0.0010992856,0.0425,0.0416216747,0.0424,0.0415216797,0.0325,0.0319830459,0.0324,0.0318830509,0.0236,0.0233258253,0.0235,0.0232258303,0.048,0.0468835859,0.0479,0.0467835909,0.0097,0.009653257,0.0096,0.009553262,0.0276,0.0272259863,0.0275,0.0271259913,0.0097,0.009653257,0.0096,0.009553262,-0.0346,-0.0352127558,-0.0347,-0.0353127508,0.0313,0.0308201423,0.0312,0.0307201473
2012-09-01,0.0001,9.9995e-05,0.0094,0.0093560949,0.0093,0.0092560999,0.034,0.0334347761,0.0339,0.0333347811,0.017,0.0168571171,0.0169,0.0167571221,0.0381,0.0373921192,0.038,0.0372921242,0.0121,0.0120273802,0.012,0.0119273852,0.0486,0.0474559412,0.0485,0.0473559462,0.0192,0.0190180058,0.0191,0.0189180108,0.0468,0.0457378917,0.0467,0.0456378967,0.0211,0.0208804776,0.021,0.0207804826,0.0383,0.0375847603,0.0382,0.0374847653
2012-10-01,0.0001,9.9995e-05,-0.0168,-0.0169427207,-0.0169,-0.0170427157,0.0631,0.0611891683,0.063,0.0610891733,-0.006,-0.0060180723,-0.0061,-0.0061180673,-0.0186,-0.0187751553,-0.0187,-0.0188751503,-0.0634,-0.0654989822,-0.0635,-0.0655989772,-0.0243,-0.0246001169,-0.0244,-0.0247001119,-0.0103,-0.0103534121,-0.0104,-0.0104534071,-0.0192,-0.0193867138,-0.0193,-0.0194867088,0.0109,0.0108410232,0.0108,0.0107410282,0.0093,0.0092570213,0.0092,0.0091570263
2012-11-01,0.0001,9.9995e-05,0.032,0.0314986671,0.0319,0.0313986721,0.0256,0.0252778072,0.0255,0.0251778122,0.0275,0.0271286674,0.0274,0.0270286724,-0.0149,-0.0150121201,-0.015,-0.0151121151,0.0148,0.0146915487,0.0147,0.0145915537,0.0006,0.0005998201,0.0005,0.0004998251,0.0147,0.0145930023,0.0146,0.0144930073,0.0151,0.0149871298,0.015,0.0148871348,-0.0379,-0.0386368836,-0.038,-0.0387368786,-0.0038,-0.0038072383,-0.0039,-0.0039072333
2012-12-01,0.0001,9.9995e-05,-0.0226,-0.0228592941,-0.0227,-0.0229592891,0.076,0.0732504617,0.0759,0.0731504667,0.0277,0.0273232956,0.0276,0.0272233006,0.0133,0.0132123315,0.0132,0.0131123365,0.0037,0.0036931718,0.0036,0.0035931768,0.0115,0.0114343776,0.0114,0.0113343826,-0.0112,-0.0112631923,-0.0113,-0.0113631873,-0.0053,-0.0053140948,-0.0054,-0.0054140898,0.0012,0.0011992806,0.0011,0.0010992856,0.0366,0.0359461268,0.0365,0.0358461318
2013-01-01,0.0,0.0,0.0512,0.0499323687,0.0512,0.0499323687,0.0336,0.033047854,0.0336,0.033047854,0.0604,0.0586461954,0.0604,0.0586461954,0.0747,0.0720415529,0.0747,0.0720415529,0.0239,0.0236188656,0.0239,0.0236188656,0.0485,0.0473605714,0.0485,0.0473605714,0.0554,0.053919842,0.0554,0.053919842,0.0808,0.0777015077,0.0808,0.0777015077,0.0505,0.0492662413,0.0505,0.0492662413,0.0676,0.0654131385,0.0676,0.0654131385
2013-02-01,0.0,0.0,0.0317,0.0312079271,0.0317,0.0312079271,-0.0073,-0.0073267754,-0.0073,-0.0073267754,0.0128,0.0127187724,0.0128,0.0127187724,0.0068,0.0067769843,0.0068,0.0067769843,0.0068,0.0067769843,0.0068,0.0067769843,0.0229,0.0226417305,0.0229,0.0226417305,0.0084,0.0083649163,0.0084,0.0083649163,0.0133,0.0132123315,0.0133,0.0132123315,0.022,0.0217614918,0.022,0.0217614918,0.014,0.0139029052,0.014,0.0139029052
2013-03-01,0.0,0.0,0.0506,0.0493614295,0.0506,0.0493614295,0.0444,0.0434425578,0.0444,0.0434425578,0.0261,0.0257652079,0.0261,0.0257652079,0.0207,0.0204886664,0.0207,0.0204886664,0.027,0.0266419309,0.027,0.0266419309,0.0564,0.0548669014,0.0564,0.0548669014,0.0473,0.0462154238,0.0473,0.0462154238,0.0652,0.063162575,0.0652,0.063162575,0.0569,0.055340095,0.0569,0.055340095,0.0419,0.0410459694,0.0419,0.0410459694
2013-04-01,0.0,0.0,0.0374,0.0367175829,0.0374,0.0367175829,0.0394,0.0386436236,0.0394,0.0386436236,0.0073,0.007273484,0.0073,0.007273484,-0.0139,-0.0139975096,-0.0139,-0.0139975096,0.0038,0.0037927982,0.0038,0.0037927982,0.0432,0.0422929122,0.0432,0.0422929122,0.0272,0.026836654,0.0272,0.026836654,0.0259,0.0255702761,0.0259,0.0255702761,0.0513,0.0500274936,0.0513,0.0500274936,0.0083,0.0082657444,0.0083,0.0082657444
2013-05-01,0.0,0.0,-0.0229,-0.023166278,-0.0229,-0.023166278,0.1004,0.0956737501,0.1004,0.0956737501,0.0348,0.0342081713,0.0348,0.0342081713,0.0303,0.029850022,0.0303,0.029850022,0.0456,0.0445908833,0.0456,0.0445908833,-0.0176,-0.0177567216,-0.0176,-0.0177567216,0.0223,0.0220549908,0.0223,0.0220549908,0.0161,0.0159717695,0.0161,0.0159717695,-0.0714,-0.0740772034,-0.0714,-0.0740772034,0.0594,0.0577027101,0.0594,0.0577027101
2013-06-01,0.0,0.0,0.0007,0.0006997551,0.0007,0.0006997551,-0.0045,-0.0045101555,-0.0045,-0.0045101555,-0.0199,-0.0201006717,-0.0199,-0.0201006717,-0.0239,-0.0241902388,-0.0239,-0.0241902388,-0.0292,-0.0296348051,-0.0292,-0.0296348051,0.0198,0.0196065296,0.0198,0.0196065296,-0.0003,-0.000300045,-0.0003,-0.000300045,-0.0138,-0.0138961052,-0.0138,-0.0138961052,0.0082,0.0081665627,0.0082,0.0081665627,-0.012,-0.0120725812,-0.012,-0.0120725812
2013-07-01,0.0,0.0,0.0289,0.0284902704,0.0289,0.0284902704,0.0901,0.0862694352,0.0901,0.0862694352,0.0621,0.0602480803,0.0621,0.0602480803,0.0518,0.0505029822,0.0518,0.0505029822,0.057,0.0554347069,0.057,0.0554347069,0.0343,0.0337248694,0.0343,0.0337248694,0.059,0.0573250666,0.059,0.0573250666,0.0807,0.0776089793,0.0807,0.0776089793,0.0458,0.0447821428,0.0458,0.0447821428,0.0565,0.0549615581,0.0565,0.0549615581
2013-08-01,0.0,0.0,-0.0391,-0.0398849337,-0.0391,-0.0398849337,-0.0103,-0.0103534121,-0.0103,-0.0103534121,-0.0181,-0.0182658088,-0.0181,-0.0182658088,-0.019,-0.0191828194,-0.019,-0.0191828194,-0.0021,-0.0021022081,-0.0021,-0.0021022081,-0.0329,-0.0334533763,-0.0329,-0.0334533763,-0.0426,-0.043534002,-0.0426,-0.043534002,-0.0367,-0.0373903892,-0.0367,-0.0373903892,-0.0443,-0.0453112227,-0.0443,-0.0453112227,-0.0368,-0.0374942044,-0.0368,-0.0374942044
2013-09-01,0.0,0.0,0.02,0.0198026273,0.02,0.0198026273,0.0645,0.0625052054,0.0645,0.0625052054,0.0517,0.0504079025,0.0517,0.0504079025,0.0197,0.0195084664,0.0197,0.0195084664,0.0382,0.0374884444,0.0382,0.0374884444,0.0428,0.0419094031,0.0428,0.0419094031,0.0449,0.0439211871,0.0449,0.0439211871,0.0417,0.040853994,0.0417,0.040853994,0.0105,0.0104452579,0.0105,0.0104452579,0.0383,0.0375847603,0.0383,0.0375847603
2013-10-01,0.0,0.0,0.0482,0.0470744074,0.0482,0.0470744074,0.0076,0.0075712655,0.0076,0.0075712655,0.046,0.0449733656,0.046,0.0449733656,0.0479,0.0467881615,0.0479,0.0467881615,0.0376,0.036910354,0.0376,0.036910354,0.0585,0.0568528116,0.0585,0.0568528116,0.0512,0.0499323687,0.0512,0.0499323687,0.0355,0.0348844019,0.0355,0.0348844019,0.0334,0.0328543369,0.0334,0.0328543369,0.0383,0.0375847603,0.0383,0.0375847603
2013-11-01,0.0,0.0,0.0127,0.0126200314,0.0127,0.0126200314,0.0188,0.0186254641,0.0188,0.0186254641,0.0297,0.0292674977,0.0297,0.0292674977,0.0087,0.0086623731,0.0087,0.0086623731,0.0359,0.0352706141,0.0359,0.0352706141,0.0008,0.0007996802,0.0008,0.0007996802,0.0369,0.0362354926,0.0369,0.0362354926,0.045,0.0440168854,0.045,0.0440168854,-0.0181,-0.0182658088,-0.0181,-0.0182658088,0.047,0.0459289319,0.047,0.0459289319
2013-12-01,0.0,0.0,0.0247,0.0243998868,0.0247,0.0243998868,0.0124,0.0123237497,0.0124,0.0123237497,0.031,0.030529205,0.031,0.030529205,0.0303,0.029850022,0.0303,0.029850022,0.0398,0.039028387,0.0398,0.039028387,0.0398,0.039028387,0.0398,0.039028387,0.0025,0.0024968802,0.0025,0.0024968802,0.0059,0.0058826632,0.0059,0.0058826632,0.0179,0.0177416815,0.0179,0.0177416815,0.0315,0.0310140535,0.0315,0.0310140535
2014-01-01,0.0,0.0,-0.0572,-0.0589011079,-0.0572,-0.0589011079,-0.0362,-0.0368714748,-0.0362,-0.0368714748,-0.0428,-0.0437429229,-0.0428,-0.0437429229,-0.0689,-0.0713885961,-0.0689,-0.0713885961,-0.014,-0.0140989244,-0.014,-0.0140989244,-0.0381,-0.0388447838,-0.0381,-0.0388447838,-0.0648,-0.0669948688,-0.0648,-0.0669948688,0.0179,0.0177416815,0.0179,0.0177416815,0.0249,0.0245950469,0.0249,0.0245950469,-0.0433,-0.0442654163,-0.0433,-0.0442654163
2014-02-01,0.0,0.0,0.0346,0.0340148786,0.0346,0.0340148786,0.0801,0.0770536294,0.0801,0.0770536294,0.0542,0.0527821854,0.0542,0.0527821854,0.0569,0.055340095,0.0569,0.055340095,0.0515,0.0502177162,0.0515,0.0502177162,0.0256,0.0252778072,0.0256,0.0252778072,0.0533,0.0519280929,0.0533,0.0519280929,0.0635,0.0615653557,0.0635,0.0615653557,0.0309,0.0304322071,0.0309,0.0304322071,0.0345,0.0339182182,0.0345,0.0339182182
2014-03-01,0.0,0.0,0.0325,0.0319830459,0.0325,0.0319830459,-0.0113,-0.0113643301,-0.0113,-0.0113643301,0.0031,0.0030952049,0.0031,0.0030952049,0.0243,0.0240094525,0.0243,0.0240094525,-0.0061,-0.006118681,-0.0061,-0.006118681,0.0015,0.0014988761,0.0015,0.0014988761,-0.0059,-0.0059174738,-0.0059,-0.0059174738,-0.0247,-0.025010163,-0.0247,-0.025010163,0.0268,0.02644717,0.0268,0.02644717,0.0204,0.0201947073,0.0204,0.0201947073
2014-04-01,0.0,0.0,0.0149,0.0147900855,0.0149,0.0147900855,0.0033,0.0032945669,0.0033,0.0032945669,0.0083,0.0082657444,0.0083,0.0082657444,0.0567,0.0551508445,0.0567,0.0551508445,-0.0105,-0.0105555139,-0.0105,-0.0105555139,0.0039,0.0038924147,0.0039,0.0038924147,-0.0093,-0.009343515,-0.0093,-0.009343515,-0.0033,-0.003305457,-0.0033,-0.003305457,0.0398,0.039028387,0.0398,0.039028387,-0.0194,-0.0195906498,-0.0194,-0.0195906498
2014-05-01,0.0,0.0,0.0337,0.0331445986,0.0337,0.0331445986,0.0069,0.0068763039,0.0069,0.0068763039,0.0127,0.0126200314,0.0127,0.0126200314,0.0088,0.0087615057,0.0088,0.0087615057,0.0342,0.033628181,0.0342,0.033628181,0.0411,0.0402778465,0.0411,0.0402778465,0.0099,0.0098513161,0.0099,0.0098513161,0.0185,0.0183309567,0.0185,0.0183309567,0.0001,9.9995e-05,0.0001,9.9995e-05,0.0178,0.0176434352,0.0178,0.0176434352
2014-06-01,0.0,0.0,0.012,0.0119285709,0.012,0.0119285709,0.0445,0.043538302,0.0445,0.043538302,0.0141,0.0140015196,0.0141,0.0140015196,0.0412,0.0403738941,0.0412,0.0403738941,0.0286,0.0281986544,0.0286,0.0281986544,0.0154,0.0152826235,0.0154,0.0152826235,0.0126,0.0125212806,0.0126,0.0125212806,0.0287,0.0282958692,0.0287,0.0282958692,0.0543,0.0528770396,0.0543,0.0528770396,0.0244,0.0241070753,0.0244,0.0241070753
2014-07-01,0.0,0.0,-0.0435,-0.0444744901,-0.0435,-0.0444744901,-0.0471,-0.0482453126,-0.0471,-0.0482453126,-0.0413,-0.0421770789,-0.0413,-0.0421770789,-0.0356,-0.0362491327,-0.0356,-0.0362491327,0.0015,0.0014988761,0.0015,0.0014988761,0.008,0.0079681696,0.008,0.0079681696,-0.0202,-0.0204068098,-0.0202,-0.0204068098,-0.0034,-0.0034057931,-0.0034,-0.0034057931,-0.064,-0.0661398025,-0.064,-0.0661398025,-0.0226,-0.0228592941,-0.0226,-0.0228592941
2014-08-01,0.0,0.0,0.0556,0.0541093256,0.0556,0.0541093256,0.0507,0.0494566087,0.0507,0.0494566087,0.0483,0.0471698045,0.0483,0.0471698045,0.0232,0.0229349713,0.0232,0.0229349713,0.0424,0.0415257468,0.0424,0.0415257468,0.0033,0.0032945669,0.0033,0.0032945669,0.0501,0.0488853977,0.0501,0.0488853977,0.0554,0.053919842,0.0554,0.053919842,0.0531,0.0517381954,0.0531,0.0517381954,0.0411,0.0402778465,0.0411,0.0402778465
2014-09-01,0.0,0.0,-0.0007,-0.0007002451,-0.0007,-0.0007002451,-0.0938,-0.0984952467,-0.0938,-0.0984952467,-0.025,-0.025317808,-0.025,-0.025317808,-0.0783,-0.081535488,-0.0783,-0.081535488,-0.014,-0.0140989244,-0.014,-0.0140989244,-0.0145,-0.0146061524,-0.0145,-0.0146061524,-0.0133,-0.0133892371,-0.0133,-0.0133892371,-0.0022,-0.0022024236,-0.0022,-0.0022024236,-0.0338,-0.0343844269,-0.0338,-0.0343844269,-0.0111,-0.0111620647,-0.0111,-0.0111620647
2014-10-01,0.0,0.0,0.0269,0.0265445552,0.0269,0.0265445552,0.0349,0.0343048037,0.0349,0.0343048037,0.0241,0.0238141781,0.0241,0.0238141781,-0.0419,-0.0428031223,-0.0419,-0.0428031223,0.0158,0.0156764794,0.0158,0.0156764794,0.013,0.0129162253,0.013,0.0129162253,0.0271,0.0267392972,0.0271,0.0267392972,0.0592,0.0575139062,0.0592,0.0575139062,0.0671,0.0649446886,0.0671,0.0649446886,0.0341,0.0335314832,0.0341,0.0335314832
2014-11-01,0.0,0.0,0.0479,0.0467881615,0.0479,0.0467881615,0.0442,0.043251042,0.0442,0.043251042,0.0228,0.0225439644,0.0228,0.0225439644,-0.0957,-0.1005941152,-0.0957,-0.1005941152,0.0428,0.0419094031,0.0428,0.0419094031,0.0246,0.0243022925,0.0246,0.0243022925,0.0751,0.0724136805,0.0751,0.0724136805,0.0252,0.0248877155,0.0252,0.0248877155,0.0026,0.0025966258,0.0026,0.0025966258,0.0251,0.0247901688,0.0251,0.0247901688
2014-12-01,0.0,0.0,-0.0241,-0.0243951568,-0.0241,-0.0243951568,0.0035,0.0034938893,0.0035,0.0034938893,-0.0008,-0.0008003202,-0.0008,-0.0008003202,0.0054,0.0053854723,0.0054,0.0053854723,-0.0126,-0.0126800532,-0.0126,-0.0126800532,-0.0205,-0.0207130416,-0.0205,-0.0207130416,0.016,0.0158733492,0.016,0.0158733492,-0.0083,-0.0083346368,-0.0083,-0.0083346368,0.0186,0.0184291355,0.0186,0.0184291355,0.0118,0.0117309229,0.0118,0.0117309229
2015-01-01,0.0,0.0,-0.0056,-0.0056157388,-0.0056,-0.0056157388,-0.0428,-0.0437429229,-0.0428,-0.0437429229,-0.0375,-0.0382212128,-0.0375,-0.0382212128,-0.0431,-0.0440563862,-0.0431,-0.0440563862,-0.0346,-0.0352127558,-0.0346,-0.0352127558,-0.0447,-0.0457298517,-0.0447,-0.0457298517,-0.004,-0.0040080214,-0.004,-0.0040080214,0.0158,0.0156764794,0.0158,0.0156764794,0.0124,0.0123237497,0.0124,0.0123237497,-0.064,-0.0661398025,-0.064,-0.0661398025
2015-02-01,0.0,0.0,0.0513,0.0500274936,0.0513,0.0500274936,0.0802,0.0771462092,0.0802,0.0771462092,0.0615,0.0596830022,0.0615,0.0596830022,0.0472,0.0461199356,0.0472,0.0461199356,0.0822,0.0789960062,0.0822,0.0789960062,0.0892,0.0854434818,0.0892,0.0854434818,0.0567,0.0551508445,0.0567,0.0551508445,0.04,0.0392207132,0.04,0.0392207132,-0.0436,-0.0445790434,-0.0436,-0.0445790434,0.0724,0.0698991274,0.0724,0.0698991274
2015-03-01,0.0,0.0,-0.0242,-0.0244976316,-0.0242,-0.0244976316,-0.0058,-0.0058168853,-0.0058,-0.0058168853,-0.0205,-0.0207130416,-0.0205,-0.0207130416,-0.0249,-0.0252152491,-0.0249,-0.0252152491,-0.0251,-0.0254203773,-0.0251,-0.0254203773,-0.0212,-0.0214279474,-0.0212,-0.0214279474,0.0066,0.0065783154,0.0066,0.0065783154,0.0086,0.0085632307,0.0086,0.0085632307,-0.0031,-0.003104815,-0.0031,-0.003104815,-0.0061,-0.006118681,-0.0061,-0.006118681
2015-04-01,0.0,0.0,0.0081,0.0080673711,0.0081,0.0080673711,-0.0071,-0.0071253249,-0.0071,-0.0071253249,-0.0076,-0.0076290272,-0.0076,-0.0076290272,0.0665,0.0643822589,0.0665,0.0643822589,0.0144,0.0142973047,0.0144,0.0142973047,0.0363,0.0356566772,0.0363,0.0356566772,-0.0209,-0.0211214966,-0.0209,-0.0211214966,-0.0155,-0.0156213809,-0.0155,-0.0156213809,0.0028,0.0027960873,0.0028,0.0027960873,0.0062,0.0061808591,0.0062,0.0061808591
2015-05-01,0.0,0.0,0.015,0.0148886125,0.015,0.0148886125,0.0099,0.0098513161,0.0099,0.0098513161,0.0088,0.0087615057,0.0088,0.0087615057,-0.0511,-0.05245186,-0.0511,-0.05245186,0.0193,0.0191161172,0.0193,0.0191161172,0.0033,0.0032945669,0.0033,0.0032945669,0.0107,0.0106431601,0.0107,0.0106431601,0.0499,0.0486949215,0.0499,0.0486949215,-0.0043,-0.0043092716,-0.0043,-0.0043092716,0.0172,0.0170537546,0.0172,0.0170537546
2015-06-01,0.0,0.0,-0.0153,-0.0154182527,-0.0153,-0.0154182527,-0.0185,-0.0186732653,-0.0185,-0.0186732653,-0.0199,-0.0201006717,-0.0199,-0.0201006717,-0.0375,-0.0382212128,-0.0375,-0.0382212128,-0.0359,-0.0365602553,-0.0359,-0.0365602553,-0.0055,-0.0055151807,-0.0055,-0.0055151807,-0.0061,-0.006118681,-0.0061,-0.006118681,0.0037,0.0036931718,0.0037,0.0036931718,-0.0527,-0.0541394461,-0.0527,-0.0541394461,0.0003,0.000299955,0.0003,0.000299955
2015-07-01,0.0,0.0,0.0496,0.0484091392,0.0496,0.0484091392,-0.0231,-0.0233709863,-0.0231,-0.0233709863,-0.0201,-0.0203047533,-0.0201,-0.0203047533,-0.0895,-0.0937613798,-0.0895,-0.0937613798,0.0221,0.0218593344,0.0221,0.0218593344,0.0152,0.0150856374,0.0152,0.0150856374,0.0514,0.0501226094,0.0514,0.0501226094,0.035,0.0344014267,0.035,0.0344014267,0.0265,0.0261549575,0.0265,0.0261549575,0.0182,0.0180363625,0.0182,0.0180363625
2015-08-01,0.0,0.0,-0.041,-0.0418642041,-0.041,-0.0418642041,-0.0598,-0.0616626604,-0.0598,-0.0616626604,-0.0561,-0.0577350507,-0.0561,-0.0577350507,-0.0365,-0.0371827911,-0.0365,-0.0371827911,-0.0583,-0.0600685265,-0.0583,-0.0600685265,-0.0838,-0.0875205975,-0.0838,-0.0875205975,-0.053,-0.0544561858,-0.053,-0.0544561858,-0.0838,-0.0875205975,-0.0838,-0.0875205975,-0.0408,-0.0416556753,-0.0408,-0.0416556753,-0.0617,-0.0636855517,-0.0617,-0.0636855517
2015-09-01,0.0,0.0,-0.0056,-0.0056157388,-0.0056,-0.0056157388,-0.0345,-0.0351091771,-0.0345,-0.0351091771,-0.0424,-0.0433251247,-0.0424,-0.0433251247,-0.0575,-0.0592193597,-0.0575,-0.0592193597,-0.0132,-0.0132878943,-0.0132,-0.0132878943,-0.025,-0.025317808,-0.025,-0.025317808,-0.0206,-0.0208151397,-0.0206,-0.0208151397,-0.0692,-0.0717108476,-0.0692,-0.0717108476,-0.005,-0.0050125418,-0.005,-0.0050125418,-0.0306,-0.0310779556,-0.0306,-0.0310779556
2015-10-01,0.0,0.0,0.068,0.0657877405,0.068,0.0657877405,0.0696,0.0672847468,0.0696,0.0672847468,0.0941,0.0899321075,0.0941,0.0899321075,0.1217,0.1148453917,0.1217,0.1148453917,0.1012,0.0964004943,0.1012,0.0964004943,0.0907,0.086819692,0.0907,0.086819692,0.0482,0.0470744074,0.0482,0.0470744074,0.0751,0.0724136805,0.0751,0.0724136805,0.0209,0.0206845912,0.0209,0.0206845912,0.0657,0.0636318602,0.0657,0.0636318602
2015-11-01,0.0,0.0,-0.0092,-0.0092425814,-0.0092,-0.0092425814,0.0196,0.0194103935,0.0196,0.0194103935,0.0041,0.0040916179,0.0041,0.0040916179,0.0106,0.0105442139,0.0106,0.0105442139,0.0115,0.0114343776,0.0115,0.0114343776,-0.0192,-0.0193867138,-0.0192,-0.0193867138,0.011,0.01093994,0.011,0.01093994,0.0058,0.0057832448,0.0058,0.0057832448,-0.0342,-0.0347985055,-0.0342,-0.0347985055,0.0138,0.0137056471,0.0138,0.0137056471
2015-12-01,0.0001,9.9995e-05,0.0078,0.0077697373,0.0077,0.0076697423,-0.0408,-0.0416556753,-0.0409,-0.0417556703,-0.0254,-0.0257281486,-0.0255,-0.0258281436,-0.096,-0.1009259186,-0.0961,-0.1010259136,-0.0252,-0.0255229572,-0.0253,-0.0256229522,-0.0296,-0.0300469214,-0.0297,-0.0301469164,0.0004,0.00039992,0.0003,0.000299925,0.0032,0.0031948909,0.0031,0.0030948959,-0.0239,-0.0241902388,-0.024,-0.0242902338,-0.0267,-0.0270629195,-0.0268,-0.0271629146
2016-01-01,0.0001,9.9995e-05,0.0017,0.0016985566,0.0016,0.0015985616,-0.1233,-0.1315904204,-0.1234,-0.1316904154,-0.0571,-0.0587950465,-0.0572,-0.0588950415,-0.0437,-0.0446836076,-0.0438,-0.0447836026,-0.0596,-0.0614499623,-0.0597,-0.0615499573,0.0039,0.0038924147,0.0038,0.0037924197,-0.0453,-0.046358124,-0.0454,-0.046458119,-0.1012,-0.1066947387,-0.1013,-0.1067947337,0.0467,0.0456423579,0.0466,0.0455423629,-0.0873,-0.0913480395,-0.0874,-0.0914480345
2016-02-01,0.0002,0.00019998,0.0059,0.0058826632,0.0057,0.0056826832,0.0409,0.0400857235,0.0407,0.0398857435,0.033,0.0324671901,0.0328,0.0322672101,-0.0295,-0.0299438764,-0.0297,-0.0301438564,-0.0088,-0.0088389487,-0.009,-0.0090389287,0.0091,0.0090588445,0.0089,0.0088588645,0.0011,0.0010993954,0.0009,0.0008994154,-0.0097,-0.0097473515,-0.0099,-0.0099473315,0.0172,0.0170537546,0.017,0.0168537746,-0.0042,-0.0042088448,-0.0044,-0.0044088248
2016-03-01,0.0002,0.00019998,0.0496,0.0484091392,0.0494,0.0482091592,0.1065,0.1012018805,0.1063,0.1010019005,0.0691,0.066817173,0.0689,0.066617193,0.1089,0.103368533,0.1087,0.103168553,0.0849,0.0814878168,0.0847,0.0812878368,0.0616,0.059777204,0.0614,0.059577224,0.0556,0.0541093256,0.0554,0.0539093456,0.0395,0.0387398283,0.0393,0.0385398483,0.0784,0.0754784612,0.0782,0.0752784812,0.0715,0.0690595359,0.0713,0.0688595559
2016-04-01,0.0001,9.9995e-05,0.0027,0.0026963615,0.0026,0.0025963665,0.0154,0.0152826235,0.0153,0.0151826285,0.0229,0.0226417305,0.0228,0.0225417355,0.0917,0.0877361143,0.0916,0.0876361193,-0.042,-0.042907501,-0.0421,-0.043007496,0.0069,0.0068763039,0.0068,0.0067763089,-0.0055,-0.0055151807,-0.0056,-0.0056151757,0.0496,0.0484091392,0.0495,0.0483091442,-0.008,-0.0080321717,-0.0081,-0.0081321667,0.0241,0.0238141781,0.024,0.0237141831
2016-05-01,0.0001,9.9995e-05,0.0074,0.0073727543,0.0073,0.0072727593,-0.0109,-0.0109598402,-0.011,-0.0110598352,-0.0053,-0.0053140948,-0.0054,-0.0054140898,-0.0059,-0.0059174738,-0.006,-0.0060174688,0.0514,0.0501226094,0.0513,0.0500226144,0.0017,0.0016985566,0.0016,0.0015985616,0.0096,0.0095542128,0.0095,0.0094542178,0.0242,0.02391182,0.0241,0.023811825,0.0224,0.0221528046,0.0223,0.0220528096,0.012,0.0119285709,0.0119,0.0118285759
2016-06-01,0.0002,0.00019998,0.0474,0.0463109029,0.0472,0.0461109229,-0.0548,-0.0563587337,-0.055,-0.0565587137,0.0091,0.0090588445,0.0089,0.0088588645,0.0255,0.0251802985,0.0253,0.0249803185,-0.0174,-0.0175531592,-0.0176,-0.0177531393,0.0355,0.0348844019,0.0353,0.0346844219,0.0073,0.007273484,0.0071,0.007073504,-0.0017,-0.0017014466,-0.0019,-0.0019014266,0.0743,0.0716692867,0.0741,0.0714693067,-0.0307,-0.0311811175,-0.0309,-0.0313810975
2016-07-01,0.0002,0.00019998,-0.0006,-0.0006001801,-0.0008,-0.0008001601,0.0858,0.0823170425,0.0856,0.0821170625,0.0407,0.0398935637,0.0405,0.0396935837,-0.0273,-0.0276795691,-0.0275,-0.0278795491,0.0753,0.0725996924,0.0751,0.0723997124,0.0225,0.0222506089,0.0223,0.0220506289,0.0384,0.037681067,0.0382,0.037481087,0.0616,0.059777204,0.0614,0.059577224,-0.0026,-0.0026033859,-0.0028,-0.0028033659,0.0373,0.0366211835,0.0371,0.0364212035
2016-08-01,0.0002,0.00019998,-0.0061,-0.006118681,-0.0063,-0.006318661,0.0025,0.0024968802,0.0023,0.0022969002,0.014,0.0139029052,0.0138,0.0137029252,0.0161,0.0159717695,0.0159,0.0157717895,0.0179,0.0177416815,0.0177,0.0175417015,-0.0317,-0.0322133224,-0.0319,-0.0324133024,-0.0136,-0.0136933271,-0.0138,-0.0138933071,-0.0315,-0.0320067961,-0.0317,-0.0322067761,-0.0378,-0.0385329497,-0.038,-0.0387329297,0.0329,0.03237038,0.0327,0.0321704
2016-09-01,0.0002,0.00019998,-0.0248,-0.0251127008,-0.025,-0.0253126808,-0.0154,-0.0155198117,-0.0156,-0.0157197917,-0.0002,-0.00020002,-0.0004,-0.0004,0.0281,0.0277124386,0.0279,0.0275124586,0.0222,0.0219571674,0.022,0.0217571873,0.0047,0.0046889895,0.0045,0.0044890095,-0.0062,-0.0062192998,-0.0064,-0.0064192798,0.006,0.0059820717,0.0058,0.0057820917,0.0183,0.0181345702,0.0181,0.0179345902,-0.0102,-0.0102523765,-0.0104,-0.0104523565
2016-10-01,0.0002,0.00019998,-0.0018,-0.0018016219,-0.002,-0.0020016019,-0.0377,-0.0384290266,-0.0379,-0.0386290066,-0.0255,-0.02583076,-0.0257,-0.02603074,-0.0296,-0.0300469214,-0.0298,-0.0302469014,-0.0112,-0.0112631923,-0.0114,-0.0114631723,-0.0305,-0.0309748043,-0.0307,-0.0311747843,-0.0412,-0.0420727764,-0.0414,-0.0422727564,-0.0753,-0.0782859184,-0.0755,-0.0784858984,-0.0066,-0.0066218763,-0.0068,-0.0068218563,0.0077,0.0076705063,0.0075,0.0074705263
2016-11-01,0.0001,9.9995e-05,-0.0387,-0.0394687439,-0.0388,-0.0395687389,0.0755,0.0727856697,0.0754,0.0726856747,0.0629,0.0610010216,0.0628,0.0609010266,0.0959,0.0915759435,0.0958,0.0914759485,0.0074,0.0073727543,0.0073,0.0072727593,0.0654,0.0633503155,0.0653,0.0632503205,0.0428,0.0419094031,0.0427,0.0418094081,0.0239,0.0236188656,0.0238,0.0235188706,-0.0265,-0.0268574542,-0.0266,-0.0269574492,0.115,0.1088544049,0.1149,0.1087544099
2016-12-01,0.0003,0.000299955,0.0346,0.0340148786,0.0343,0.0337149236,0.0398,0.039028387,0.0395,0.038728432,0.0049,0.0048880341,0.0046,0.0045880791,0.0197,0.0195084664,0.0194,0.0192085114,0.0092,0.0091579378,0.0089,0.0088579828,0.0489,0.047741996,0.0486,0.047442041,-0.003,-0.003004509,-0.0033,-0.003304464,0.0069,0.0068763039,0.0066,0.0065763489,0.0361,0.0354636643,0.0358,0.0351637093,0.0296,0.0291703773,0.0293,0.0288704223
2017-01-01,0.0004,0.00039992,0.0169,0.0167587838,0.0165,0.0163588638,0.0294,0.0289761082,0.029,0.0285761882,0.0334,0.0328543369,0.033,0.0324544168,-0.0429,-0.0438473998,-0.0433,-0.0442473198,0.046,0.0449733656,0.0456,0.0445734456,0.0333,0.0327575642,0.0329,0.0323576442,0.0111,0.0110388471,0.0107,0.0106389271,0.0202,0.0199986865,0.0198,0.0195987665,0.0109,0.0108410232,0.0105,0.0104411032,0.0093,0.0092570213,0.0089,0.0088571012
2017-02-01,0.0004,0.00039992,0.0375,0.0368139731,0.0371,0.0364140531,0.0072,0.0071742037,0.0068,0.0067742837,0.0417,0.040853994,0.0413,0.040454074,-0.0246,-0.0249076357,-0.025,-0.0253075557,0.0484,0.0472651925,0.048,0.0468652724,-0.0012,-0.0012007206,-0.0016,-0.0016006406,0.0288,0.0283930745,0.0284,0.0279931545,0.0697,0.0673782353,0.0693,0.0669783153,0.0385,0.0377773643,0.0381,0.0373774443,0.0372,0.0365247747,0.0368,0.0361248547
2017-03-01,0.0003,0.000299955,0.0088,0.0087615057,0.0085,0.0084615507,0.0024,0.0023971246,0.0021,0.0020971696,0.0013,0.0012991557,0.001,0.0009992007,-0.012,-0.0120725812,-0.0123,-0.0123725362,0.0211,0.0208804776,0.0208,0.0205805226,0.0088,0.0087615057,0.0085,0.0084615507,0.0079,0.0078689584,0.0076,0.0075690034,0.0004,0.00039992,0.0001,9.9965e-05,0.0038,0.0037927982,0.0035,0.0034928432,-0.0162,-0.0163326546,-0.0165,-0.0166326096
2017-04-01,0.0005,0.000499875,0.0051,0.005087039,0.0046,0.004587164,0.0169,0.0167587838,0.0164,0.0162589088,0.0187,0.0185273046,0.0182,0.0180274296,-0.0273,-0.0276795691,-0.0278,-0.0281794441,0.0255,0.0251802985,0.025,0.0246804235,0.0011,0.0010993954,0.0006,0.0005995204,0.0265,0.0261549575,0.026,0.0256550824,0.0093,0.0092570213,0.0088,0.0087571462,0.0032,0.0031948909,0.0027,0.0026950159,0.0039,0.0038924147,0.0034,0.0033925397
2017-05-01,0.0006,0.0005998201,0.0322,0.0316924467,0.0316,0.0310926267,-0.0015,-0.0015011261,-0.0021,-0.0021009462,0.0127,0.0126200314,0.0121,0.0120202113,-0.0338,-0.0343844269,-0.0344,-0.0349842469,0.0411,0.0402778465,0.0405,0.0396780264,-0.0152,-0.0153167041,-0.0158,-0.0159165242,0.0167,0.0165620883,0.0161,0.0159622682,-0.0027,-0.0027036516,-0.0033,-0.0033034716,0.0244,0.0241070753,0.0238,0.0235072553,-0.004,-0.0040080214,-0.0046,-0.0046078415
2017-06-01,0.0006,0.0005998201,-0.0112,-0.0112631923,-0.0118,-0.0118630124,0.0335,0.0329511001,0.0329,0.0323512801,0.0122,0.0121261798,0.0116,0.0115263597,-0.0014,-0.0014009809,-0.002,-0.002000801,-0.0203,-0.0205088766,-0.0209,-0.0211086967,-0.0246,-0.0249076357,-0.0252,-0.0255074558,-0.0188,-0.0189789666,-0.0194,-0.0195787867,0.0553,0.0538250867,0.0547,0.0532252666,-0.0191,-0.0192847614,-0.0197,-0.0198845815,0.0439,0.0429636994,0.0433,0.0423638794
2017-07-01,0.0007,0.0006997551,-0.0006,-0.0006001801,-0.0013,-0.0012999352,-0.0101,-0.0101513511,-0.0108,-0.0108511062,0.0217,0.0214679066,0.021,0.0207681515,0.0205,0.0202927033,0.0198,0.0195929482,0.0361,0.0354636643,0.0354,0.0347639092,0.0533,0.0519280929,0.0526,0.0512283377,0.002,0.0019980027,0.0013,0.0012982475,0.0069,0.0068763039,0.0062,0.0061765488,0.0299,0.0294617101,0.0292,0.028761955,0.0144,0.0142973047,0.0137,0.0135975496
2017-08-01,0.0009,0.0008995952,-0.0175,-0.0176549352,-0.0184,-0.0185545305,0.0003,0.000299955,-0.0006,-0.0005996402,0.0033,0.0032945669,0.0024,0.0023949717,-0.0513,-0.0526626526,-0.0522,-0.0535622478,0.03,0.0295588022,0.0291,0.028659207,-0.0248,-0.0251127008,-0.0257,-0.0260122961,-0.016,-0.0161293819,-0.0169,-0.0170289772,0.0259,0.0255702761,0.025,0.0246706809,0.0218,0.0215657779,0.0209,0.0206661827,-0.0057,-0.005716307,-0.0066,-0.0066159022
2017-09-01,0.0009,0.0008995952,-0.0038,-0.0038072383,-0.0047,-0.0047068336,0.0539,0.052497569,0.053,0.0515979737,0.0394,0.0386436236,0.0385,0.0377440283,0.1094,0.1038193286,0.1085,0.1029197334,0.006,0.0059820717,0.0051,0.0050824764,-0.015,-0.0151136378,-0.0159,-0.0160132331,0.0249,0.0245950469,0.024,0.0236954516,0.0208,0.0205866336,0.0199,0.0196870384,-0.0195,-0.0196926333,-0.0204,-0.0205922286,0.0457,0.0446865176,0.0448,0.0437869224
2017-10-01,0.0009,0.0008995952,0.0008,0.0007996802,-0.0001,-9.99151e-05,0.0131,0.0130149371,0.0122,0.0121153418,0.0276,0.0272259863,0.0267,0.026326391,0.0047,0.0046889895,0.0038,0.0037893942,0.0689,0.0666300823,0.068,0.0657304871,-0.0558,-0.0574172709,-0.0567,-0.0583168661,0.0269,0.0265445552,0.026,0.02564496,-0.0225,-0.0227569871,-0.0234,-0.0236565824,0.0302,0.0297529581,0.0293,0.0288533629,0.0222,0.0219571674,0.0213,0.0210575721
2017-11-01,0.0008,0.0007996802,0.0407,0.0398935637,0.0399,0.0390938835,-0.0049,-0.0049120444,-0.0057,-0.0057117245,0.0347,0.0341115296,0.0339,0.0333118495,0.0299,0.0294617101,0.0291,0.02866203,0.0106,0.0105442139,0.0098,0.0097445337,0.0401,0.0393168624,0.0393,0.0385171822,0.0777,0.0748291406,0.0769,0.0740294605,0.0248,0.0244974716,0.024,0.0236977914,0.0242,0.02391182,0.0234,0.0231121399,0.0392,0.0384511864,0.0384,0.0376515062
2017-12-01,0.0009,0.0008995952,0.0201,0.0199006617,0.0192,0.0190010665,-0.0072,-0.0072260451,-0.0081,-0.0081256403,0.0228,0.0225439644,0.0219,0.0216443692,0.05,0.0487901642,0.0491,0.0478905689,-0.0018,-0.0018016219,-0.0027,-0.0027012172,0.0449,0.0439211871,0.044,0.0430215918,0.0254,0.0250827804,0.0245,0.0241831851,-0.0016,-0.0016012814,-0.0025,-0.0025008766,-0.0498,-0.0510827902,-0.0507,-0.0519823855,0.0136,0.01350835,0.0127,0.0126087548
2018-01-01,0.0011,0.0010993954,0.0193,0.0191161172,0.0182,0.0180167217,0.0275,0.0271286674,0.0264,0.0260292719,0.0409,0.0400857235,0.0398,0.0389863281,0.0277,0.0273232956,0.0266,0.0262239002,0.0774,0.0745507313,0.0763,0.0734513358,0.0315,0.0310140535,0.0304,0.0299146581,0.0938,0.0896578719,0.0927,0.0885584765,0.0639,0.0619414015,0.0628,0.0608420061,-0.0281,-0.0285023605,-0.0292,-0.0296017559,0.0591,0.0574194909,0.058,0.0563200954
2018-02-01,0.0011,0.0010993954,-0.0622,-0.0642185723,-0.0633,-0.0653179678,-0.0604,-0.0623010262,-0.0615,-0.0634004216,-0.0403,-0.0411345434,-0.0414,-0.0422339388,-0.1078,-0.1140649563,-0.1089,-0.1151643517,-0.0001,-0.000100005,-0.0012,-0.0011994004,-0.0705,-0.0731084718,-0.0716,-0.0742078673,-0.0448,-0.0458345363,-0.0459,-0.0469339318,-0.0349,-0.0355235561,-0.036,-0.0366229515,-0.0454,-0.0464628744,-0.0465,-0.0475622699,-0.0332,-0.0337636302,-0.0343,-0.0348630256
2018-03-01,0.0012,0.0011992806,-0.0108,-0.0108587433,-0.012,-0.0120580239,-0.0557,-0.0573113667,-0.0569,-0.0585106473,-0.0224,-0.0226546906,-0.0236,-0.0238539711,0.0307,0.0302381831,0.0295,0.0290389025,-0.0313,-0.0318003125,-0.0325,-0.0329995931,-0.0253,-0.0256255476,-0.0265,-0.0268248282,-0.0258,-0.0261386576,-0.027,-0.0273379382,-0.0239,-0.0241902388,-0.0251,-0.0253895194,0.0317,0.0312079271,0.0305,0.0300086465,-0.0265,-0.0268574542,-0.0277,-0.0280567347
2018-04-01,0.0014,0.0013990209,-0.0395,-0.0403012968,-0.0409,-0.0417003177,-0.003,-0.003004509,-0.0044,-0.0044035299,-0.0342,-0.0347985055,-0.0356,-0.0361975265,0.0993,0.0946736136,0.0979,0.0932745927,-0.0016,-0.0016012814,-0.003,-0.0030003023,-0.0231,-0.0233709863,-0.0245,-0.0247700072,0.0378,0.037103088,0.0364,0.035704067,-0.0005,-0.000500125,-0.0019,-0.001899146,0.0278,0.0274205956,0.0264,0.0260215747,0.0059,0.0058826632,0.0045,0.0044836422
2018-05-01,0.0014,0.0013990209,-0.0058,-0.0058168853,-0.0072,-0.0072159062,0.0311,0.0306261935,0.0297,0.0292271726,0.025,0.0246926126,0.0236,0.0232935917,0.0339,0.0333380596,0.0325,0.0319390387,0.068,0.0657877405,0.0666,0.0643887196,-0.0131,-0.0131865618,-0.0145,-0.0145855827,0.0085,0.0084640784,0.0071,0.0070650575,0.0238,0.023521195,0.0224,0.0221221741,0.0027,0.0026963615,0.0013,0.0012973406,0.0145,0.0143958803,0.0131,0.0129968594
2018-06-01,0.0014,0.0013990209,0.0433,0.0423887665,0.0419,0.0409897456,0.0061,0.0060814703,0.0047,0.0046824494,-0.0098,-0.0098483361,-0.0112,-0.011247357,0.005,0.0049875415,0.0036,0.0035885206,-0.0041,-0.004108428,-0.0055,-0.005507449,0.0651,0.0630686915,0.0637,0.0616696706,0.0293,0.0288789596,0.0279,0.0274799386,0.0147,0.0145930023,0.0133,0.0131939814,0.0257,0.0253753063,0.0243,0.0239762854,-0.0094,-0.0094444588,-0.0108,-0.0108434797
2018-07-01,0.0016,0.0015987214,0.0287,0.0282958692,0.0271,0.0266971478,-0.0116,-0.0116678049,-0.0132,-0.0132665262,0.0522,0.0508832103,0.0506,0.049284489,0.0111,0.0110388471,0.0095,0.0094401258,0.0255,0.0251802985,0.0239,0.0235815772,0.0273,0.0269340012,0.0257,0.0253352799,0.0308,0.0303351998,0.0292,0.0287364784,0.0591,0.0574194909,0.0575,0.0558207695,0.0168,0.0166604409,0.0152,0.0150617195,0.0374,0.0367175829,0.0358,0.0351188616
2018-08-01,0.0016,0.0015987214,-0.0116,-0.0116678049,-0.0132,-0.0132665262,-0.0054,-0.0054146327,-0.007,-0.0070133541,-0.0037,-0.0037068619,-0.0053,-0.0053055833,-0.0284,-0.0288110819,-0.03,-0.0304098032,0.0715,0.0690595359,0.0699,0.0674608146,0.0289,0.0284902704,0.0273,0.026891549,0.0799,0.0768684443,0.0783,0.0752697229,0.045,0.0440168854,0.0434,0.0424181641,0.0093,0.0092570213,0.0077,0.0076582999,0.024,0.0237165266,0.0224,0.0221178053
2018-09-01,0.0015,0.0014988761,0.0071,0.0070749137,0.0056,0.0055760375,-0.0369,-0.0375980304,-0.0384,-0.0390969065,0.0125,0.01242252,0.011,0.0109236439,0.0337,0.0331445986,0.0322,0.0316457225,-0.0005,-0.000500125,-0.002,-0.0019990012,0.0179,0.0177416815,0.0164,0.0162428054,0.0055,0.0054849302,0.004,0.0039860541,0.0208,0.0205866336,0.0193,0.0190877575,-0.0057,-0.005716307,-0.0072,-0.0072151831,-0.015,-0.0151136378,-0.0165,-0.0166125139
2018-10-01,0.0019,0.0018981973,-0.0022,-0.0022024236,-0.0041,-0.0041006208,-0.0299,-0.03035612,-0.0318,-0.0322543173,-0.0979,-0.1030299003,-0.0998,-0.1049280976,-0.1173,-0.124769887,-0.1192,-0.1266680842,-0.0882,-0.0923346112,-0.0901,-0.0942328085,-0.0041,-0.004108428,-0.006,-0.0060066253,-0.088,-0.0921152889,-0.0899,-0.0940134862,-0.0879,-0.0920056458,-0.0898,-0.0939038431,-0.0006,-0.0006001801,-0.0025,-0.0024983774,-0.0676,-0.0699933718,-0.0695,-0.0718915691
2018-11-01,0.0018,0.0017983819,0.0049,0.0048880341,0.0031,0.0030896521,0.0524,0.0510732702,0.0506,0.0492748882,0.0468,0.0457378917,0.045,0.0439395097,-0.022,-0.0222456089,-0.0238,-0.0240439909,-0.0158,-0.0159261506,-0.0176,-0.0177245325,0.0252,0.0248877155,0.0234,0.0230893336,0.0264,0.0260575343,0.0246,0.0242591524,0.0641,0.0621293715,0.0623,0.0603309895,0.0326,0.0320798935,0.0308,0.0302815115,0.0284,0.0280041964,0.0266,0.0262058145
2018-12-01,0.0019,0.0018981973,-0.1131,-0.1200230426,-0.115,-0.1219212399,-0.1158,-0.1230719976,-0.1177,-0.1249701949,-0.087,-0.0910193984,-0.0889,-0.0929175957,-0.1306,-0.1399519604,-0.1325,-0.1418501577,-0.0822,-0.085775777,-0.0841,-0.0876739743,-0.087,-0.0910193984,-0.0889,-0.0929175957,-0.0901,-0.0944205756,-0.092,-0.0963187729,-0.0824,-0.0859937132,-0.0843,-0.0878919105,-0.0477,-0.0488751678,-0.0496,-0.0507733651,-0.1082,-0.1145133868,-0.1101,-0.1164115841
2019-01-01,0.0021,0.0020977981,0.0729,0.0703652627,0.0708,0.0682674646,0.1103,0.1046302491,0.1082,0.102532451,0.0966,0.092214484,0.0945,0.0901166859,0.1034,0.0983963219,0.1013,0.0962985238,0.093,0.0889262092,0.0909,0.0868284111,0.0545,0.0530667209,0.0524,0.0509689229,0.0832,0.0799196232,0.0811,0.0778218251,0.0531,0.0517381954,0.051,0.0496403973,0.0538,0.0524026788,0.0517,0.0503048807,0.0974,0.0929437456,0.0953,0.0908459476
2019-02-01,0.0018,0.0017983819,0.0134,0.0133110141,0.0116,0.0115126321,0.0374,0.0367175829,0.0356,0.034919201,0.052,0.0506931143,0.0502,0.0488947324,0.0247,0.0243998868,0.0229,0.0226015049,0.0566,0.0550562057,0.0548,0.0532578238,0.0304,0.0299470764,0.0286,0.0281486944,0.008,0.0079681696,0.0062,0.0061697877,0.033,0.0324671901,0.0312,0.0306688082,0.0355,0.0348844019,0.0337,0.0330860199,0.0308,0.0303351998,0.029,0.0285368179
2019-03-01,0.0019,0.0018981973,0.0367,0.0360425913,0.0348,0.0341443941,-0.05,-0.0512932944,-0.0519,-0.0531914917,-0.0088,-0.0088389487,-0.0107,-0.010737146,0.0202,0.0199986865,0.0183,0.0181004892,0.0376,0.036910354,0.0357,0.0350121567,0.006,0.0059820717,0.0041,0.0040838744,0.0339,0.0333380596,0.032,0.0314398623,0.0051,0.005087039,0.0032,0.0031888418,0.0333,0.0327575642,0.0314,0.030859367,-0.0136,-0.0136933271,-0.0155,-0.0155915244
2019-04-01,0.0021,0.0020977981,0.0313,0.0308201423,0.0292,0.0287223443,0.0341,0.0335314832,0.032,0.0314336851,0.0404,0.0396052546,0.0383,0.0375074565,0.0022,0.0021975835,0.0001,9.97855e-05,0.0581,0.0564748469,0.056,0.0543770488,0.0598,0.0580802111,0.0577,0.055982413,0.0462,0.045164552,0.0441,0.0430667539,-0.0316,-0.0321100539,-0.0337,-0.034207852,0.01,0.0099503309,0.0079,0.0078525328,0.0667,0.0645697706,0.0646,0.0624719726
2019-05-01,0.0021,0.0020977981,-0.0562,-0.0578409997,-0.0583,-0.0599387978,-0.1224,-0.13056437,-0.1245,-0.1326621681,-0.0917,-0.0961805585,-0.0938,-0.0982783566,-0.1188,-0.1264706641,-0.1209,-0.1285684621,-0.0854,-0.0892684678,-0.0875,-0.0913662658,-0.03,-0.0304592075,-0.0321,-0.0325570056,-0.0605,-0.0624074601,-0.0626,-0.0645052582,-0.034,-0.0345914448,-0.0361,-0.0366892429,-0.0155,-0.0156213809,-0.0176,-0.017719179,-0.0612,-0.063152815,-0.0633,-0.0652506131
2019-06-01,0.0018,0.0017983819,0.0491,0.0479326538,0.0473,0.0461342718,0.1312,0.1232790162,0.1294,0.1214806342,0.092,0.0880108773,0.0902,0.0862124954,0.0883,0.0846168457,0.0865,0.0828184638,0.0801,0.0770536294,0.0783,0.0752552475,0.0515,0.0502177162,0.0497,0.0484193342,0.0717,0.0692461727,0.0699,0.0674477908,0.0682,0.0659749889,0.0664,0.064176607,0.0364,0.0357531697,0.0346,0.0339547878,0.0659,0.0638195127,0.0641,0.0620211308
2019-07-01,0.0019,0.0018981973,0.016,0.0158733492,0.0141,0.0139751519,0.0083,0.0082657444,0.0064,0.0063675471,0.0097,0.009653257,0.0078,0.0077550597,-0.0264,-0.0267547373,-0.0283,-0.0286529346,0.0364,0.0357531697,0.0345,0.0338549724,0.0205,0.0202927033,0.0186,0.018394506,0.0102,0.0101483311,0.0083,0.0082501338,-0.0216,-0.0218366946,-0.0235,-0.0237348919,-0.0101,-0.0101513511,-0.012,-0.0120495483,0.0177,0.0175451792,0.0158,0.0156469819
2019-08-01,0.0016,0.0015987214,-0.0142,-0.0143017847,-0.0158,-0.0159005061,-0.0468,-0.0479305338,-0.0484,-0.0495292551,-0.0168,-0.0169427207,-0.0184,-0.0185414421,-0.0851,-0.0889405093,-0.0867,-0.0905392307,-0.0259,-0.0262413112,-0.0275,-0.0278400326,0.0029,0.0028958031,0.0013,0.0012970817,0.0012,0.0011992806,-0.0004,-0.0003994408,-0.0064,-0.0064205678,-0.008,-0.0080192892,0.0345,0.0339182182,0.0329,0.0323194968,-0.0463,-0.0474061224,-0.0479,-0.0490048438
2019-09-01,0.0018,0.0017983819,0.0188,0.0186254641,0.017,0.0168270822,0.0378,0.037103088,0.036,0.035304706,0.0384,0.037681067,0.0366,0.035882685,0.0369,0.0362354926,0.0351,0.0344371106,0.0129,0.0128175037,0.0111,0.0110191218,0.0126,0.0125212806,0.0108,0.0107228986,0.0083,0.0082657444,0.0065,0.0064673625,-0.0098,-0.0098483361,-0.0116,-0.011646718,0.0394,0.0386436236,0.0376,0.0368452417,0.0191,0.0189198849,0.0173,0.0171215029
2019-10-01,0.0015,0.0014988761,0.0008,0.0007996802,-0.0007,-0.000699196,0.0702,0.0678455469,0.0687,0.0663466708,0.0006,0.0005998201,-0.0009,-0.0008990561,-0.0208,-0.0210193672,-0.0223,-0.0225182433,0.0328,0.0322735606,0.0313,0.0307746844,0.0219,0.0216636396,0.0204,0.0201647635,0.0067,0.0066776548,0.0052,0.0051787786,0.0466,0.045546815,0.0451,0.0440479388,-0.0139,-0.0139975096,-0.0154,-0.0154963858,0.0309,0.0304322071,0.0294,0.028933331
2019-11-01,0.0012,0.0011992806,0.0227,0.0224461888,0.0215,0.0212469083,0.0291,0.0286846339,0.0279,0.0274853533,0.0326,0.0320798935,0.0314,0.0308806129,0.0112,0.0111377444,0.01,0.0099384638,0.0527,0.0513582923,0.0515,0.0501590117,0.0247,0.0243998868,0.0235,0.0232006062,0.0211,0.0208804776,0.0199,0.019681197,0.0548,0.0533511755,0.0536,0.0521518949,-0.0214,-0.0216323001,-0.0226,-0.0228315807,0.0505,0.0492662413,0.0493,0.0480669607
2019-12-01,0.0014,0.0013990209,0.0348,0.0342081713,0.0334,0.0328091504,0.054,0.0525924501,0.0526,0.0511934292,0.0134,0.0133110141,0.012,0.0119119931,0.0624,0.0605304997,0.061,0.0591314788,0.0384,0.037681067,0.037,0.0362820461,0.0104,0.0103462921,0.009,0.0089472711,0.0135,0.0134096869,0.0121,0.012010666,0.0345,0.0339182182,0.0331,0.0325191973,0.0412,0.0403738941,0.0398,0.0389748732,0.0236,0.0233258253,0.0222,0.0219268044
2020-01-01,0.0013,0.0012991557,-0.0043,-0.0043092716,-0.0056,-0.0056084273,0.0615,0.0596830022,0.0602,0.0583838464,-0.0274,-0.027782381,-0.0287,-0.0290815367,-0.1187,-0.1263571889,-0.12,-0.1276563446,0.0337,0.0331445986,0.0324,0.0318454429,-0.0212,-0.0214279474,-0.0225,-0.0227271031,0.0097,0.009653257,0.0084,0.0083541013,-0.0199,-0.0201006717,-0.0212,-0.0213998274,0.0483,0.0471698045,0.047,0.0458706487,-0.0134,-0.0134905902,-0.0147,-0.0147897459
2020-02-01,0.0012,0.0011992806,-0.0876,-0.0916767886,-0.0888,-0.0928760691,-0.0725,-0.0752624845,-0.0737,-0.0764617651,-0.0861,-0.0900341227,-0.0873,-0.0912334033,-0.1543,-0.1675905922,-0.1555,-0.1687898728,-0.0699,-0.0724631717,-0.0711,-0.0736624523,-0.0622,-0.0642185723,-0.0634,-0.0654178529,-0.0672,-0.0695644634,-0.0684,-0.070763744,-0.0537,-0.0551956355,-0.0549,-0.056394916,-0.0989,-0.1041390397,-0.1001,-0.1053383203,-0.0987,-0.1039171134,-0.0999,-0.105116394
2020-03-01,0.0012,0.0011992806,-0.1087,-0.1150742078,-0.1099,-0.1162734884,-0.2267,-0.2570882074,-0.2279,-0.2582874879,-0.1691,-0.1852458283,-0.1703,-0.1864451089,-0.3447,-0.4226621329,-0.3459,-0.4238614135,-0.0977,-0.10280822,-0.0989,-0.1040075006,-0.1322,-0.1417940056,-0.1334,-0.1429932862,-0.0791,-0.0824038263,-0.0803,-0.0836031068,-0.0509,-0.0522411118,-0.0521,-0.0534403924,-0.1305,-0.1398369452,-0.1317,-0.1410362258,-0.1922,-0.2134407759,-0.1934,-0.2146400564
2020-04-01,0.0,0.0,0.0775,0.074643543,0.0775,0.074643543,0.2549,0.2270558881,0.2549,0.2270558881,0.1086,0.103097958,0.1086,0.103097958,0.3231,0.2799774681,0.3231,0.2799774681,0.1492,0.1390660481,0.1492,0.1390660481,0.0921,0.0881024482,0.0921,0.0881024482,0.1824,0.1675462712,0.1824,0.1675462712,0.1345,0.1261920252,0.1345,0.1261920252,0.0518,0.0505029822,0.0518,0.0505029822,0.1145,0.1084058738,0.1145,0.1084058738
2020-05-01,0.0001,9.9995e-05,0.031,0.030529205,0.0309,0.03042921,0.0713,0.0688728643,0.0712,0.0687728693,0.0582,0.0565693515,0.0581,0.0564693565,0.0056,0.0055843783,0.0055,0.0054843833,0.0763,0.0735292333,0.0762,0.0734292383,0.0481,0.0469790012,0.048,0.0468790062,0.0448,0.0438254795,0.0447,0.0437254845,0.0416,0.0407579925,0.0415,0.0406579975,0.0463,0.0452601314,0.0462,0.0451601364,0.046,0.0449733656,0.0459,0.0448733706
2020-06-01,0.0001,9.9995e-05,-0.0014,-0.0014009809,-0.0015,-0.0015009759,0.1413,0.1321679636,0.1412,0.1320679686,0.026,0.0256677467,0.0259,0.0255677517,-0.0039,-0.0039076248,-0.004,-0.0040076198,0.0573,0.0557184888,0.0572,0.0556184938,-0.0262,-0.0265493352,-0.0263,-0.0266493302,0.0442,0.043251042,0.0441,0.043151047,-0.0144,-0.0145046862,-0.0145,-0.0146046812,-0.0502,-0.0515038429,-0.0503,-0.0516038379,0.005,0.0049875415,0.0049,0.0048875465
2020-07-01,0.0001,9.9995e-05,0.0587,0.0570417404,0.0586,0.0569417454,0.1868,0.1712606094,0.1867,0.1711606144,0.0456,0.0445908833,0.0455,0.0444908883,-0.0479,-0.0490852077,-0.048,-0.0491852027,0.0687,0.0664429565,0.0686,0.0663429615,0.0506,0.0493614295,0.0505,0.0492614345,0.0943,0.0901148894,0.0942,0.0900148944,0.0439,0.0429636994,0.0438,0.0428637044,0.0634,0.0614713221,0.0633,0.0613713271,0.0381,0.0373921192,0.038,0.0372921242
2020-08-01,0.0001,9.9995e-05,0.0445,0.043538302,0.0444,0.043438307,0.4099,0.3435187799,0.4098,0.3434187849,0.0617,0.059871397,0.0616,0.059771402,-0.0114,-0.0114654781,-0.0115,-0.0115654731,0.1062,0.1009307186,0.1061,0.1008307236,0.056,0.0544881853,0.0559,0.0543881903,0.0807,0.0776089793,0.0806,0.0775089843,0.0235,0.0232281261,0.0234,0.0231281311,-0.0225,-0.0227569871,-0.0226,-0.0228569821,0.0679,0.0656941032,0.0678,0.0655941082
2020-09-01,0.0001,9.9995e-05,-0.0208,-0.0210193672,-0.0209,-0.0211193622,-0.0904,-0.0947503365,-0.0905,-0.0948503315,-0.0014,-0.0014009809,-0.0015,-0.0015009759,-0.1499,-0.1624012894,-0.15,-0.1625012844,-0.0524,-0.0538228067,-0.0525,-0.0539228017,-0.0197,-0.0198966317,-0.0198,-0.0199966267,-0.0386,-0.0393647235,-0.0387,-0.0394647185,-0.0143,-0.0144032303,-0.0144,-0.0145032253,-0.0032,-0.0032051309,-0.0033,-0.0033051259,-0.0295,-0.0299438764,-0.0296,-0.0300438714
2020-10-01,0.0001,9.9995e-05,-0.027,-0.0273711968,-0.0271,-0.0274711918,-0.0325,-0.0330398541,-0.0326,-0.0331398491,-0.0076,-0.0076290272,-0.0077,-0.0077290222,-0.0446,-0.045625178,-0.0447,-0.045725173,-0.0178,-0.0179603254,-0.0179,-0.0180603204,-0.0389,-0.0396768172,-0.039,-0.0397768122,-0.0269,-0.0272684272,-0.027,-0.0273684222,-0.0437,-0.0446836076,-0.0438,-0.0447836026,0.0447,0.0437297629,0.0446,0.0436297679,-0.017,-0.0171461588,-0.0171,-0.0172461538
2020-11-01,0.0001,9.9995e-05,0.1002,0.0954919815,0.1001,0.0953919865,0.339,0.2919230667,0.3389,0.2918230717,0.1396,0.1306773236,0.1395,0.1305773286,0.2853,0.2509921541,0.2852,0.2508921591,0.1072,0.1018343059,0.1071,0.1017343109,0.1447,0.1351425939,0.1446,0.1350425989,0.083,0.079734968,0.0829,0.079634973,0.0983,0.0937635298,0.0982,0.0936635348,0.0266,0.0262523711,0.0265,0.0261523761,0.1588,0.1473849869,0.1587,0.1472849919
2020-12-01,0.0001,9.9995e-05,0.0491,0.0479326538,0.049,0.0478326588,0.1539,0.1431475092,0.1538,0.1430475142,0.0252,0.0248877155,0.0251,0.0247877205,0.0569,0.055340095,0.0568,0.0552401,0.0508,0.0495517788,0.0507,0.0494517838,0.0512,0.0499323687,0.0511,0.0498323737,0.0138,0.0137056471,0.0137,0.0136056521,0.0471,0.0460244383,0.047,0.0459244433,0.0062,0.0061808591,0.0061,0.0060808641,0.0567,0.0551508445,0.0566,0.0550508495
2021-01-01,0.0,0.0,-0.0415,-0.0423857165,-0.0415,-0.0423857165,0.1148,0.1086750166,0.1148,0.1086750166,-0.0232,-0.0234733562,-0.0232,-0.0234733562,0.0505,0.0492662413,0.0505,0.0492662413,0.0056,0.0055843783,0.0056,0.0055843783,-0.0355,-0.0361454466,-0.0355,-0.0361454466,-0.0006,-0.0006001801,-0.0006,-0.0006001801,0.0342,0.033628181,0.0342,0.033628181,-0.0044,-0.0044097085,-0.0044,-0.0044097085,-0.0272,-0.0275767678,-0.0272,-0.0275767678
2021-02-01,0.0,0.0,0.0132,0.0131136391,0.0132,0.0131136391,-0.0808,-0.0842515524,-0.0808,-0.0842515524,0.0553,0.0538250867,0.0553,0.0538250867,0.2362,0.2120421582,0.2362,0.2120421582,0.0136,0.01350835,0.0136,0.01350835,0.0426,0.0417175934,0.0426,0.0417175934,-0.0165,-0.0166376412,-0.0165,-0.0166376412,-0.0125,-0.0125787822,-0.0125,-0.0125787822,-0.0459,-0.0469867912,-0.0459,-0.0469867912,0.0979,0.0933992643,0.0979,0.0933992643
2021-03-01,0.0,0.0,0.0728,0.070272053,0.0728,0.070272053,0.0087,0.0086623731,0.0087,0.0086623731,0.0771,0.0742722444,0.0771,0.0742722444,0.0228,0.0225439644,0.0228,0.0225439644,0.0087,0.0086623731,0.0087,0.0086623731,0.0163,0.0161685812,0.0163,0.0161685812,0.0573,0.0557184888,0.0573,0.0557184888,-0.0009,-0.0009004052,-0.0009,-0.0009004052,0.1039,0.098849364,0.1039,0.098849364,0.0526,0.0512632939,0.0526,0.0512632939
2021-04-01,0.0,0.0,0.0332,0.0326607822,0.0332,0.0326607822,0.044,0.0430594895,0.044,0.0430594895,0.0244,0.0241070753,0.0244,0.0241070753,0.0075,0.0074720148,0.0075,0.0074720148,0.0642,0.0622233432,0.0642,0.0622233432,0.0308,0.0303351998,0.0308,0.0303351998,0.0703,0.067938983,0.0703,0.067938983,0.0296,0.0291703773,0.0296,0.0291703773,0.0398,0.039028387,0.0398,0.039028387,0.057,0.0554347069,0.057,0.0554347069
2021-05-01,0.0,0.0,0.0197,0.0195084664,0.0197,0.0195084664,-0.0533,-0.0547730258,-0.0533,-0.0547730258,0.0277,0.0273232956,0.0277,0.0273232956,0.062,0.0601539228,0.062,0.0601539228,-0.0089,-0.0089398416,-0.0089,-0.0089398416,-0.0051,-0.0051130494,-0.0051,-0.0051130494,-0.0215,-0.0217344921,-0.0215,-0.0217344921,-0.0012,-0.0012007206,-0.0012,-0.0012007206,-0.0116,-0.0116678049,-0.0116,-0.0116678049,0.0277,0.0273232956,0.0277,0.0273232956
2021-06-01,0.0,0.0,-0.0081,-0.0081329832,-0.0081,-0.0081329832,0.0556,0.0541093256,0.0556,0.0541093256,-0.0101,-0.0101513511,-0.0101,-0.0101513511,0.0553,0.0538250867,0.0553,0.0538250867,0.0677,0.0655068022,0.0677,0.0655068022,-0.0001,-0.000100005,-0.0001,-0.000100005,0.0293,0.0288789596,0.0293,0.0288789596,0.0441,0.0431552703,0.0441,0.0431552703,-0.0142,-0.0143017847,-0.0142,-0.0143017847,-0.0202,-0.0204068098,-0.0202,-0.0204068098
2021-07-01,0.0,0.0,0.0023,0.002297359,0.0023,0.002297359,-0.0096,-0.0096463771,-0.0096,-0.0096463771,0.0133,0.0132123315,0.0133,0.0132123315,-0.0866,-0.0905813782,-0.0866,-0.0905813782,0.036,0.0353671438,0.036,0.0353671438,0.0036,0.0035935355,0.0036,0.0035935355,0.0025,0.0024968802,0.0025,0.0024968802,0.0284,0.0280041964,0.0284,0.0280041964,0.0297,0.0292674977,0.0297,0.0292674977,-0.0057,-0.005716307,-0.0057,-0.005716307
2021-08-01,0.0,0.0,-0.0028,-0.0028039273,-0.0028,-0.0028039273,0.0178,0.0176434352,0.0178,0.0176434352,0.0055,0.0054849302,0.0055,0.0054849302,-0.0116,-0.0116678049,-0.0116,-0.0116678049,0.0464,0.0453557017,0.0464,0.0453557017,0.0137,0.0136070034,0.0137,0.0136070034,0.0241,0.0238141781,0.0241,0.0238141781,0.0284,0.0280041964,0.0284,0.0280041964,0.0323,0.0317893225,0.0323,0.0317893225,0.027,0.0266419309,0.027,0.0266419309
2021-09-01,0.0,0.0,-0.0458,-0.0468819859,-0.0458,-0.0468819859,0.028,0.027615167,0.028,0.027615167,-0.0579,-0.0596438529,-0.0579,-0.0596438529,0.1108,0.1050804765,0.1108,0.1050804765,-0.0614,-0.0633658756,-0.0614,-0.0633658756,-0.0558,-0.0574172709,-0.0558,-0.0574172709,-0.0438,-0.0447881828,-0.0438,-0.0447881828,-0.0602,-0.0620881923,-0.0602,-0.0620881923,-0.0487,-0.0499258088,-0.0487,-0.0499258088,-0.0245,-0.0248051189,-0.0245,-0.0248051189
2021-10-01,0.0,0.0,0.0374,0.0367175829,0.0374,0.0367175829,0.3078,0.2683463361,0.3078,0.2683463361,0.0499,0.0486949215,0.0499,0.0486949215,0.1027,0.0977617178,0.1027,0.0977617178,0.0814,0.078256498,0.0814,0.078256498,-0.0424,-0.0433251247,-0.0424,-0.0433251247,0.0515,0.0502177162,0.0515,0.0502177162,0.0223,0.0220549908,0.0223,0.0220549908,0.0511,0.0498372348,0.0511,0.0498372348,0.0668,0.0646635133,0.0668,0.0646635133
2021-11-01,0.0,0.0,-0.0387,-0.0394687439,-0.0387,-0.0394687439,0.0205,0.0202927033,0.0205,0.0202927033,-0.0069,-0.0069239151,-0.0069,-0.0069239151,-0.054,-0.0555127099,-0.054,-0.0555127099,0.0145,0.0143958803,0.0145,0.0143958803,-0.0719,-0.0746157934,-0.0719,-0.0746157934,0.0147,0.0145930023,0.0147,0.0145930023,-0.0426,-0.043534002,-0.0426,-0.043534002,-0.0197,-0.0198966317,-0.0197,-0.0198966317,-0.0548,-0.0563587337,-0.0548,-0.0563587337
2021-12-01,0.0001,9.9995e-05,0.0807,0.0776089793,0.0806,0.0775089843,-0.0466,-0.0477207362,-0.0467,-0.0478207312,0.0581,0.0564748469,0.058,0.0563748519,0.0305,0.0300441213,0.0304,0.0299441263,0.0167,0.0165620883,0.0166,0.0164620933,0.0395,0.0387398283,0.0394,0.0386398333,0.0152,0.0150856374,0.0151,0.0149856424,0.0658,0.0637256909,0.0657,0.0636256959,0.0856,0.0821328295,0.0855,0.0820328345,0.0494,0.0482185723,0.0493,0.0481185773
2022-01-01,0.0,0.0,-0.0065,-0.006521217,-0.0065,-0.006521217,-0.1031,-0.1088109059,-0.1031,-0.1088109059,-0.0584,-0.060174723,-0.0584,-0.060174723,0.1742,0.1605870646,0.1742,0.1605870646,-0.0843,-0.0880664789,-0.0843,-0.0880664789,-0.0193,-0.0194886766,-0.0193,-0.0194886766,-0.0883,-0.0924442904,-0.0883,-0.0924442904,-0.0877,-0.0917863956,-0.0877,-0.0917863956,-0.021,-0.0212236365,-0.021,-0.0212236365,-0.0326,-0.0331432186,-0.0326,-0.0331432186
2022-02-01,0.0,0.0,-0.0057,-0.005716307,-0.0057,-0.005716307,-0.0707,-0.0733236644,-0.0707,-0.0733236644,-0.0123,-0.0123762711,-0.0123,-0.0123762711,0.0836,0.0802888312,0.0836,0.0802888312,-0.0452,-0.0462533845,-0.0452,-0.0462533845,0.0029,0.0028958031,0.0029,0.0028958031,-0.0155,-0.0156213809,-0.0155,-0.0156213809,-0.0101,-0.0101513511,-0.0101,-0.0101513511,-0.0109,-0.0109598402,-0.0109,-0.0109598402,-0.0172,-0.0173496383,-0.0172,-0.0173496383
2022-03-01,0.0,0.0,0.0045,0.0044899053,0.0045,0.0044899053,0.1503,0.1400227779,0.1503,0.1400227779,0.0092,0.0091579378,0.0092,0.0091579378,0.0979,0.0933992643,0.0979,0.0933992643,0.0328,0.0322735606,0.0328,0.0322735606,-0.0242,-0.0244976316,-0.0242,-0.0244976316,0.0298,0.0293646086,0.0298,0.0293646086,0.0515,0.0502177162,0.0515,0.0502177162,0.0969,0.0924880194,0.0969,0.0924880194,0.0109,0.0108410232,0.0109,0.0108410232
2022-04-01,0.0,0.0,0.0226,0.0223484037,0.0226,0.0223484037,-0.169,-0.1851254841,-0.169,-0.1851254841,-0.0529,-0.0543505948,-0.0529,-0.0543505948,-0.0128,-0.0128826258,-0.0128,-0.0128826258,-0.126,-0.1346749033,-0.126,-0.1346749033,-0.1056,-0.1116021766,-0.1056,-0.1116021766,-0.0978,-0.102919054,-0.0978,-0.102919054,-0.0691,-0.0716034189,-0.0691,-0.0716034189,-0.0371,-0.0378057147,-0.0371,-0.0378057147,-0.0913,-0.0957402723,-0.0913,-0.0957402723
2022-05-01,0.0003,0.000299955,-0.0163,-0.0164343065,-0.0166,-0.0167342615,-0.0904,-0.0947503365,-0.0907,-0.0950502916,-0.0037,-0.0037068619,-0.004,-0.0040068169,0.1557,0.144706221,0.1554,0.144406266,-0.0209,-0.0211214966,-0.0212,-0.0214214516,0.0866,0.0830535551,0.0863,0.0827536001,-0.041,-0.0418642041,-0.0413,-0.0421641591,0.0096,0.0095542128,0.0093,0.0092542578,0.048,0.0468835859,0.0477,0.0465836309,0.0062,0.0061808591,0.0059,0.0058809041
2022-06-01,0.0006,0.0005998201,-0.0389,-0.0396768172,-0.0395,-0.0402766372,-0.1184,-0.1260168406,-0.119,-0.1266166607,-0.0945,-0.0992680017,-0.0951,-0.0998678217,-0.1655,-0.1809225359,-0.1661,-0.181522356,-0.0813,-0.0847956517,-0.0819,-0.0853954718,-0.0663,-0.0686000915,-0.0669,-0.0691999116,-0.0773,-0.0804511244,-0.0779,-0.0810509445,-0.0202,-0.0204068098,-0.0208,-0.0210066298,-0.0654,-0.0676366487,-0.066,-0.0682364688,-0.0996,-0.1049161699,-0.1002,-0.10551599
2022-07-01,0.0008,0.0007996802,0.0413,0.0404699326,0.0405,0.0396702524,0.2765,0.2441219577,0.2757,0.2433222775,0.0833,0.080011938,0.0825,0.0792122578,0.1049,0.0997548331,0.1041,0.098955153,0.1167,0.1103779075,0.1159,0.1095782273,-0.0003,-0.000300045,-0.0011,-0.0010997252,0.147,0.1371498381,0.1462,0.136350158,0.0277,0.0273232956,0.0269,0.0265236155,0.0627,0.0608128394,0.0619,0.0600131592,0.0886,0.084892467,0.0878,0.0840927868
2022-08-01,0.0019,0.0018981973,-0.0182,-0.0183676574,-0.0201,-0.0202658546,-0.0579,-0.0596438529,-0.0598,-0.0615420502,-0.0349,-0.0355235561,-0.0368,-0.0374217534,0.0335,0.0329511001,0.0316,0.0310529029,-0.0537,-0.0551956355,-0.0556,-0.0570938328,-0.0287,-0.0291198986,-0.0306,-0.0310180959,-0.0311,-0.0315938716,-0.033,-0.0334920689,-0.0504,-0.0517144357,-0.0523,-0.053612633,0.0011,0.0010993954,-0.0008,-0.0007988018,-0.0252,-0.0255229572,-0.0271,-0.0274211545
2022-09-01,0.0019,0.0018981973,-0.0837,-0.087411457,-0.0856,-0.0893096543,-0.0655,-0.0677436521,-0.0674,-0.0696418494,-0.1154,-0.1226197135,-0.1173,-0.1245179108,-0.0925,-0.0970617128,-0.0944,-0.0989599101,-0.1149,-0.122054646,-0.1168,-0.1239528433,-0.1386,-0.1491963064,-0.1405,-0.1510945036,-0.0763,-0.0793679354,-0.0782,-0.0812661327,-0.0192,-0.0193867138,-0.0211,-0.0212849111,-0.1161,-0.1234113449,-0.118,-0.1253095422,-0.081,-0.0844691566,-0.0829,-0.0863673539
2022-10-01,0.0023,0.002297359,0.0996,0.0949464773,0.0973,0.0926491183,-0.0662,-0.0684929964,-0.0685,-0.0707903555,0.1221,0.1152019297,0.1198,0.1129045706,0.2346,0.210747031,0.2323,0.2084496719,0.0506,0.0493614295,0.0483,0.0470640705,0.106,0.1007499031,0.1037,0.0984525441,0.0435,0.0425804475,0.0412,0.0402830885,0.0878,0.084157308,0.0855,0.081859949,0.0345,0.0339182182,0.0322,0.0316208592,0.1149,0.1087647148,0.1126,0.1064673557
2022-11-01,0.0029,0.0028958031,0.0531,0.0517381954,0.0502,0.0488423923,-0.0808,-0.0842515524,-0.0837,-0.0871473556,0.0902,0.0863611656,0.0873,0.0834653625,0.0104,0.0103462921,0.0075,0.0074504889,0.0537,0.0523077796,0.0508,0.0494119765,0.0218,0.0215657779,0.0189,0.0186699748,0.0379,0.037199441,0.035,0.0343036379,0.0535,0.0521179543,0.0506,0.0492221512,0.0685,0.0662557958,0.0656,0.0633599927,0.059,0.0573250666,0.0561,0.0544292635
2022-12-01,0.0033,0.0032945669,-0.0263,-0.026652031,-0.0296,-0.0299465979,-0.2807,-0.3294767621,-0.284,-0.3327713291,-0.0236,-0.0238829405,-0.0269,-0.0271775074,-0.0424,-0.0433251247,-0.0457,-0.0466196917,-0.0795,-0.0828382783,-0.0828,-0.0861328453,-0.0682,-0.0706370796,-0.0715,-0.0739316465,-0.0793,-0.0826210287,-0.0826,-0.0859155956,-0.0172,-0.0173496383,-0.0205,-0.0206442053,-0.0112,-0.0112631923,-0.0145,-0.0145577592,-0.0536,-0.0550899663,-0.0569,-0.0583845333
2023-01-01,0.0035,0.0034938893,-0.0037,-0.0037068619,-0.0072,-0.0072007512,0.2904,0.2549522478,0.2869,0.2514583586,0.0592,0.0575139062,0.0557,0.0540200169,0.0275,0.0271286674,0.024,0.0236347781,0.0958,0.0914846901,0.0923,0.0879908009,0.1356,0.1271611456,0.1321,0.1236672564,0.0975,0.093034866,0.094,0.0895409767,-0.0105,-0.0105555139,-0.014,-0.0140494032,-0.0122,-0.0122750309,-0.0157,-0.0157689201,0.0752,0.0725066908,0.0717,0.0690128015
2023-02-01,0.0034,0.0033942331,-0.0217,-0.0219389075,-0.0251,-0.0253331406,0.1098,0.1041798189,0.1064,0.1007855858,-0.0185,-0.0186732653,-0.0219,-0.0220674983,-0.069,-0.0714960017,-0.0724,-0.0748902348,-0.002,-0.0020020027,-0.0054,-0.0053962357,-0.065,-0.0672087497,-0.0684,-0.0706029828,-0.0467,-0.0478256295,-0.0501,-0.0512198626,-0.0429,-0.0438473998,-0.0463,-0.0472416328,-0.0532,-0.0546674013,-0.0566,-0.0580616344,-0.0244,-0.0247026126,-0.0278,-0.0280968457
2023-03-01,0.0036,0.0035935355,0.0317,0.0312079271,0.0281,0.0276143916,-0.0064,-0.0064205678,-0.01,-0.0100141033,0.0037,0.0036931718,0.0001,9.96363e-05,-0.0043,-0.0043092716,-0.0079,-0.0079028071,0.1047,0.0995738049,0.1011,0.0959802694,-0.001,-0.0010005003,-0.0046,-0.0045940358,0.0339,0.0333380596,0.0303,0.0297445241,0.0249,0.0245950469,0.0213,0.0210015113,0.0395,0.0387398283,0.0359,0.0351462928,-0.05,-0.0512932944,-0.0536,-0.0548868299
2023-04-01,0.0035,0.0034938893,0.0317,0.0312079271,0.0282,0.0277140379,-0.1526,-0.1655824408,-0.1561,-0.16907633,-0.0059,-0.0059174738,-0.0094,-0.009411363,0.0258,0.025472796,0.0223,0.0219789067,0.0024,0.0023971246,-0.0011,-0.0010967647,0.0099,0.0098513161,0.0064,0.0063574268,0.0224,0.0221528046,0.0189,0.0186589154,0.0412,0.0403738941,0.0377,0.0368800049,0.0172,0.0170537546,0.0137,0.0135598653,0.018,0.0178399181,0.0145,0.0143460289
2023-05-01,0.0036,0.0035935355,-0.0542,-0.0557241488,-0.0578,-0.0593176843,0.1355,0.1270730826,0.1319,0.1234795471,-0.0554,-0.0569937215,-0.059,-0.060587257,-0.0951,-0.0999308386,-0.0987,-0.1035243741,0.0855,0.0820407103,0.0819,0.0784471748,-0.0941,-0.0988263543,-0.0977,-0.1024198898,0.0052,0.0051865267,0.0016,0.0015929912,-0.0366,-0.0372865848,-0.0402,-0.0408801203,-0.0583,-0.0600685265,-0.0619,-0.063662062,-0.0284,-0.0288110819,-0.032,-0.0324046174
2023-06-01,0.004,0.0039920213,0.0285,0.0281014301,0.0245,0.0241094088,0.2466,0.2204198454,0.2426,0.2164278241,0.1068,0.1014729689,0.1028,0.0974809477,0.0654,0.0633503155,0.0614,0.0593582942,0.0591,0.0574194909,0.0551,0.0534274696,0.0462,0.045164552,0.0422,0.0411725307,0.0783,0.0753857269,0.0743,0.0713937056,0.0466,0.045546815,0.0426,0.0415547937,0.0251,0.0247901688,0.0211,0.0207981475,0.0744,0.0717623662,0.0704,0.067770345
2023-07-01,0.0045,0.0044899053,0.023,0.022739487,0.0185,0.0182495817,0.0276,0.0272259863,0.0231,0.022736081,0.0319,0.0314017631,0.0274,0.0269118579,0.0746,0.0719484993,0.0701,0.067458594,0.0422,0.0413338635,0.0377,0.0368439582,0.0095,0.0094551588,0.005,0.0049652535,0.0226,0.0223484037,0.0181,0.0178584984,-0.0012,-0.0012007206,-0.0057,-0.0056906258,0.0277,0.0273232956,0.0232,0.0228333904,0.0538,0.0524026788,0.0493,0.0479127735
2023-08-01,0.0045,0.0044899053,-0.0378,-0.0385329497,-0.0423,-0.043022855,-0.0435,-0.0444744901,-0.048,-0.0489643954,-0.0238,-0.0240877955,-0.0283,-0.0285777008,0.0197,0.0195084664,0.0152,0.0150185611,-0.0164,-0.0165359686,-0.0209,-0.0210258739,0.0016,0.0015987214,-0.0029,-0.0028911839,-0.0039,-0.0039076248,-0.0084,-0.0083975301,-0.0023,-0.0023026491,-0.0068,-0.0067925543,-0.0536,-0.0550899663,-0.0581,-0.0595798716,-0.0337,-0.034280934,-0.0382,-0.0387708392
2023-09-01,0.0043,0.0042907814,-0.046,-0.0470916075,-0.0503,-0.051382389,-0.0258,-0.0261386576,-0.0301,-0.030429439,-0.0707,-0.0733236644,-0.075,-0.0776144458,0.0314,0.0309171026,0.0271,0.0266263212,-0.0602,-0.0620881923,-0.0645,-0.0663789737,-0.032,-0.0325231917,-0.0363,-0.0368139731,-0.0566,-0.0582649081,-0.0609,-0.0625556895,-0.047,-0.0481403753,-0.0513,-0.0524311567,-0.0505,-0.0518197487,-0.0548,-0.0561105301,-0.0341,-0.0346949698,-0.0384,-0.0389857512
2023-10-01,0.0047,0.0046889895,-0.0369,-0.0375980304,-0.0416,-0.0422870199,-0.179,-0.1972321695,-0.1837,-0.201921159,-0.027,-0.0273711968,-0.0317,-0.0320601863,-0.0611,-0.0630463017,-0.0658,-0.0677352912,-0.0177,-0.0178585183,-0.0224,-0.0225475078,-0.0013,-0.0013008457,-0.006,-0.0059898352,0.004,0.0039920213,-0.0007,-0.0006969682,-0.0459,-0.0469867912,-0.0506,-0.0516757807,0.0102,0.0101483311,0.0055,0.0054593416,-0.0269,-0.0272684272,-0.0316,-0.0319574166
2023-11-01,0.0044,0.0043903483,0.0494,0.0482185723,0.045,0.043828224,0.1577,0.1464352782,0.1533,0.1420449299,0.0869,0.0833296076,0.0825,0.0789392593,-0.0134,-0.0134905902,-0.0178,-0.0178809385,0.1206,0.1138642561,0.1162,0.1094739078,0.0696,0.0672847468,0.0652,0.0628943985,0.0717,0.0692461727,0.0673,0.0648558244,0.058,0.0563803334,0.0536,0.0519899851,0.0515,0.0502177162,0.0471,0.0458273679,0.1045,0.0993927439,0.1001,0.0950023956
2023-12-01,0.0043,0.0042907814,0.0357,0.0350775266,0.0314,0.0307867452,0.0659,0.0638195127,0.0616,0.0595287313,0.0633,0.0613772797,0.059,0.0570864983,0.0017,0.0016985566,-0.0026,-0.0025922248,0.0462,0.045164552,0.0419,0.0408737705,0.0225,0.0222506089,0.0182,0.0179598275,0.059,0.0573250666,0.0547,0.0530342852,0.0691,0.066817173,0.0648,0.0625263916,0.0173,0.0171520588,0.013,0.0128612774,0.0662,0.0641009254,0.0619,0.059810144
2024-01-01,0.0047,0.0046889895,-0.0194,-0.0195906498,-0.0241,-0.0242796393,-0.1793,-0.1975976443,-0.184,-0.2022866338,-0.0116,-0.0116678049,-0.0163,-0.0163567944,-0.0011,-0.0011006054,-0.0058,-0.0057895949,0.0311,0.0306261935,0.0264,0.0259372041,0.0457,0.0446865176,0.041,0.0399975281,0.0124,0.0123237497,0.0077,0.0076347602,0.0352,0.0345946448,0.0305,0.0299056553,-0.0301,-0.0305623056,-0.0348,-0.0352512951,0.0099,0.0098513161,0.0052,0.0051623266
2024-02-01,0.0042,0.0041912046,0.0169,0.0167587838,0.0127,0.0125675792,0.0721,0.0696193419,0.0679,0.0654281373,0.0533,0.0519280929,0.0491,0.0477368882,0.0309,0.0304322071,0.0267,0.0262410025,0.0622,0.060342229,0.058,0.0561510244,-0.0272,-0.0275767678,-0.0314,-0.0317679724,0.0948,0.0905716982,0.0906,0.0863804936,0.0463,0.0452601314,0.0421,0.0410689268,0.0239,0.0236188656,0.0197,0.019427661,0.0465,0.0454512629,0.0423,0.0412600583
2024-03-01,0.0043,0.0042907814,0.0296,0.0291703773,0.0253,0.0248795959,-0.0559,-0.0575231862,-0.0602,-0.0618139677,0.0448,0.0438254795,0.0405,0.0395346981,0.1029,0.0979430743,0.0986,0.0936522929,0.0236,0.0233258253,0.0193,0.0190350439,0.0309,0.0304322071,0.0266,0.0261414257,0.0268,0.02644717,0.0225,0.0221563886,0.0219,0.0216636396,0.0176,0.0173728582,0.0704,0.0680324104,0.0661,0.063741629,0.0449,0.0439211871,0.0406,0.0396304056
2024-04-01,0.0047,0.0046889895,-0.0136,-0.0136933271,-0.0183,-0.0183823166,-0.0095,-0.0095454128,-0.0142,-0.0142344023,-0.0393,-0.0400930936,-0.044,-0.0447820831,-0.0064,-0.0064205678,-0.0111,-0.0111095573,-0.0441,-0.0451019739,-0.0488,-0.0497909634,-0.0653,-0.0675296568,-0.07,-0.0722186463,-0.0473,-0.0484552203,-0.052,-0.0531442098,-0.0587,-0.0604933804,-0.0634,-0.0651823699,0.0158,0.0156764794,0.0111,0.0109874899,-0.0456,-0.0466724082,-0.0503,-0.0513613977
2024-05-01,0.0044,0.0043903483,0.0096,0.0095542128,0.0052,0.0051638645,-0.0078,-0.0078305791,-0.0122,-0.0122209274,0.0312,0.0307231726,0.0268,0.0263328243,-0.0045,-0.0045101555,-0.0089,-0.0089005038,0.081,0.0778865387,0.0766,0.0734961904,0.0374,0.0367175829,0.033,0.0323272346,0.0247,0.0243998868,0.0203,0.0200095385,0.032,0.0314986671,0.0276,0.0271083188,0.0803,0.0772387803,0.0759,0.072848432,0.0326,0.0320798935,0.0282,0.0276895452
2024-06-01,0.0041,0.0040916179,-0.021,-0.0212236365,-0.0251,-0.0253152544,0.0613,0.0594945718,0.0572,0.0554029539,-0.019,-0.0191828194,-0.0231,-0.0232744373,-0.0215,-0.0217344921,-0.0256,-0.02582611,0.0757,0.0729716125,0.0716,0.0688799946,-0.006,-0.0060180723,-0.0101,-0.0101096902,0.0353,0.0346912398,0.0312,0.0305996219,0.0293,0.0288789596,0.0252,0.0247873416,-0.0416,-0.0424900516,-0.0457,-0.0465816695,-0.0013,-0.0013008457,-0.0054,-0.0053924636
2024-07-01,0.0045,0.0044899053,0.0477,0.0465972854,0.0432,0.0421073801,0.1158,0.1095716364,0.1113,0.1050817312,0.0343,0.0337248694,0.0298,0.0292349641,0.0199,0.0197045833,0.0154,0.015214678,-0.0175,-0.0176549352,-0.022,-0.0221448405,0.0385,0.0377773643,0.034,0.0332874591,0.0054,0.0053854723,0.0009,0.000895567,0.0083,0.0082657444,0.0038,0.0037758391,0.0639,0.0619414015,0.0594,0.0574514963,0.062,0.0601539228,0.0575,0.0556640175
2024-08-01,0.0048,0.0047885167,0.041,0.0401817896,0.0362,0.0353932729,-0.0513,-0.0526626526,-0.0561,-0.0574511693,0.0163,0.0161685812,0.0115,0.0113800644,-0.0292,-0.0296348051,-0.034,-0.0344233219,0.0135,0.0134096869,0.0087,0.0086211702,0.0124,0.0123237497,0.0076,0.007535233,0.0136,0.01350835,0.0088,0.0087198333,0.0641,0.0621293715,0.0593,0.0573408547,0.0458,0.0447821428,0.041,0.039993626,0.0305,0.0300441213,0.0257,0.0252556046
2024-09-01,0.004,0.0039920213,0.0098,0.0097522914,0.0058,0.0057602702,0.1427,0.1333938832,0.1387,0.1294018619,0.025,0.0246926126,0.021,0.0207005913,-0.0315,-0.0320067961,-0.0355,-0.0359988174,0.0297,0.0292674977,0.0257,0.0252754764,0.0556,0.0541093256,0.0516,0.0501173044,0.0366,0.0359461268,0.0326,0.0319541055,-0.0184,-0.0185713856,-0.0224,-0.0225634069,0.0534,0.0520230281,0.0494,0.0480310068,0.0068,0.0067769843,0.0028,0.002784963
2024-10-01,0.0039,0.0038924147,-0.0259,-0.0262413112,-0.0298,-0.0301337259,-0.0314,-0.031903549,-0.0353,-0.0357959637,-0.0402,-0.0410303496,-0.0441,-0.0449227643,-0.0054,-0.0054146327,-0.0093,-0.0093070474,-0.0022,-0.0022024236,-0.0061,-0.0060948383,0.0237,0.0234235149,0.0198,0.0195311002,-0.0114,-0.0114654781,-0.0153,-0.0153578928,-0.0315,-0.0320067961,-0.0354,-0.0358992109,0.0069,0.0068763039,0.003,0.0029838892,0.011,0.01093994,0.0071,0.0070475253
2024-11-01,0.004,0.0039920213,0.0153,0.0151841353,0.0113,0.0111921141,0.2971,0.2601310034,0.2931,0.2561389821,0.0635,0.0615653557,0.0595,0.0575733344,0.0654,0.0633503155,0.0614,0.0593582942,0.0495,0.0483138603,0.0455,0.044321839,0.0918,0.0878277104,0.0878,0.0838356891,0.0995,0.094855531,0.0955,0.0908635097,-0.0051,-0.0051130494,-0.0091,-0.0091050707,0.0621,0.0602480803,0.0581,0.0562560591,0.1018,0.0969452061,0.0978,0.0929531848
2024-12-01,0.0037,0.0036931718,-0.0504,-0.0517144357,-0.0541,-0.0554076075,0.1101,0.1044501014,0.1064,0.1007569295,-0.0781,-0.0813185212,-0.0818,-0.085011693,-0.0898,-0.0940909234,-0.0935,-0.0977840952,0.0143,0.0141987194,0.0106,0.0105055476,-0.0796,-0.0829469208,-0.0833,-0.0866400927,-0.0187,-0.0188770558,-0.0224,-0.0225702276,-0.0538,-0.0553013158,-0.0575,-0.0589944876,-0.0778,-0.0809931592,-0.0815,-0.084686331,-0.0708,-0.0734312781,-0.0745,-0.0771244499
2025-01-01,0.0037,0.0036931718,0.0066,0.0065783154,0.0029,0.0028851435,0.0043,0.0042907814,0.0006,0.0005976096,0.0382,0.0374884444,0.0345,0.0337952726,0.0143,0.0141987194,0.0106,0.0105055476,0.0027,0.0026963615,-0.001,-0.0009968103,0.0137,0.0136070034,0.01,0.0099138316,0.0673,0.0651320949,0.0636,0.0614389231,0.0635,0.0615653557,0.0598,0.0578721838,0.0292,0.0287818014,0.0255,0.0250886296,0.0631,0.0611891683,0.0594,0.0574959965
2025-02-01,0.0033,0.0032945669,0.0553,0.0538250867,0.052,0.0505305197,-0.228,-0.258770729,-0.2313,-0.2620652959,-0.0184,-0.0185713856,-0.0217,-0.0218659525,0.0297,0.0292674977,0.0264,0.0259729307,-0.0395,-0.0403012968,-0.0428,-0.0435958637,0.094,0.089840704,0.0907,0.0865461371,-0.0374,-0.0381173221,-0.0407,-0.0414118891,0.035,0.0344014267,0.0317,0.0311068598,0.0202,0.0199986865,0.0169,0.0167041196,-0.0056,-0.0056157388,-0.0089,-0.0089103057
2025-03-01,0.0034,0.0033942331,0.0041,0.0040916179,0.0007,0.0006973848,-0.0999,-0.1052494107,-0.1033,-0.1086436438,-0.0455,-0.0465676358,-0.0489,-0.0499618689,0.0385,0.0377773643,0.0351,0.0343831313,-0.0915,-0.0959603911,-0.0949,-0.0993546242,-0.0134,-0.0134905902,-0.0168,-0.0168848233,-0.0735,-0.0763412333,-0.0769,-0.0797354663,-0.0416,-0.0424900516,-0.045,-0.0458842847,0.0076,0.0075712655,0.0042,0.0041770324,-0.0434,-0.0443699477,-0.0468,-0.0477641808
2025-04-01,0.0035,0.0034938893,-0.006,-0.0060180723,-0.0095,-0.0095119616,0.0589,0.0572306335,0.0554,0.0537367442,-0.0217,-0.0219389075,-0.0252,-0.0254327968,-0.1403,-0.1511717878,-0.1438,-0.1546656771,0.0112,0.0111377444,0.0077,0.0076438552,-0.049,-0.0502412164,-0.0525,-0.0537351057,0.0095,0.0094551588,0.006,0.0059612695,-0.0066,-0.0066218763,-0.0101,-0.0101157656,-0.0132,-0.0132878943,-0.0167,-0.0167817836,-0.0153,-0.0154182527,-0.0188,-0.018912142
2025-05-01,0.0038,0.0037927982,0.0122,0.0121261798,0.0084,0.0083333816,0.1886,0.172776144,0.1848,0.1689833457,0.0682,0.0659749889,0.0644,0.0621821907,0.0178,0.0176434352,0.014,0.0138506369,0.1067,0.1013826143,0.1029,0.097589816,0.0386,0.0378736524,0.0348,0.0340808542,0.0558,0.0542987734,0.052,0.0505059752,-0.0395,-0.0403012968,-0.0433,-0.044094095,0.0343,0.0337248694,0.0305,0.0299320712,0.043,0.042101176,0.0392,0.0383083778
2025-06-01,0.0034,0.0033942331,-0.0074,-0.0074275158,-0.0108,-0.0108217489,-0.0584,-0.060174723,-0.0618,-0.0635689561,0.0369,0.0362354926,0.0335,0.0328412595,0.0513,0.0500274936,0.0479,0.0466332605,0.0908,0.086911372,0.0874,0.0835171389,0.0363,0.0356566772,0.0329,0.0322624441,0.0241,0.0238141781,0.0207,0.020419945,0.0201,0.0199006617,0.0167,0.0165064286,0.0101,0.0100493359,0.0067,0.0066551028,0.0417,0.040853994,0.0383,0.0374597609
2025-07-01,0.0034,0.0033942331,-0.0189,-0.0190808878,-0.0223,-0.0224751209,-0.0116,-0.0116678049,-0.015,-0.0150620379,0.0213,0.0210763256,0.0179,0.0176820925,0.0353,0.0346912398,0.0319,0.0312970067,0.0565,0.0549615581,0.0531,0.051567325,-0.0336,-0.0341774518,-0.037,-0.0375716849,0.0217,0.0214679066,0.0183,0.0180736735,-0.0128,-0.0128826258,-0.0162,-0.0162768589,0.0337,0.0331445986,0.0303,0.0297503655,-0.0119,-0.0119713718,-0.0153,-0.0153656048
2025-08-01,0.0038,0.0037927982,0.0305,0.0300441213,0.0267,0.0262513231,0.0804,0.0773313429,0.0766,0.0735385447,0.0136,0.01350835,0.0098,0.0097155518,0.0441,0.0431552703,0.0403,0.0393624721,0.0096,0.0095542128,0.0058,0.0057614146,0.038,0.0372957847,0.0342,0.0335029865,0.0081,0.0080673711,0.0043,0.0042745728,0.0473,0.0462154238,0.0435,0.0424226256,-0.0159,-0.0160277611,-0.0197,-0.0198205593,0.0422,0.0413338635,0.0384,0.0375410653
2025-09-01,0.0033,0.0032945669,-0.0306,-0.0310779556,-0.0339,-0.0343725225,0.2511,0.2240231643,0.2478,0.2207285974,0.0272,0.026836654,0.0239,0.023542087,-0.0075,-0.0075282664,-0.0108,-0.0108228334,0.0708,0.0684060327,0.0675,0.0651114657,-0.0113,-0.0113643301,-0.0146,-0.014658897,-0.0115,-0.0115666364,-0.0148,-0.0148612033,0.0203,0.0200967017,0.017,0.0168021347,0.0398,0.039028387,0.0365,0.03573382,0.0028,0.0027960873,-0.0005,-0.0004984796
2025-10-01,0.0037,0.0036931718,-0.0335,-0.0340739803,-0.0372,-0.0377671522,0.0256,0.0252778072,0.0219,0.0215846353,0.0276,0.0272259863,0.0239,0.0235328144,-0.0081,-0.0081329832,-0.0118,-0.0118261551,0.056,0.0544881853,0.0523,0.0507950134,-0.0585,-0.0602809309,-0.0622,-0.0639741027,0.0174,0.0172503534,0.0137,0.0135571816,0.0428,0.0419094031,0.0391,0.0382162312,0.0044,0.0043903483,0.0007,0.0006971765,-0.0279,-0.0282965992,-0.0316,-0.031989771
2025-11-01,0.003,0.002995509,0.0526,0.0512632939,0.0496,0.048267785,-0.0371,-0.0378057147,-0.0401,-0.0408012237,-0.0029,-0.0029042131,-0.0059,-0.0058997221,0.0237,0.0234235149,0.0207,0.020428006,-0.0252,-0.0255229572,-0.0282,-0.0285184662,-0.0145,-0.0146061524,-0.0175,-0.0176016614,0.0028,0.0027960873,-0.0002,-0.0001994217,0.1086,0.103097958,0.1056,0.100102449,0.029,0.0285874569,0.026,0.0255919479,0.0174,0.0172503534,0.0144,0.0142548444
2025-12-01,0.0034,0.0033942331,-0.0086,-0.0086371934,-0.012,-0.0120314265,0.0439,0.0429636994,0.0405,0.0395694664,0.0147,0.0145930023,0.0113,0.0111987692,-0.008,-0.0080321717,-0.0114,-0.0114264048,-0.0063,-0.0063199287,-0.0097,-0.0097141618,0.0371,0.0364283566,0.0337,0.0330341235,-0.0132,-0.0132878943,-0.0166,-0.0166821274,-0.0153,-0.0154182527,-0.0187,-0.0188124858,-0.0427,-0.043638457,-0.0461,-0.0470326901,0.0198,0.0196065296,0.0164,0.0162122966
2026-01-01,0.003,0.002995509,0.07,0.0676586485,0.067,0.0646631395,-0.0244,-0.0247026126,-0.0274,-0.0276981216,0.1065,0.1012018805,0.1035,0.0982063715,0.138,0.1292723357,0.135,0.1262768267,-0.0084,-0.0084354788,-0.0114,-0.0114309878,0.034,0.0334347761,0.031,0.0304392671,0.0499,0.0486949215,0.0469,0.0456994126,0.0052,0.0051865267,0.0022,0.0021910177,0.0286,0.0281986544,0.0256,0.0252031454,-0.0081,-0.0081329832,-0.0111,-0.0111284922
2026-02-01,0.0028,0.0027960873,0.0711,0.0686861578,0.0683,0.0658900705,-0.0464,-0.0475109827,-0.0492,-0.05030707,0.0728,0.070272053,0.07,0.0674759657,0.0869,0.0833296076,0.0841,0.0805335203,-0.049,-0.0502412164,-0.0518,-0.0530373037,0.0404,0.0396052546,0.0376,0.0368091673,-0.0178,-0.0179603254,-0.0206,-0.0207564127,0.0463,0.0452601314,0.0435,0.0424640441,0.099,0.0944006754,0.0962,0.0916045881,-0.0089,-0.0089398416,-0.0117,-0.0117359289
2026-03-01,0.0029,0.0028958031,-0.0805,-0.0839252349,-0.0834,-0.086821038,-0.0803,-0.0837077491,-0.0832,-0.0866035522,-0.0961,-0.1010365442,-0.099,-0.1039323473,0.1285,0.1208893173,0.1256,0.1179935142,-0.0473,-0.0484552203,-0.0502,-0.0513510234,-0.0261,-0.02644665,-0.029,-0.0293424531,-0.0431,-0.0440563862,-0.046,-0.0469521893,-0.0723,-0.0750468743,-0.0752,-0.0779426774,-0.0205,-0.0207130416,-0.0234,-0.0236088447,-0.0493,-0.0505567236,-0.0522,-0.0534525267
2026-04-01,0.0029,0.0028958031,0.0267,0.0263497753,0.0238,0.0234539722,0.0332,0.0326607822,0.0303,0.0297649791,0.0773,0.0744579109,0.0744,0.0715621078,-0.0415,-0.0423857165,-0.0444,-0.0452815196,0.1777,0.1635633839,0.1748,0.1606675808,-0.0226,-0.0228592941,-0.0255,-0.0257550973,0.1177,0.1112730024,0.1148,0.1083771993,-0.0206,-0.0208151397,-0.0235,-0.0237109428,0.0205,0.0202927033,0.0176,0.0173969002,0.0694,0.0670977435,0.0665,0.0642019404
2026-05-01,0.0031,0.0030952049,-0.0024,-0.0024028846,-0.0055,-0.0054980895,0.1203,0.1135965066,0.1172,0.1105013017,0.0366,0.0359461268,0.0335,0.0328509219,-0.0607,-0.062620362,-0.0638,-0.0657155669,0.1198,0.1131500979,0.1167,0.110054893,-0.0146,-0.0147076289,-0.0177,-0.0178028338,-0.0289,-0.0293258294,-0.032,-0.0324210343,0.0295,0.0290732475,0.0264,0.0259780426,-0.0497,-0.0509775548,-0.0528,-0.0540727597,-0.0048,-0.004811557,-0.0079,-0.0079067619
2026-06-01,0.0029,0.0028958031,0.0158,0.0156764794,0.0129,0.0127806763,-0.0286,-0.0290169491,-0.0315,-0.0319127522,0.1236,0.1165378162,0.1207,0.1136420131,-0.0567,-0.0583709133,-0.0596,-0.0612667164,-0.0498,-0.0510827902,-0.0527,-0.0539785933,-0.0898,-0.0940909234,-0.0927,-0.0969867265,-0.0375,-0.0382212128,-0.0404,-0.0411170159,0.0752,0.0725066908,0.0723,0.0696108877,0.028,0.027615167,0.0251,0.0247193639,0.0354,0.0347878255,0.0325,0.0318920224
2026-07-01,0.0033,0.0032945669,0.039,0.0382587121,0.0357,0.0349641452,-0.205,-0.2294131643,-0.2083,-0.2327077313,-0.1073,-0.1135047008,-0.1106,-0.1167992677,0.1451,0.1354919694,0.1418,0.1321974025,-0.0102,-0.0102523765,-0.0135,-0.0135469434,0.0319,0.0314017631,0.0286,0.0281071962,0.0589,0.0572306335,0.0556,0.0539360665,0.0075,0.0074720148,0.0042,0.0041774479,-0.0178,-0.0179603254,-0.0211,-0.0212548923,0.0329,0.03237038,0.0296,0.0290758131
