date,RF_simple,RF_log,Mkt_simple,Mkt_log,Mkt_excess_simple,Mkt_excess_log,SMB_simple,SMB_log,HML_simple,HML_log
1926-07-01,0.0022,0.0021975835,0.0311,0.0306261935,0.0289,0.02842861,-0.0242,-0.0244976316,-0.0275,-0.0278852035
1926-08-01,0.0025,0.0024968802,0.0289,0.0284902704,0.0264,0.0259933902,-0.0144,-0.0145046862,0.0413,0.0404699326
1926-09-01,0.0023,0.002297359,0.0061,0.0060814703,0.0038,0.0037841113,-0.0136,-0.0136933271,0.0005,0.000499875
1926-10-01,0.0032,0.0031948909,-0.0295,-0.0299438764,-0.0327,-0.0331387673,-0.0018,-0.0018016219,0.0078,0.0077697373
1926-11-01,0.0031,0.0030952049,0.0285,0.0281014301,0.0254,0.0250062252,-0.0017,-0.0017014466,-0.0048,-0.004811557
1926-12-01,0.0028,0.0027960873,0.029,0.0285874569,0.0262,0.0257913695,-0.0006,-0.0006001801,0.001,0.0009995003
1927-01-01,0.0025,0.0024968802,0.002,0.0019980027,-0.0005,-0.0004988775,-0.0047,-0.0047110797,0.0476,0.0465018337
1927-02-01,0.0026,0.0025966258,0.0443,0.0433468045,0.0417,0.0407501787,-0.0023,-0.0023026491,0.0304,0.0299470764
1927-03-01,0.003,0.002995509,0.0044,0.0043903483,0.0014,0.0013948393,-0.0201,-0.0203047533,-0.0232,-0.0234733562
1927-04-01,0.0025,0.0024968802,0.0072,0.0071742037,0.0047,0.0046773235,0.0054,0.0053854723,0.0062,0.0061808591
1927-05-01,0.003,0.002995509,0.0575,0.0559076319,0.0545,0.052912123,0.0149,0.0147900855,0.0504,0.049171044
1927-06-01,0.0026,0.0025966258,-0.0212,-0.0214279474,-0.0238,-0.0240245733,0.0042,0.0041912046,-0.0153,-0.0154182527
1927-07-01,0.003,0.002995509,0.0756,0.0728786454,0.0726,0.0698831364,-0.0327,-0.0332465938,-0.0113,-0.0113643301
1927-08-01,0.0028,0.0027960873,0.0227,0.0224461888,0.0199,0.0196501015,-0.0077,-0.0077297981,-0.0385,-0.039260714
1927-09-01,0.0021,0.0020977981,0.0498,0.0485996698,0.0477,0.0465018718,-0.036,-0.0366639844,-0.0057,-0.005716307
1927-10-01,0.0025,0.0024968802,-0.0404,-0.041238748,-0.0429,-0.0437356282,0.0203,0.0200967017,-0.0447,-0.0457298517
1927-11-01,0.0021,0.0020977981,0.0673,0.0651320949,0.0652,0.0630342969,0.0278,0.0274205956,-0.0008,-0.0008003202
1927-12-01,0.0022,0.0021975835,0.0231,0.0228372339,0.0209,0.0206396504,0.0098,0.0097522914,-0.0112,-0.0112631923
1928-01-01,0.0025,0.0024968802,-0.0032,-0.0032051309,-0.0057,-0.0057020111,0.042,0.0411419433,-0.0071,-0.0071253249
1928-02-01,0.0033,0.0032945669,-0.0136,-0.0136933271,-0.0169,-0.0169878941,-0.0206,-0.0208151397,-0.0064,-0.0064205678
1928-03-01,0.0029,0.0028958031,0.0908,0.086911372,0.0879,0.0840155689,-0.0038,-0.0038072383,-0.0111,-0.0111620647
1928-04-01,0.0022,0.0021975835,0.0447,0.0437297629,0.0425,0.0415321793,0.0414,0.0405659617,0.0325,0.0319830459
1928-05-01,0.0032,0.0031948909,0.0184,0.0182327683,0.0152,0.0150378774,0.027,0.0266419309,-0.03,-0.0304592075
1928-06-01,0.0031,0.0030952049,-0.0459,-0.0469867912,-0.049,-0.0500819961,-0.0376,-0.0383251143,0.0028,0.0027960873
1928-07-01,0.0032,0.0031948909,0.0095,0.0094551588,0.0063,0.0062602679,-0.0136,-0.0136933271,-0.0054,-0.0054146327
1928-08-01,0.0032,0.0031948909,0.0701,0.0677521021,0.0669,0.0645572112,-0.0204,-0.0206109539,-0.0213,-0.0215301186
1928-09-01,0.0027,0.0026963615,0.0314,0.0309171026,0.0287,0.0282207411,0.024,0.0237165266,0.0084,0.0083649163
1928-10-01,0.0041,0.0040916179,0.0172,0.0170537546,0.0131,0.0129621367,0.0224,0.0221528046,-0.0214,-0.0216323001
1928-11-01,0.0038,0.0037927982,0.122,0.1151128071,0.1182,0.1113200089,-0.0182,-0.0183676574,0.0265,0.0261549575
1928-12-01,0.0006,0.0005998201,0.0046,0.0045894523,0.004,0.0039896323,-0.0093,-0.009343515,-0.0052,-0.0052135671
1929-01-01,0.0034,0.0033942331,0.05,0.0487901642,0.0466,0.0453959311,-0.0335,-0.0340739803,-0.0122,-0.0122750309
1929-02-01,0.0036,0.0035935355,0.0002,0.00019998,-0.0034,-0.0033935555,-0.0033,-0.003305457,0.0166,0.016463726
1929-03-01,0.0034,0.0033942331,-0.0051,-0.0051130494,-0.0085,-0.0085072825,-0.0491,-0.0503463744,0.0157,0.01557803
1929-04-01,0.0036,0.0035935355,0.0183,0.0181345702,0.0147,0.0145410347,-0.0112,-0.0112631923,0.0093,0.0092570213
1929-05-01,0.0044,0.0043903483,-0.0594,-0.0612373095,-0.0638,-0.0656276578,-0.0544,-0.0559356323,-0.0152,-0.0153167041
1929-06-01,0.0052,0.0051865267,0.1022,0.0973081825,0.097,0.0921216558,-0.0214,-0.0216323001,-0.0274,-0.027782381
1929-07-01,0.0033,0.0032945669,0.0481,0.0469790012,0.0448,0.0436844342,-0.0387,-0.0394687439,0.0267,0.0263497753
1929-08-01,0.004,0.0039920213,0.0854,0.0819485826,0.0814,0.0779565614,-0.0975,-0.1025865888,0.0032,0.0031948909
1929-09-01,0.0035,0.0034938893,-0.051,-0.0523464804,-0.0545,-0.0558403696,0.0134,0.0133110141,-0.0079,-0.0079313703
1929-10-01,0.0046,0.0045894523,-0.1961,-0.2182803956,-0.2007,-0.222869848,-0.0495,-0.0507671171,0.0754,0.0726926854
1929-11-01,0.0037,0.0036931718,-0.125,-0.1335313926,-0.1287,-0.1372245645,-0.0088,-0.0088389487,0.0505,0.0492662413
1929-12-01,0.0037,0.0036931718,0.0165,0.0163653541,0.0128,0.0126721822,-0.041,-0.0418642041,-0.0014,-0.0014009809
1930-01-01,0.0014,0.0013990209,0.0575,0.0559076319,0.0561,0.054508611,0.0349,0.0343048037,-0.0103,-0.0103534121
1930-02-01,0.003,0.002995509,0.028,0.027615167,0.025,0.0246196581,0.0028,0.0027960873,0.0028,0.0027960873
1930-03-01,0.0035,0.0034938893,0.0744,0.0717623662,0.0709,0.068268477,0.0339,0.0333380596,0.003,0.002995509
1930-04-01,0.0021,0.0020977981,-0.0184,-0.0185713856,-0.0205,-0.0206691837,-0.0035,-0.0035061393,-0.0037,-0.0037068619
1930-05-01,0.0026,0.0025966258,-0.014,-0.0140989244,-0.0166,-0.0166955502,-0.021,-0.0212236365,-0.0074,-0.0074275158
1930-06-01,0.0027,0.0026963615,-0.1581,-0.1720940366,-0.1608,-0.1747903982,-0.0359,-0.0365602553,0.024,0.0237165266
1930-07-01,0.002,0.0019980027,0.0432,0.0422929122,0.0412,0.0402949095,-0.0027,-0.0027036516,-0.017,-0.0171461588
1930-08-01,0.0009,0.0008995952,0.0039,0.0038924147,0.003,0.0029928195,-0.0216,-0.0218366946,-0.0059,-0.0059174738
1930-09-01,0.0022,0.0021975835,-0.1259,-0.1345604934,-0.1281,-0.1367580769,-0.0241,-0.0243951568,-0.0509,-0.0522411118
1930-10-01,0.0009,0.0008995952,-0.0869,-0.0909098754,-0.0878,-0.0918094706,-0.002,-0.0020020027,-0.0109,-0.0109598402
1930-11-01,0.0013,0.0012991557,-0.0291,-0.0295318026,-0.0304,-0.0308309583,0.0246,0.0243022925,-0.0381,-0.0388447838
1930-12-01,0.0014,0.0013990209,-0.0772,-0.0803427527,-0.0786,-0.0817417736,-0.0467,-0.0478256295,-0.0569,-0.0585829574
1931-01-01,0.0015,0.0014988761,0.064,0.0620353909,0.0625,0.0605365148,0.0347,0.0341115296,0.0824,0.0791807979
1931-02-01,0.0004,0.00039992,0.1092,0.1036390348,0.1088,0.1032391147,0.0345,0.0339182182,0.0163,0.0161685812
1931-03-01,0.0013,0.0012991557,-0.0622,-0.0642185723,-0.0635,-0.0655177281,0.0283,0.0279069533,-0.032,-0.0325231917
1931-04-01,0.0008,0.0007996802,-0.0992,-0.1044720216,-0.1,-0.1052717018,-0.0422,-0.0431162911,-0.0433,-0.0442654163
1931-05-01,0.0009,0.0008995952,-0.132,-0.1415635643,-0.1329,-0.1424631596,0.0522,0.0508832103,-0.0631,-0.065178726
1931-06-01,0.0008,0.0007996802,0.1401,0.1311159779,0.1393,0.1303162977,-0.0501,-0.0513985631,0.117,0.1106465201
1931-07-01,0.0006,0.0005998201,-0.0657,-0.0679576932,-0.0663,-0.0685575133,0.0156,0.0154795708,-0.023,-0.0232686269
1931-08-01,0.0003,0.000299955,0.0043,0.0042907814,0.004,0.0039908264,-0.0205,-0.0207130416,-0.0176,-0.0177567216
1931-09-01,0.0003,0.000299955,-0.2871,-0.3384141209,-0.2874,-0.3387140759,-0.0108,-0.0108587433,-0.0713,-0.0739695202
1931-10-01,0.001,0.0009995003,0.0809,0.0777940274,0.0799,0.0767945271,-0.0014,-0.0014009809,0.0288,0.0283930745
1931-11-01,0.0017,0.0016985566,-0.0897,-0.0939810635,-0.0914,-0.0956796201,0.0441,0.0431552703,-0.0521,-0.0535062675
1931-12-01,0.0012,0.0011992806,-0.134,-0.1438703704,-0.1352,-0.145069651,-0.0075,-0.0075282664,-0.0939,-0.0986056038
1932-01-01,0.0023,0.002297359,-0.0134,-0.0134905902,-0.0157,-0.0157879492,0.0433,0.0423887665,0.0986,0.0940366419
1932-02-01,0.0023,0.002297359,0.0568,0.0552454742,0.0545,0.0529481152,-0.026,-0.0263439753,-0.0132,-0.0132878943
1932-03-01,0.0016,0.0015987214,-0.1114,-0.1181080885,-0.113,-0.1197068098,0.0221,0.0218593344,-0.0233,-0.0235757365
1932-04-01,0.0011,0.0010993954,-0.1783,-0.196379914,-0.1794,-0.1974793095,0.0098,0.0097522914,0.0198,0.0196065296
1932-05-01,0.0006,0.0005998201,-0.2045,-0.2287844312,-0.2051,-0.2293842513,0.0441,0.0431552703,-0.0442,-0.0452065928
1932-06-01,0.0002,0.00019998,-0.0075,-0.0075282664,-0.0077,-0.0077282464,0.0027,0.0026963615,0.0607,0.0589290675
1932-07-01,0.0002,0.00019998,0.3363,0.2899046008,0.3361,0.2897046208,-0.0429,-0.0438473998,0.3552,0.3039490449
1932-08-01,0.0003,0.000299955,0.3715,0.3159050314,0.3712,0.3156050764,0.1346,0.1262801659,0.342,0.2941610385
1932-09-01,0.0003,0.000299955,-0.0291,-0.0295318026,-0.0294,-0.0298317576,-0.0215,-0.0217344921,-0.0737,-0.0765571227
1932-10-01,0.0002,0.00019998,-0.1313,-0.1407574377,-0.1315,-0.1409574177,-0.0259,-0.0262413112,-0.1047,-0.1105964213
1932-11-01,0.0002,0.00019998,-0.0586,-0.06038715,-0.0588,-0.06058713,0.0183,0.0181345702,-0.1319,-0.1414483636
1932-12-01,0.0001,9.9995e-05,0.0443,0.0433468045,0.0442,0.0432468095,-0.083,-0.0866478067,-0.0754,-0.0783940674
1933-01-01,0.0001,9.9995e-05,0.0125,0.01242252,0.0124,0.012322525,0.0073,0.007273484,0.0646,0.0625991418
1933-02-01,-0.0003,-0.000300045,-0.1532,-0.1662907397,-0.1529,-0.1659906947,-0.0263,-0.026652031,-0.0292,-0.0296348051
1933-03-01,0.0004,0.00039992,0.031,0.030529205,0.0306,0.030129285,0.036,0.0353671438,0.0709,0.0684994164
1933-04-01,0.001,0.0009995003,0.3891,0.3286560554,0.3881,0.3276565551,0.0302,0.0297529581,0.201,0.1831545431
1933-05-01,0.0004,0.00039992,0.2147,0.1944971327,0.2143,0.1940972127,0.3596,0.3071905388,0.1866,0.1710920748
1933-06-01,0.0002,0.00019998,0.1312,0.1232790162,0.131,0.1230790362,0.0865,0.0829615207,-0.0164,-0.0165359686
1933-07-01,0.0002,0.00019998,-0.0962,-0.101147182,-0.0964,-0.101347162,-0.0106,-0.0106565802,0.033,0.0324671901
1933-08-01,0.0003,0.000299955,0.1207,0.1139534901,0.1204,0.1136535351,-0.0516,-0.0529789248,0.0305,0.0300441213
1933-09-01,0.0002,0.00019998,-0.1063,-0.1123851306,-0.1065,-0.1125851106,-0.0058,-0.0058168853,-0.1171,-0.1245433351
1933-10-01,0.0001,9.9995e-05,-0.0835,-0.0871932117,-0.0836,-0.0872932067,-0.0007,-0.0007002451,-0.0849,-0.0887219301
1933-11-01,0.0002,0.00019998,0.0999,0.0952192666,0.0997,0.0950192866,-0.0637,-0.065819341,0.0227,0.0224461888
1933-12-01,0.0002,0.00019998,0.0184,0.0182327683,0.0182,0.0180327883,0.0036,0.0035935355,-0.0199,-0.0201006717
1934-01-01,0.0005,0.000499875,0.1265,0.1191154809,0.126,0.1186156058,0.1321,0.1240743151,0.162,0.1501426584
1934-02-01,0.0002,0.00019998,-0.0249,-0.0252152491,-0.0251,-0.0254152291,0.0505,0.0492662413,0.0186,0.0184291355
1934-03-01,0.0002,0.00019998,0.0011,0.0010993954,0.0009,0.0008994154,0.0245,0.0242046887,-0.0259,-0.0262413112
1934-04-01,0.0001,9.9995e-05,-0.0178,-0.0179603254,-0.0179,-0.0180603204,0.0273,0.0269340012,-0.0383,-0.0390527273
1934-05-01,0.0001,9.9995e-05,-0.0725,-0.0752624845,-0.0726,-0.0753624795,-0.0031,-0.003104815,-0.059,-0.0608121394
1934-06-01,0.0001,9.9995e-05,0.0272,0.026836654,0.0271,0.026736659,-0.0218,-0.0220411309,-0.0285,-0.0289140102
1934-07-01,0.0001,9.9995e-05,-0.1093,-0.1157476085,-0.1094,-0.1158476035,-0.0712,-0.0738618486,-0.1076,-0.1138408164
1934-08-01,0.0001,9.9995e-05,0.0559,0.0543934838,0.0558,0.0542934888,0.0555,0.0540145883,0.0017,0.0016985566
1934-09-01,0.0001,9.9995e-05,-0.0023,-0.0023026491,-0.0024,-0.0024026441,-0.015,-0.0151136378,-0.0121,-0.0121738009
1934-10-01,0.0001,9.9995e-05,-0.0165,-0.0166376412,-0.0166,-0.0167376362,0.0123,0.0122249696,-0.05,-0.0512932944
1934-11-01,0.0001,9.9995e-05,0.0834,0.0801042442,0.0833,0.0800042492,0.066,0.0639133257,-0.0214,-0.0216323001
1934-12-01,0.0001,9.9995e-05,0.0037,0.0036931718,0.0036,0.0035931768,0.0328,0.0322735606,-0.0316,-0.0321100539
1935-01-01,0.0001,9.9995e-05,-0.0345,-0.0351091771,-0.0346,-0.0352091721,0.0096,0.0095542128,-0.0177,-0.0178585183
1935-02-01,0.0002,0.00019998,-0.0194,-0.0195906498,-0.0196,-0.0197906298,0.0032,0.0031948909,-0.0748,-0.0777453486
1935-03-01,0.0001,9.9995e-05,-0.037,-0.0377018672,-0.0371,-0.0378018622,-0.0343,-0.034902052,-0.0503,-0.0516091337
1935-04-01,0.0001,9.9995e-05,0.0907,0.086819692,0.0906,0.086719697,-0.0158,-0.0159261506,0.0437,0.0427720918
1935-05-01,0.0001,9.9995e-05,0.0347,0.0341115296,0.0346,0.0340115346,-0.032,-0.0325231917,0.0245,0.0242046887
1935-06-01,0.0001,9.9995e-05,0.0594,0.0577027101,0.0593,0.0576027151,-0.0253,-0.0256255476,-0.0152,-0.0153167041
1935-07-01,0.0001,9.9995e-05,0.0755,0.0727856697,0.0754,0.0726856747,0.0202,0.0199986865,0.0658,0.0637256909
1935-08-01,0.0001,9.9995e-05,0.0266,0.0262523711,0.0265,0.0261523761,0.0601,0.0583632433,0.0629,0.0610010216
1935-09-01,0.0001,9.9995e-05,0.0263,0.0259601017,0.0262,0.0258601067,0.0155,0.015381102,-0.0412,-0.0420727764
1935-10-01,0.0001,9.9995e-05,0.0704,0.0680324104,0.0703,0.0679324154,0.0267,0.0263497753,-0.0233,-0.0235757365
1935-11-01,0.0002,0.00019998,0.0489,0.047741996,0.0487,0.047542016,0.0465,0.0454512629,0.122,0.1151128071
1935-12-01,0.0001,9.9995e-05,0.0456,0.0445908833,0.0455,0.0444908883,0.0009,0.0008995952,0.0083,0.0082657444
1936-01-01,0.0001,9.9995e-05,0.069,0.066723632,0.0689,0.066623637,0.056,0.0544881853,0.1095,0.1039094634
1936-02-01,0.0001,9.9995e-05,0.025,0.0246926126,0.0249,0.0245926176,0.0084,0.0083649163,0.0433,0.0423887665
1936-03-01,0.0002,0.00019998,0.0098,0.0097522914,0.0096,0.0095523114,0.0069,0.0068763039,-0.0159,-0.0160277611
1936-04-01,0.0002,0.00019998,-0.0812,-0.0846868082,-0.0814,-0.0848867882,-0.0599,-0.0617690264,-0.0228,-0.0230639396
1936-05-01,0.0002,0.00019998,0.0521,0.0507881668,0.0519,0.0505881868,0.0089,0.0088606284,0.0255,0.0251802985
1936-06-01,0.0003,0.000299955,0.0243,0.0240094525,0.024,0.0237094975,-0.0322,-0.0327298246,-0.0119,-0.0119713718
1936-07-01,0.0001,9.9995e-05,0.0669,0.0647572472,0.0668,0.0646572522,0.0107,0.0106431601,0.0253,0.0249852527
1936-08-01,0.0002,0.00019998,0.0101,0.0100493359,0.0099,0.0098493559,0.0061,0.0060814703,0.0379,0.037199441
1936-09-01,0.0001,9.9995e-05,0.0098,0.0097522914,0.0097,0.0096522964,0.0312,0.0307231726,0.0094,0.0093560949
1936-10-01,0.0002,0.00019998,0.0712,0.0687795154,0.071,0.0685795354,-0.0235,-0.0237805287,0.0251,0.0247901688
1936-11-01,0.0001,9.9995e-05,0.0327,0.0321767317,0.0326,0.0320767367,0.087,0.0834216081,-0.0125,-0.0125787822
1936-12-01,0.0,0.0,0.002,0.0019980027,0.002,0.0019980027,0.0387,0.0379699313,0.0414,0.0405659617
1937-01-01,0.0001,9.9995e-05,0.0336,0.033047854,0.0335,0.032947859,0.0449,0.0439211871,0.0278,0.0274205956
1937-02-01,0.0002,0.00019998,0.011,0.01093994,0.0108,0.01073996,0.0064,0.006379607,0.0428,0.0419094031
1937-03-01,0.0001,9.9995e-05,-0.0025,-0.0025031302,-0.0026,-0.0026031252,-0.0125,-0.0125787822,0.0704,0.0680324104
1937-04-01,0.0003,0.000299955,-0.0733,-0.0761253904,-0.0736,-0.0764253454,-0.0372,-0.0379095731,-0.0346,-0.0352127558
1937-05-01,0.0006,0.0005998201,-0.0077,-0.0077297981,-0.0083,-0.0083296181,-0.0069,-0.0069239151,-0.0346,-0.0352127558
1937-06-01,0.0003,0.000299955,-0.042,-0.042907501,-0.0423,-0.043207456,-0.0391,-0.0398849337,-0.0312,-0.0316970867
1937-07-01,0.0003,0.000299955,0.0894,0.085627086,0.0891,0.085327131,0.0088,0.0087615057,0.0081,0.0080673711
1937-08-01,0.0002,0.00019998,-0.0486,-0.049820695,-0.0488,-0.050020675,0.0045,0.0044899053,-0.0225,-0.0227569871
1937-09-01,0.0004,0.00039992,-0.1358,-0.1459510555,-0.1362,-0.1463509755,-0.07,-0.0725706928,-0.0455,-0.0465676358
1937-10-01,0.0002,0.00019998,-0.0957,-0.1005941152,-0.0959,-0.1007940952,0.0045,0.0044899053,-0.0152,-0.0153167041
1937-11-01,0.0002,0.00019998,-0.0831,-0.0867568639,-0.0833,-0.0869568439,-0.0356,-0.0362491327,0.0022,0.0021975835
1937-12-01,0.0,0.0,-0.0429,-0.0438473998,-0.0429,-0.0438473998,-0.0792,-0.0825124216,-0.0047,-0.0047110797
1938-01-01,0.0,0.0,0.0048,0.0047885167,0.0048,0.0047885167,0.0484,0.0472651925,-0.0153,-0.0154182527
1938-02-01,0.0,0.0,0.0585,0.0568528116,0.0585,0.0568528116,0.0041,0.0040916179,-0.0197,-0.0198966317
1938-03-01,-0.0001,-0.000100005,-0.2392,-0.2733847678,-0.2391,-0.2732847628,-0.043,-0.0439518875,-0.0363,-0.0369752361
1938-04-01,0.0001,9.9995e-05,0.1449,0.1353172969,0.1448,0.1352173019,0.064,0.0620353909,0.0045,0.0044899053
1938-05-01,0.0,0.0,-0.0386,-0.0393647235,-0.0386,-0.0393647235,-0.0247,-0.025010163,-0.0024,-0.0024028846
1938-06-01,0.0,0.0,0.2389,0.2142238891,0.2389,0.2142238891,0.0422,0.0413338635,0.0037,0.0036931718
1938-07-01,-0.0001,-0.000100005,0.0732,0.0706448396,0.0733,0.0707448446,0.0669,0.0647572472,0.0228,0.0225439644
1938-08-01,0.0,0.0,-0.0268,-0.0271656681,-0.0268,-0.0271656681,-0.0248,-0.0251127008,-0.0478,-0.0489801822
1938-09-01,0.0002,0.00019998,0.0085,0.0084640784,0.0083,0.0082640984,-0.0268,-0.0271656681,-0.017,-0.0171461588
1938-10-01,0.0001,9.9995e-05,0.0781,0.0752002326,0.078,0.0751002376,0.0581,0.0564748469,0.0504,0.049171044
1938-11-01,-0.0006,-0.0006001801,-0.018,-0.0181639706,-0.0174,-0.0175637906,-0.0255,-0.02583076,-0.012,-0.0120725812
1938-12-01,0.0,0.0,0.0416,0.0407579925,0.0416,0.0407579925,-0.0181,-0.0182658088,0.0054,0.0053854723
1939-01-01,-0.0001,-0.000100005,-0.0598,-0.0616626604,-0.0597,-0.0615626554,-0.0154,-0.0155198117,-0.0392,-0.0399890082
1939-02-01,0.0001,9.9995e-05,0.0352,0.0345946448,0.0351,0.0344946498,0.0061,0.0060814703,0.0292,0.0287818014
1939-03-01,-0.0001,-0.000100005,-0.1204,-0.1282880203,-0.1203,-0.1281880153,-0.0475,-0.048665172,-0.0827,-0.0863207065
1939-04-01,0.0,0.0,-0.0018,-0.0018016219,-0.0018,-0.0018016219,0.0167,0.0165620883,-0.003,-0.003004509
1939-05-01,0.0001,9.9995e-05,0.0682,0.0659749889,0.0681,0.0658749939,0.028,0.027615167,0.0047,0.0046889895
1939-06-01,0.0001,9.9995e-05,-0.0532,-0.0546674013,-0.0533,-0.0547673963,-0.0109,-0.0109598402,-0.0528,-0.0542450149
1939-07-01,0.0,0.0,0.1022,0.0973081825,0.1022,0.0973081825,0.0413,0.0404699326,0.0031,0.0030952049
1939-08-01,-0.0001,-0.000100005,-0.0669,-0.0692429027,-0.0668,-0.0691428977,-0.0469,-0.048035449,-0.0234,-0.0236781274
1939-09-01,0.0001,9.9995e-05,0.169,0.1561486825,0.1689,0.1560486875,0.2061,0.1873920136,0.2191,0.1981128816
1939-10-01,0.0,0.0,-0.0053,-0.0053140948,-0.0053,-0.0053140948,-0.0015,-0.0015011261,-0.0471,-0.0482453126
1939-11-01,0.0,0.0,-0.0365,-0.0371827911,-0.0365,-0.0371827911,-0.0518,-0.0531898285,-0.0626,-0.0646451935
1939-12-01,0.0,0.0,0.0293,0.0288789596,0.0293,0.0288789596,0.0093,0.0092570213,-0.0422,-0.0431162911
1940-01-01,0.0,0.0,-0.0241,-0.0243951568,-0.0241,-0.0243951568,0.004,0.0039920213,-0.011,-0.0110609474
1940-02-01,0.0,0.0,0.0144,0.0142973047,0.0144,0.0142973047,0.0222,0.0219571674,0.0018,0.0017983819
1940-03-01,0.0,0.0,0.0205,0.0202927033,0.0205,0.0202927033,0.0127,0.0126200314,-0.013,-0.0130852395
1940-04-01,0.0,0.0,0.0022,0.0021975835,0.0022,0.0021975835,0.0402,0.0394130024,-0.0026,-0.0026033859
1940-05-01,-0.0002,-0.00020002,-0.2202,-0.2487178024,-0.22,-0.2485177824,-0.066,-0.0682788408,-0.038,-0.0387408283
1940-06-01,0.0,0.0,0.0669,0.0647572472,0.0669,0.0647572472,-0.0173,-0.0174513936,0.0387,0.0379699313
1940-07-01,0.0001,9.9995e-05,0.0318,0.0313048498,0.0317,0.0312048548,0.0099,0.0098513161,-0.0075,-0.0075282664
1940-08-01,-0.0001,-0.000100005,0.022,0.0217614918,0.0221,0.0218614968,-0.0018,-0.0018016219,0.0055,0.0054849302
1940-09-01,0.0,0.0,0.0239,0.0236188656,0.0239,0.0236188656,0.032,0.0314986671,-0.0114,-0.0114654781
1940-10-01,0.0,0.0,0.0303,0.029850022,0.0303,0.029850022,0.0033,0.0032945669,0.0465,0.0454512629
1940-11-01,0.0,0.0,-0.0165,-0.0166376412,-0.0165,-0.0166376412,0.0198,0.0196065296,0.0016,0.0015987214
1940-12-01,0.0,0.0,0.0069,0.0068763039,0.0069,0.0068763039,-0.0212,-0.0214279474,-0.0089,-0.0089398416
1941-01-01,-0.0001,-0.000100005,-0.0419,-0.0428031223,-0.0418,-0.0427031173,0.0098,0.0097522914,0.0383,0.0375847603
1941-02-01,-0.0001,-0.000100005,-0.0144,-0.0145046862,-0.0143,-0.0144046812,-0.0156,-0.0157229605,0.0089,0.0088606284
1941-03-01,0.0001,9.9995e-05,0.0085,0.0084640784,0.0084,0.0083640834,0.0009,0.0008995952,0.0305,0.0300441213
1941-04-01,-0.0001,-0.000100005,-0.0547,-0.0562529416,-0.0546,-0.0561529366,-0.0167,-0.0168410172,0.0341,0.0335314832
1941-05-01,0.0,0.0,0.0137,0.0136070034,0.0137,0.0136070034,-0.0064,-0.0064205678,0.0061,0.0060814703
1941-06-01,0.0,0.0,0.0583,0.0566638471,0.0583,0.0566638471,0.0131,0.0130149371,0.0061,0.0060814703
1941-07-01,0.0003,0.000299955,0.059,0.0573250666,0.0587,0.0570251116,0.0574,0.0558130648,0.0724,0.0698991274
1941-08-01,0.0001,9.9995e-05,-0.0016,-0.0016012814,-0.0017,-0.0017012764,-0.0043,-0.0043092716,-0.011,-0.0110609474
1941-09-01,0.0001,9.9995e-05,-0.0087,-0.0087380659,-0.0088,-0.0088380609,-0.0098,-0.0098483361,-0.0027,-0.0027036516
1941-10-01,0.0,0.0,-0.0526,-0.0540338885,-0.0526,-0.0540338885,-0.0207,-0.0209172483,0.0163,0.0161685812
1941-11-01,0.0,0.0,-0.0195,-0.0196926333,-0.0195,-0.0196926333,-0.0108,-0.0108587433,-0.006,-0.0060180723
1941-12-01,0.0001,9.9995e-05,-0.0487,-0.0499258088,-0.0488,-0.0500258038,-0.0286,-0.0290169491,-0.0594,-0.0612373095
1942-01-01,0.0002,0.00019998,0.0081,0.0080673711,0.0079,0.0078673911,0.0745,0.0718554371,0.101,0.0962188577
1942-02-01,0.0001,9.9995e-05,-0.0245,-0.0248051189,-0.0246,-0.0249051139,0.0174,0.0172503534,-0.0115,-0.0115666364
1942-03-01,0.0001,9.9995e-05,-0.0659,-0.0681717801,-0.066,-0.0682717751,0.0187,0.0185273046,-0.0061,-0.006118681
1942-04-01,0.0001,9.9995e-05,-0.0436,-0.0445790434,-0.0437,-0.0446790384,-0.0044,-0.0044097085,0.0209,0.0206845912
1942-05-01,0.0003,0.000299955,0.0599,0.0581745641,0.0596,0.057874609,-0.032,-0.0325231917,-0.0267,-0.0270629195
1942-06-01,0.0002,0.00019998,0.027,0.0266419309,0.0268,0.0264419509,-0.0128,-0.0128826258,0.0043,0.0042907814
1942-07-01,0.0003,0.000299955,0.0354,0.0347878255,0.0351,0.0344878705,-0.0015,-0.0015011261,0.0241,0.0238141781
1942-08-01,0.0003,0.000299955,0.0183,0.0181345702,0.018,0.0178346152,-0.0008,-0.0008003202,0.0133,0.0132123315
1942-09-01,0.0003,0.000299955,0.0265,0.0261549575,0.0262,0.0258550025,0.0064,0.006379607,0.0239,0.0236188656
1942-10-01,0.0003,0.000299955,0.0685,0.0662557958,0.0682,0.0659558408,0.0175,0.0173486383,0.0647,0.0626930693
1942-11-01,0.0003,0.000299955,0.0016,0.0015987214,0.0013,0.0012987664,-0.0149,-0.0150121201,-0.0423,-0.0432207025
1942-12-01,0.0003,0.000299955,0.0517,0.0504079025,0.0514,0.0501079475,-0.0255,-0.02583076,0.0055,0.0054849302
1943-01-01,0.0003,0.000299955,0.0716,0.0691528587,0.0713,0.0688529037,0.0881,0.084433056,0.0823,0.0790884063
1943-02-01,0.0003,0.000299955,0.0619,0.0600597564,0.0616,0.0597598014,0.0484,0.0472651925,0.0652,0.063162575
1943-03-01,0.0003,0.000299955,0.0606,0.0588347857,0.0603,0.0585348307,0.0507,0.0494566087,0.0549,0.0534459757
1943-04-01,0.0003,0.000299955,0.0084,0.0083649163,0.0081,0.0080649613,0.0207,0.0204886664,0.0586,0.0569472804
1943-05-01,0.0002,0.00019998,0.0577,0.0560967394,0.0575,0.0558967593,0.044,0.0430594895,0.0328,0.0322735606
1943-06-01,0.0003,0.000299955,0.0185,0.0183309567,0.0182,0.0180310017,-0.0103,-0.0103534121,-0.0075,-0.0075282664
1943-07-01,0.0003,0.000299955,-0.0475,-0.048665172,-0.0478,-0.048965127,-0.0231,-0.0233709863,-0.0223,-0.0225524045
1943-08-01,0.0003,0.000299955,0.0133,0.0132123315,0.013,0.0129123765,-0.0064,-0.0064205678,-0.0047,-0.0047110797
1943-09-01,0.0003,0.000299955,0.0243,0.0240094525,0.024,0.0237094975,0.013,0.0129162253,0.0142,0.0141001244
1943-10-01,0.0003,0.000299955,-0.0112,-0.0112631923,-0.0115,-0.0115631473,0.006,0.0059820717,0.0168,0.0166604409
1943-11-01,0.0003,0.000299955,-0.059,-0.0608121394,-0.0593,-0.0611120944,-0.0157,-0.0158245503,-0.0399,-0.0407178333
1943-12-01,0.0003,0.000299955,0.064,0.0620353909,0.0637,0.0617354359,0.031,0.030529205,0.029,0.0285874569
1944-01-01,0.0003,0.000299955,0.0177,0.0175451792,0.0174,0.0172452242,0.0261,0.0257652079,0.0229,0.0226417305
1944-02-01,0.0003,0.000299955,0.004,0.0039920213,0.0037,0.0036920663,-0.0008,-0.0008003202,0.0085,0.0084640784
1944-03-01,0.0002,0.00019998,0.0248,0.0244974716,0.0246,0.0242974916,0.0165,0.0163653541,0.0335,0.0329511001
1944-04-01,0.0003,0.000299955,-0.0166,-0.016739324,-0.0169,-0.017039279,-0.0131,-0.0131865618,-0.0106,-0.0106565802
1944-05-01,0.0003,0.000299955,0.0511,0.0498372348,0.0508,0.0495372798,0.0168,0.0166604409,0.0103,0.0102473165
1944-06-01,0.0003,0.000299955,0.0554,0.053919842,0.0551,0.053619887,0.0411,0.0402778465,0.0189,0.018723614
1944-07-01,0.0003,0.000299955,-0.0146,-0.0147076289,-0.0149,-0.0150075839,0.0058,0.0057832448,-0.0042,-0.0042088448
1944-08-01,0.0003,0.000299955,0.0159,0.0157749191,0.0156,0.0154749641,0.0237,0.0234235149,-0.0144,-0.0145046862
1944-09-01,0.0002,0.00019998,0.0004,0.00039992,0.0002,0.00019994,0.0048,0.0047885167,-0.012,-0.0120725812
1944-10-01,0.0003,0.000299955,0.0019,0.0018981973,0.0016,0.0015982423,-0.0016,-0.0016012814,-0.0036,-0.0036064956
1944-11-01,0.0003,0.000299955,0.0174,0.0172503534,0.0171,0.0169503984,0.0035,0.0034938893,0.0238,0.023521195
1944-12-01,0.0002,0.00019998,0.0406,0.0397974699,0.0404,0.0395974899,0.0223,0.0220549908,0.0587,0.0570417404
1945-01-01,0.0003,0.000299955,0.0204,0.0201947073,0.0201,0.0198947523,0.0245,0.0242046887,0.0068,0.0067769843
1945-02-01,0.0002,0.00019998,0.0625,0.0606246218,0.0623,0.0604246418,0.0162,0.0160701802,0.0443,0.0433468045
1945-03-01,0.0002,0.00019998,-0.0389,-0.0396768172,-0.0391,-0.0398767972,-0.0166,-0.016739324,-0.0157,-0.0158245503
1945-04-01,0.0003,0.000299955,0.0783,0.0753857269,0.078,0.0750857719,0.0048,0.0047885167,0.0311,0.0306261935
1945-05-01,0.0003,0.000299955,0.0177,0.0175451792,0.0174,0.0172452242,0.0153,0.0151841353,0.0034,0.0033942331
1945-06-01,0.0002,0.00019998,0.0041,0.0040916179,0.0039,0.0038916379,0.0314,0.0309171026,0.0427,0.0418135028
1945-07-01,0.0003,0.000299955,-0.0214,-0.0216323001,-0.0217,-0.0219322551,-0.0145,-0.0146061524,-0.0273,-0.0276795691
1945-08-01,0.0003,0.000299955,0.0625,0.0606246218,0.0622,0.0603246668,0.016,0.0158733492,-0.044,-0.0449973659
1945-09-01,0.0003,0.000299955,0.048,0.0468835859,0.0477,0.0465836309,0.0174,0.0172503534,0.0046,0.0045894523
1945-10-01,0.0003,0.000299955,0.0392,0.0384511864,0.0389,0.0381512314,0.0236,0.0233258253,0.0214,0.0211742352
1945-11-01,0.0002,0.00019998,0.0542,0.0527821854,0.054,0.0525822054,0.0418,0.0409499863,0.0435,0.0425804475
1945-12-01,0.0003,0.000299955,0.0122,0.0121261798,0.0119,0.0118262248,0.0216,0.0213700257,-0.024,-0.0242926926
1946-01-01,0.0003,0.000299955,0.0627,0.0608128394,0.0624,0.0605128844,0.0398,0.039028387,0.0228,0.0225439644
1946-02-01,0.0003,0.000299955,-0.0581,-0.0598561672,-0.0584,-0.0601561222,-0.0068,-0.0068232253,-0.0127,-0.0127813344
1946-03-01,0.0003,0.000299955,0.0591,0.0574194909,0.0588,0.0571195359,0.003,0.002995509,-0.0037,-0.0037068619
1946-04-01,0.0003,0.000299955,0.0426,0.0417175934,0.0423,0.0414176383,0.0237,0.0234235149,0.0046,0.0045894523
1946-05-01,0.0003,0.000299955,0.0397,0.03893221,0.0394,0.038632255,0.0148,0.0146915487,0.011,0.01093994
1946-06-01,0.0003,0.000299955,-0.0386,-0.0393647235,-0.0389,-0.0396646785,-0.0155,-0.0156213809,-0.0053,-0.0053140948
1946-07-01,0.0003,0.000299955,-0.0266,-0.0269601816,-0.0269,-0.0272601366,-0.0191,-0.0192847614,0.0005,0.000499875
1946-08-01,0.0003,0.000299955,-0.0643,-0.0664603667,-0.0646,-0.0667603217,-0.018,-0.0181639706,0.006,0.0059820717
1946-09-01,0.0003,0.000299955,-0.1015,-0.1070285728,-0.1018,-0.1073285278,-0.0443,-0.0453112227,-0.0197,-0.0198966317
1946-10-01,0.0003,0.000299955,-0.0141,-0.0142003494,-0.0144,-0.0145003044,0.0017,0.0016985566,0.0345,0.0339182182
1946-11-01,0.0003,0.000299955,0.0001,9.9995e-05,-0.0002,-0.00019996,-0.0037,-0.0037068619,0.0153,0.0151841353
1946-12-01,0.0003,0.000299955,0.05,0.0487901642,0.0497,0.0484902092,0.0,0.0,-0.0141,-0.0142003494
1947-01-01,0.0003,0.000299955,0.0128,0.0127187724,0.0125,0.0124188174,0.022,0.0217614918,-0.0074,-0.0074275158
1947-02-01,0.0003,0.000299955,-0.0106,-0.0106565802,-0.0109,-0.0109565352,0.007,0.0069756137,0.0014,0.0013990209
1947-03-01,0.0003,0.000299955,-0.0165,-0.0166376412,-0.0168,-0.0169375962,-0.016,-0.0161293819,0.0061,0.0060814703
1947-04-01,0.0003,0.000299955,-0.0477,-0.0488751678,-0.048,-0.0491751228,-0.0397,-0.0405095433,0.0085,0.0084640784
1947-05-01,0.0003,0.000299955,-0.0093,-0.009343515,-0.0096,-0.00964347,-0.0327,-0.0332465938,0.0032,0.0031948909
1947-06-01,0.0003,0.000299955,0.0533,0.0519280929,0.053,0.0516281379,-0.0033,-0.003305457,-0.0064,-0.0064205678
1947-07-01,0.0003,0.000299955,0.0416,0.0407579925,0.0413,0.0404580375,0.0147,0.0145930023,0.0276,0.0272259863
1947-08-01,0.0003,0.000299955,-0.0171,-0.0172478934,-0.0174,-0.0175478484,0.0033,0.0032945669,0.0014,0.0013990209
1947-09-01,0.0006,0.0005998201,-0.0048,-0.004811557,-0.0054,-0.0054113771,0.0162,0.0160701802,0.0136,0.01350835
1947-10-01,0.0006,0.0005998201,0.0253,0.0249852527,0.0247,0.0243854326,0.0052,0.0051865267,0.0011,0.0010993954
1947-11-01,0.0006,0.0005998201,-0.0193,-0.0194886766,-0.0199,-0.0200884967,-0.0169,-0.0170444346,0.0107,0.0106431601
1947-12-01,0.0008,0.0007996802,0.0309,0.0304322071,0.0301,0.0296325269,-0.0247,-0.025010163,0.0374,0.0367175829
1948-01-01,0.0007,0.0006997551,-0.0386,-0.0393647235,-0.0393,-0.0400644786,0.0252,0.0248877155,0.0138,0.0137056471
1948-02-01,0.0007,0.0006997551,-0.0431,-0.0440563862,-0.0438,-0.0447561413,-0.017,-0.0171461588,0.0005,0.000499875
1948-03-01,0.0009,0.0008995952,0.082,0.0788111804,0.0811,0.0779115852,0.0012,0.0011992806,0.0452,0.0442082547
1948-04-01,0.0008,0.0007996802,0.0373,0.0366211835,0.0365,0.0358215033,-0.0164,-0.0165359686,0.0412,0.0403738941
1948-05-01,0.0008,0.0007996802,0.074,0.0713899961,0.0732,0.0705903159,0.0087,0.0086623731,-0.0127,-0.0127813344
1948-06-01,0.0009,0.0008995952,-0.0002,-0.00020002,-0.0011,-0.0010996152,-0.0178,-0.0179603254,0.0284,0.0280041964
1948-07-01,0.0008,0.0007996802,-0.05,-0.0512932944,-0.0508,-0.0520929746,-0.0038,-0.0038072383,0.0011,0.0010993954
1948-08-01,0.0009,0.0008995952,0.0033,0.0032945669,0.0024,0.0023949717,-0.0113,-0.0113643301,0.0029,0.0028958031
1948-09-01,0.0004,0.00039992,-0.0295,-0.0299438764,-0.0299,-0.0303437964,-0.0127,-0.0127813344,-0.0177,-0.0178585183
1948-10-01,0.0004,0.00039992,0.06,0.0582689081,0.0596,0.0578689881,-0.0148,-0.0149106127,0.0058,0.0057832448
1948-11-01,0.0004,0.00039992,-0.093,-0.0976128289,-0.0934,-0.0980127489,-0.0061,-0.006118681,-0.0415,-0.0423857165
1948-12-01,0.0004,0.00039992,0.033,0.0324671901,0.0326,0.0320672701,-0.0285,-0.0289140102,-0.0195,-0.0196926333
1949-01-01,0.001,0.0009995003,0.0033,0.0032945669,0.0023,0.0022950666,0.0171,0.0169554406,0.0125,0.01242252
1949-02-01,0.0009,0.0008995952,-0.0284,-0.0288110819,-0.0293,-0.0297106771,-0.0187,-0.0188770558,-0.0089,-0.0089398416
1949-03-01,0.001,0.0009995003,0.0415,0.0406619817,0.0405,0.0396624814,0.0248,0.0244974716,0.0131,0.0130149371
1949-04-01,0.0009,0.0008995952,-0.0178,-0.0179603254,-0.0187,-0.0188599206,-0.0092,-0.0092425814,-0.0112,-0.0112631923
1949-05-01,0.001,0.0009995003,-0.0288,-0.0292228587,-0.0298,-0.030222359,-0.0078,-0.0078305791,-0.0239,-0.0241902388
1949-06-01,0.001,0.0009995003,0.002,0.0019980027,0.001,0.0009985023,-0.0086,-0.0086371934,-0.0165,-0.0166376412
1949-07-01,0.0009,0.0008995952,0.0563,0.0547722358,0.0554,0.0538726406,0.0055,0.0054849302,0.0039,0.0038924147
1949-08-01,0.0009,0.0008995952,0.0268,0.02644717,0.0259,0.0255475748,0.0014,0.0013990209,-0.0059,-0.0059174738
1949-09-01,0.0009,0.0008995952,0.0318,0.0313048498,0.0309,0.0304052546,0.0105,0.0104452579,0.0023,0.002297359
1949-10-01,0.0009,0.0008995952,0.0323,0.0317893225,0.0314,0.0308897272,0.0103,0.0102473165,-0.0049,-0.0049120444
1949-11-01,0.0008,0.0007996802,0.0189,0.018723614,0.0181,0.0179239338,-0.0094,-0.0094444588,-0.009,-0.0090407447
1949-12-01,0.0009,0.0008995952,0.0523,0.0509782448,0.0514,0.0500786495,0.0208,0.0205866336,0.0173,0.0171520588
1950-01-01,0.0009,0.0008995952,0.0179,0.0177416815,0.017,0.0168420862,0.0334,0.0328543369,0.0015,0.0014988761
1950-02-01,0.0009,0.0008995952,0.0157,0.01557803,0.0148,0.0146784347,0.0002,0.00019998,-0.0079,-0.0079313703
1950-03-01,0.001,0.0009995003,0.0136,0.01350835,0.0126,0.0125088497,-0.0143,-0.0144032303,-0.0278,-0.0281937344
1950-04-01,0.0009,0.0008995952,0.0403,0.0395091331,0.0394,0.0386095379,0.02,0.0198026273,0.0133,0.0132123315
1950-05-01,0.001,0.0009995003,0.0442,0.043251042,0.0432,0.0422515417,-0.0213,-0.0215301186,0.0047,0.0046889895
1950-06-01,0.001,0.0009995003,-0.0586,-0.06038715,-0.0596,-0.0613866503,-0.0241,-0.0243951568,-0.0079,-0.0079313703
1950-07-01,0.001,0.0009995003,0.0147,0.0145930023,0.0137,0.013593502,0.0054,0.0053854723,0.1369,0.1283052602
1950-08-01,0.001,0.0009995003,0.0496,0.0484091392,0.0486,0.0474096389,0.0074,0.0073727543,-0.0137,-0.013794711
1950-09-01,0.001,0.0009995003,0.0492,0.048027969,0.0482,0.0470284687,0.0059,0.0058826632,-0.011,-0.0110609474
1950-10-01,0.0012,0.0011992806,-0.0007,-0.0007002451,-0.0019,-0.0018995257,-0.0066,-0.0066218763,0.0136,0.01350835
1950-11-01,0.0011,0.0010993954,0.0285,0.0281014301,0.0274,0.0270020347,-0.0089,-0.0089398416,0.0319,0.0314017631
1950-12-01,0.0011,0.0010993954,0.0568,0.0552454742,0.0557,0.0541460788,0.0153,0.0151841353,0.0727,0.0701788346
1951-01-01,0.0013,0.0012991557,0.0583,0.0566638471,0.057,0.0553646914,0.0167,0.0165620883,0.0379,0.037199441
1951-02-01,0.001,0.0009995003,0.015,0.0148886125,0.014,0.0138891122,0.0014,0.0013990209,-0.0279,-0.0282965992
1951-03-01,0.0011,0.0010993954,-0.0205,-0.0207130416,-0.0216,-0.021812437,-0.0066,-0.0066218763,-0.0426,-0.043534002
1951-04-01,0.0013,0.0012991557,0.0499,0.0486949215,0.0486,0.0473957658,-0.0148,-0.0149106127,0.0326,0.0320798935
1951-05-01,0.0012,0.0011992806,-0.0224,-0.0226546906,-0.0236,-0.0238539711,-0.0008,-0.0008003202,-0.0142,-0.0143017847
1951-06-01,0.0012,0.0011992806,-0.0251,-0.0254203773,-0.0263,-0.0266196579,-0.0196,-0.0197946273,-0.0398,-0.0406136829
1951-07-01,0.0013,0.0012991557,0.0708,0.0684060327,0.0695,0.0671068769,-0.0205,-0.0207130416,0.02,0.0198026273
1951-08-01,0.0013,0.0012991557,0.0442,0.043251042,0.0429,0.0419518863,0.0095,0.0094551588,-0.0017,-0.0017014466
1951-09-01,0.0012,0.0011992806,0.0082,0.0081665627,0.007,0.0069672821,0.0186,0.0184291355,0.0062,0.0061808591
1951-10-01,0.0016,0.0015987214,-0.0237,-0.0239853628,-0.0253,-0.0255840841,-0.0023,-0.0023026491,0.0018,0.0017983819
1951-11-01,0.0011,0.0010993954,0.0069,0.0068763039,0.0058,0.0057769085,-0.0033,-0.003305457,-0.0008,-0.0008003202
1951-12-01,0.0012,0.0011992806,0.0345,0.0339182182,0.0333,0.0327189376,-0.0224,-0.0226546906,-0.0155,-0.0156213809
1952-01-01,0.0015,0.0014988761,0.016,0.0158733492,0.0145,0.014374473,-0.0065,-0.006521217,0.0148,0.0146915487
1952-02-01,0.0012,0.0011992806,-0.0252,-0.0255229572,-0.0264,-0.0267222378,0.0085,0.0084640784,-0.0062,-0.0062192998
1952-03-01,0.0011,0.0010993954,0.0455,0.0444952399,0.0444,0.0433958444,-0.0297,-0.030149977,0.0223,0.0220549908
1952-04-01,0.0012,0.0011992806,-0.0485,-0.0497155922,-0.0497,-0.0509148728,0.0049,0.0048880341,-0.0003,-0.000300045
1952-05-01,0.0013,0.0012991557,0.0333,0.0327575642,0.032,0.0314584085,-0.01,-0.0100503359,0.0002,0.00019998
1952-06-01,0.0015,0.0014988761,0.0399,0.0391245547,0.0384,0.0376256786,-0.0163,-0.0164343065,0.0124,0.0123237497
1952-07-01,0.0015,0.0014988761,0.0106,0.0105442139,0.0091,0.0090453378,-0.0041,-0.004108428,-0.0032,-0.0032051309
1952-08-01,0.0015,0.0014988761,-0.0062,-0.0062192998,-0.0077,-0.0077181759,0.0115,0.0114343776,0.0009,0.0008995952
1952-09-01,0.0016,0.0015987214,-0.0188,-0.0189789666,-0.0204,-0.020577688,0.0109,0.0108410232,-0.0142,-0.0143017847
1952-10-01,0.0014,0.0013990209,-0.0052,-0.0052135671,-0.0066,-0.006612588,-0.0103,-0.0103534121,-0.0055,-0.0055151807
1952-11-01,0.001,0.0009995003,0.0606,0.0588347857,0.0596,0.0578352854,-0.0072,-0.0072260451,0.0102,0.0101483311
1952-12-01,0.0016,0.0015987214,0.0309,0.0304322071,0.0293,0.0288334858,-0.0151,-0.0152151658,0.0019,0.0018981973
1953-01-01,0.0016,0.0015987214,-0.0018,-0.0018016219,-0.0034,-0.0034003433,0.0354,0.0347878255,0.0128,0.0127187724
1953-02-01,0.0014,0.0013990209,-0.0013,-0.0013008457,-0.0027,-0.0026998666,0.0222,0.0219571674,-0.0005,-0.000500125
1953-03-01,0.0018,0.0017983819,-0.0126,-0.0126800532,-0.0144,-0.0144784351,-0.0021,-0.0021022081,-0.0084,-0.0084354788
1953-04-01,0.0016,0.0015987214,-0.0267,-0.0270629195,-0.0283,-0.0286616409,0.0026,0.0025966258,0.0155,0.015381102
1953-05-01,0.0017,0.0016985566,0.0068,0.0067769843,0.0051,0.0050784276,-0.0005,-0.000500125,0.0025,0.0024968802
1953-06-01,0.0018,0.0017983819,-0.0171,-0.0172478934,-0.0189,-0.0190462754,-0.0189,-0.0190808878,-0.005,-0.0050125418
1953-07-01,0.0015,0.0014988761,0.0255,0.0251802985,0.024,0.0236814224,-0.0104,-0.0104544579,-0.0025,-0.0025031302
1953-08-01,0.0017,0.0016985566,-0.0439,-0.0448927689,-0.0456,-0.0465913255,0.0037,0.0036931718,-0.0352,-0.035834453
1953-09-01,0.0016,0.0015987214,0.0037,0.0036931718,0.0021,0.0020944505,-0.0085,-0.008536331,-0.0244,-0.0247026126
1953-10-01,0.0013,0.0012991557,0.0473,0.0462154238,0.046,0.0449162681,-0.0136,-0.0136933271,-0.0019,-0.0019018073
1953-11-01,0.0008,0.0007996802,0.0292,0.0287818014,0.0284,0.0279821213,-0.013,-0.0130852395,-0.0015,-0.0015011261
1953-12-01,0.0013,0.0012991557,0.0015,0.0014988761,0.0002,0.0001997204,-0.0085,-0.008536331,-0.0283,-0.0287081641
1954-01-01,0.0011,0.0010993954,0.0524,0.0510732702,0.0513,0.0499738747,0.005,0.0049875415,0.0345,0.0339182182
1954-02-01,0.0007,0.0006997551,0.0174,0.0172503534,0.0167,0.0165505983,-0.0018,-0.0018016219,-0.0027,-0.0027036516
1954-03-01,0.0008,0.0007996802,0.0374,0.0367175829,0.0366,0.0359179028,-0.005,-0.0050125418,-0.0145,-0.0146061524
1954-04-01,0.0009,0.0008995952,0.0436,0.0426762743,0.0427,0.041776679,-0.0347,-0.0353163451,-0.0037,-0.0037068619
1954-05-01,0.0005,0.000499875,0.0315,0.0310140535,0.031,0.0305141785,0.0039,0.0038924147,0.0245,0.0242046887
1954-06-01,0.0006,0.0005998201,0.0114,0.0113355097,0.0108,0.0107356896,0.0038,0.0037927982,0.0002,0.00019998
1954-07-01,0.0005,0.000499875,0.0505,0.0492662413,0.05,0.0487663663,0.0105,0.0104452579,0.0414,0.0405659617
1954-08-01,0.0005,0.000499875,-0.023,-0.0232686269,-0.0235,-0.023768502,0.0268,0.02644717,-0.0142,-0.0143017847
1954-09-01,0.0009,0.0008995952,0.0649,0.062880898,0.064,0.0619813028,-0.0256,-0.025933382,0.0068,0.0067769843
1954-10-01,0.0007,0.0006997551,-0.016,-0.0161293819,-0.0167,-0.016829137,0.0061,0.0060814703,0.0064,0.006379607
1954-11-01,0.0006,0.0005998201,0.0947,0.0904803531,0.0941,0.0898805331,-0.0265,-0.0268574542,0.0445,0.043538302
1954-12-01,0.0008,0.0007996802,0.0557,0.054204054,0.0549,0.0534043738,0.0218,0.0215657779,0.0568,0.0552454742
1955-01-01,0.0008,0.0007996802,0.0068,0.0067769843,0.006,0.0059773041,0.0024,0.0023971246,0.021,0.0207825392
1955-02-01,0.0009,0.0008995952,0.0311,0.0306261935,0.0302,0.0297265983,0.0155,0.015381102,0.0061,0.0060814703
1955-03-01,0.001,0.0009995003,-0.0005,-0.000500125,-0.0015,-0.0014996254,-0.0065,-0.006521217,0.0193,0.0191161172
1955-04-01,0.001,0.0009995003,0.0321,0.0315955616,0.0311,0.0305960613,-0.0175,-0.0176549352,0.0075,0.0074720148
1955-05-01,0.0014,0.0013990209,0.0108,0.0107420965,0.0094,0.0093430756,-0.0025,-0.0025031302,-0.0096,-0.0096463771
1955-06-01,0.001,0.0009995003,0.0665,0.0643822589,0.0655,0.0633827586,-0.0461,-0.0471964348,0.0185,0.0183309567
1955-07-01,0.001,0.0009995003,0.0199,0.0197045833,0.0189,0.0187050829,-0.012,-0.0120725812,0.0043,0.0042907814
1955-08-01,0.0016,0.0015987214,0.0038,0.0037927982,0.0022,0.0021940769,-0.0047,-0.0047110797,0.0075,0.0074720148
1955-09-01,0.0016,0.0015987214,-0.0021,-0.0021022081,-0.0037,-0.0037009295,0.003,0.002995509,-0.01,-0.0100503359
1955-10-01,0.0018,0.0017983819,-0.0249,-0.0252152491,-0.0267,-0.0270136311,0.0147,0.0145930023,-0.0007,-0.0007002451
1955-11-01,0.0017,0.0016985566,0.0721,0.0696193419,0.0704,0.0679207852,-0.022,-0.0222456089,0.0033,0.0032945669
1955-12-01,0.0018,0.0017983819,0.0167,0.0165620883,0.0149,0.0147637064,0.0198,0.0196065296,-0.0213,-0.0215301186
1956-01-01,0.0022,0.0021975835,-0.0281,-0.0285023605,-0.0303,-0.030699944,0.005,0.0049875415,0.008,0.0079681696
1956-02-01,0.0019,0.0018981973,0.0397,0.03893221,0.0378,0.0370340127,-0.0097,-0.0097473515,-0.0041,-0.004108428
1956-03-01,0.0015,0.0014988761,0.0679,0.0656941032,0.0664,0.0641952271,-0.0212,-0.0214279474,-0.0048,-0.004811557
1956-04-01,0.0019,0.0018981973,0.0047,0.0046889895,0.0028,0.0027907922,-0.0003,-0.000300045,-0.0014,-0.0014009809
1956-05-01,0.0023,0.002297359,-0.0499,-0.0511880368,-0.0522,-0.0534853958,0.0149,0.0147900855,-0.0134,-0.0134905902
1956-06-01,0.002,0.0019980027,0.0367,0.0360425913,0.0347,0.0340445887,-0.0153,-0.0154182527,-0.0107,-0.0107576567
1956-07-01,0.0022,0.0021975835,0.0506,0.0493614295,0.0484,0.047163846,-0.0168,-0.0169427207,-0.0006,-0.0006001801
1956-08-01,0.0017,0.0016985566,-0.0302,-0.0306654143,-0.0319,-0.0323639709,0.0189,0.018723614,-0.0073,-0.0073267754
1956-09-01,0.0018,0.0017983819,-0.0496,-0.0508723304,-0.0514,-0.0526707123,0.0158,0.0156764794,0.0176,0.0174469136
1956-10-01,0.0025,0.0024968802,0.0077,0.0076705063,0.0052,0.0051736261,-0.001,-0.0010005003,-0.0006,-0.0006001801
1956-11-01,0.002,0.0019980027,0.0055,0.0054849302,0.0035,0.0034869276,-0.0021,-0.0021022081,0.0176,0.0174469136
1956-12-01,0.0024,0.0023971246,0.034,0.0334347761,0.0316,0.0310376515,-0.0004,-0.00040008,-0.0215,-0.0217344921
1957-01-01,0.0027,0.0026963615,-0.033,-0.0335567835,-0.0357,-0.0362531451,0.0338,0.0332413338,0.0283,0.0279069533
1957-02-01,0.0024,0.0023971246,-0.0183,-0.0184695163,-0.0207,-0.0208666409,-0.0076,-0.0076290272,-0.0066,-0.0066218763
1957-03-01,0.0023,0.002297359,0.0236,0.0233258253,0.0213,0.0210284663,0.0032,0.0031948909,-0.0054,-0.0054146327
1957-04-01,0.0025,0.0024968802,0.0451,0.0441125746,0.0426,0.0416156944,-0.016,-0.0161293819,-0.0148,-0.0149106127
1957-05-01,0.0026,0.0025966258,0.0372,0.0365247747,0.0346,0.0339281488,-0.0109,-0.0109598402,-0.0201,-0.0203047533
1957-06-01,0.0024,0.0023971246,-0.0051,-0.0051130494,-0.0075,-0.007510174,0.0057,0.0056838165,-0.0002,-0.00020002
1957-07-01,0.003,0.002995509,0.0096,0.0095542128,0.0066,0.0065587038,-0.008,-0.0080321717,0.0048,0.0047885167
1957-08-01,0.0025,0.0024968802,-0.0487,-0.0499258088,-0.0512,-0.052422689,0.0006,0.0005998201,-0.0045,-0.0045101555
1957-09-01,0.0026,0.0025966258,-0.0573,-0.0590071806,-0.0599,-0.0616038064,0.0006,0.0005998201,0.0095,0.0094551588
1957-10-01,0.0029,0.0028958031,-0.0403,-0.0411345434,-0.0432,-0.0440303465,-0.0246,-0.0249076357,-0.0188,-0.0189789666
1957-11-01,0.0028,0.0027960873,0.0259,0.0255702761,0.0231,0.0227741888,0.004,0.0039920213,-0.0291,-0.0295318026
1957-12-01,0.0024,0.0023971246,-0.0366,-0.0372865848,-0.039,-0.0396837094,-0.0091,-0.0091416579,-0.0176,-0.0177567216
1958-01-01,0.0028,0.0027960873,0.0493,0.0481232752,0.0465,0.0453271879,0.0429,0.0420052941,0.0434,0.0424846116
1958-02-01,0.0012,0.0011992806,-0.0141,-0.0142003494,-0.0153,-0.01539963,0.0075,0.0074720148,0.0023,0.002297359
1958-03-01,0.0009,0.0008995952,0.0336,0.033047854,0.0327,0.0321482588,0.0069,0.0068763039,-0.0103,-0.0103534121
1958-04-01,0.0008,0.0007996802,0.0317,0.0312079271,0.0309,0.030408247,-0.0069,-0.0069239151,0.0164,0.0162669725
1958-05-01,0.0011,0.0010993954,0.0243,0.0240094525,0.0232,0.022910057,0.0216,0.0213700257,-0.002,-0.0020020027
1958-06-01,0.0003,0.000299955,0.0296,0.0291703773,0.0293,0.0288704223,-0.0014,-0.0014009809,0.0031,0.0030952049
1958-07-01,0.0007,0.0006997551,0.0446,0.043634037,0.0439,0.0429342819,0.0051,0.005087039,0.0307,0.0302381831
1958-08-01,0.0004,0.00039992,0.0194,0.0192142189,0.019,0.0188142989,0.0115,0.0114343776,0.0033,0.0032945669
1958-09-01,0.0019,0.0018981973,0.0485,0.0473605714,0.0466,0.0454623741,0.0011,0.0010993954,0.028,0.027615167
1958-10-01,0.0018,0.0017983819,0.0271,0.0267392972,0.0253,0.0249409152,0.0108,0.0107420965,-0.0113,-0.0113643301
1958-11-01,0.0011,0.0010993954,0.0312,0.0307231726,0.0301,0.0296237772,0.02,0.0198026273,-0.0117,-0.0117689836
1958-12-01,0.0022,0.0021975835,0.0538,0.0524026788,0.0516,0.0502050952,-0.0207,-0.0209172483,0.0006,0.0005998201
1959-01-01,0.0021,0.0020977981,0.0092,0.0091579378,0.0071,0.0070601397,0.0303,0.029850022,0.0292,0.0287818014
1959-02-01,0.0019,0.0018981973,0.0114,0.0113355097,0.0095,0.0094373124,0.0148,0.0146915487,0.0115,0.0114343776
1959-03-01,0.0022,0.0021975835,0.005,0.0049875415,0.0028,0.002789958,0.0147,0.0145930023,-0.0034,-0.0034057931
1959-04-01,0.002,0.0019980027,0.0386,0.0378736524,0.0366,0.0358756498,-0.0061,-0.006118681,-0.0124,-0.0124775215
1959-05-01,0.0022,0.0021975835,0.0195,0.019312311,0.0173,0.0171147275,-0.0216,-0.0218366946,0.018,0.0178399181
1959-06-01,0.0024,0.0023971246,0.0,0.0,-0.0024,-0.0023971246,0.0069,0.0068763039,0.0132,0.0131136391
1959-07-01,0.0025,0.0024968802,0.0343,0.0337248694,0.0318,0.0312279892,-0.0035,-0.0035061393,0.0027,0.0026963615
1959-08-01,0.0019,0.0018981973,-0.0119,-0.0119713718,-0.0138,-0.0138695691,-0.0078,-0.0078305791,0.0044,0.0043903483
1959-09-01,0.0031,0.0030952049,-0.045,-0.0460439385,-0.0481,-0.0491391434,-0.0015,-0.0015011261,0.0053,0.0052860044
1959-10-01,0.003,0.002995509,0.0158,0.0156764794,0.0128,0.0126809704,0.0152,0.0150856374,-0.021,-0.0212236365
1959-11-01,0.0026,0.0025966258,0.0186,0.0184291355,0.016,0.0158325096,0.0126,0.0125212806,-0.0322,-0.0327298246
1959-12-01,0.0034,0.0033942331,0.028,0.027615167,0.0246,0.024220934,-0.0063,-0.0063199287,-0.0001,-0.000100005
1960-01-01,0.0033,0.0032945669,-0.0665,-0.068814316,-0.0698,-0.0721088829,0.0212,0.0209784064,0.0265,0.0261549575
1960-02-01,0.0029,0.0028958031,0.0145,0.0143958803,0.0116,0.0115000772,0.006,0.0059820717,-0.0197,-0.0198966317
1960-03-01,0.0035,0.0034938893,-0.0128,-0.0128826258,-0.0163,-0.0163765151,-0.0055,-0.0055151807,-0.0275,-0.0278852035
1960-04-01,0.0019,0.0018981973,-0.0152,-0.0153167041,-0.0171,-0.0172149014,0.0022,0.0021975835,-0.0214,-0.0216323001
1960-05-01,0.0027,0.0026963615,0.0339,0.0333380596,0.0312,0.0306416981,0.0129,0.0128175037,-0.0373,-0.0380134422
1960-06-01,0.0024,0.0023971246,0.0232,0.0229349713,0.0208,0.0205378467,-0.0028,-0.0028039273,-0.0027,-0.0027036516
1960-07-01,0.0013,0.0012991557,-0.0224,-0.0226546906,-0.0237,-0.0239538463,-0.0052,-0.0052135671,0.0208,0.0205866336
1960-08-01,0.0017,0.0016985566,0.0317,0.0312079271,0.03,0.0295093705,0.007,0.0069756137,-0.0022,-0.0022024236
1960-09-01,0.0016,0.0015987214,-0.0584,-0.060174723,-0.06,-0.0617734444,-0.0113,-0.0113643301,0.0166,0.016463726
1960-10-01,0.0022,0.0021975835,-0.0049,-0.0049120444,-0.0071,-0.0071096279,-0.0403,-0.0411345434,0.0275,0.0271286674
1960-11-01,0.0013,0.0012991557,0.0482,0.0470744074,0.0469,0.0457752517,0.0036,0.0035935355,-0.0237,-0.0239853628
1960-12-01,0.0016,0.0015987214,0.0489,0.047741996,0.0473,0.0461432746,-0.0159,-0.0160277611,-0.0076,-0.0076290272
1961-01-01,0.0019,0.0018981973,0.0639,0.0619414015,0.062,0.0600432043,0.0063,0.006280238,0.0362,0.0355601754
1961-02-01,0.0014,0.0013990209,0.0371,0.0364283566,0.0357,0.0350293357,0.0388,0.0380662008,-0.0059,-0.0059174738
1961-03-01,0.002,0.0019980027,0.0309,0.0304322071,0.0289,0.0284342045,0.0323,0.0317893225,-0.0083,-0.0083346368
1961-04-01,0.0017,0.0016985566,0.0046,0.0045894523,0.0029,0.0028908957,0.0009,0.0008995952,0.0209,0.0206845912
1961-05-01,0.0018,0.0017983819,0.0258,0.025472796,0.024,0.023674414,0.0196,0.0194103935,0.0044,0.0043903483
1961-06-01,0.002,0.0019980027,-0.0288,-0.0292228587,-0.0308,-0.0312208613,-0.025,-0.025317808,-0.0012,-0.0012007206
1961-07-01,0.0018,0.0017983819,0.0301,0.0296558849,0.0283,0.027857503,-0.0193,-0.0194886766,-0.0008,-0.0008003202
1961-08-01,0.0014,0.0013990209,0.0271,0.0267392972,0.0257,0.0253402763,-0.0171,-0.0172478934,-0.0029,-0.0029042131
1961-09-01,0.0017,0.0016985566,-0.0198,-0.0199986465,-0.0215,-0.0216972031,-0.0107,-0.0107576567,-0.0061,-0.006118681
1961-10-01,0.0019,0.0018981973,0.0277,0.0273232956,0.0258,0.0254250984,-0.0165,-0.0166376412,0.0014,0.0013990209
1961-11-01,0.0015,0.0014988761,0.046,0.0449733656,0.0445,0.0434744895,0.0126,0.0125212806,-0.012,-0.0120725812
1961-12-01,0.0019,0.0018981973,0.0002,0.00019998,-0.0017,-0.0016982173,-0.0086,-0.0086371934,0.018,0.0178399181
1962-01-01,0.0024,0.0023971246,-0.0363,-0.0369752361,-0.0387,-0.0393723607,0.0177,0.0175451792,0.0511,0.0498372348
1962-02-01,0.002,0.0019980027,0.0201,0.0199006617,0.0181,0.017902659,-0.0117,-0.0117689836,0.0086,0.0085632307
1962-03-01,0.002,0.0019980027,-0.0048,-0.004811557,-0.0068,-0.0068095597,0.0066,0.0065783154,-0.0159,-0.0160277611
1962-04-01,0.0022,0.0021975835,-0.0637,-0.065819341,-0.0659,-0.0680169246,-0.008,-0.0080321717,0.0016,0.0015987214
1962-05-01,0.0024,0.0023971246,-0.0842,-0.0879572788,-0.0866,-0.0903544034,-0.0313,-0.0318003125,0.0276,0.0272259863
1962-06-01,0.002,0.0019980027,-0.083,-0.0866478067,-0.085,-0.0886458094,-0.0044,-0.0044097085,0.0242,0.02391182
1962-07-01,0.0027,0.0026963615,0.0654,0.0633503155,0.0627,0.060653954,0.0152,0.0150856374,-0.0337,-0.034280934
1962-08-01,0.0023,0.002297359,0.0236,0.0233258253,0.0213,0.0210284663,0.0122,0.0121261798,-0.0112,-0.0112631923
1962-09-01,0.0021,0.0020977981,-0.0501,-0.0513985631,-0.0522,-0.0534963612,-0.024,-0.0242926926,0.0133,0.0132123315
1962-10-01,0.0026,0.0025966258,0.0021,0.0020977981,-0.0005,-0.0004988278,-0.0395,-0.0403012968,0.013,0.0129162253
1962-11-01,0.002,0.0019980027,0.1109,0.1051704976,0.1089,0.1031724949,0.025,0.0246926126,0.0085,0.0084640784
1962-12-01,0.0023,0.002297359,0.0124,0.0123237497,0.0101,0.0100263906,-0.0376,-0.0383251143,0.0032,0.0031948909
1963-01-01,0.0025,0.0024968802,0.0519,0.0505980528,0.0494,0.0481011726,0.0301,0.0296558849,0.0224,0.0221528046
1963-02-01,0.0023,0.002297359,-0.0217,-0.0219389075,-0.024,-0.0242362666,0.0046,0.0045894523,0.0215,0.0212721353
1963-03-01,0.0023,0.002297359,0.0331,0.0325639909,0.0308,0.0302666318,-0.0258,-0.0261386576,0.021,0.0207825392
1963-04-01,0.0025,0.0024968802,0.0476,0.0465018337,0.0451,0.0440049535,-0.0126,-0.0126800532,0.01,0.0099503309
1963-05-01,0.0024,0.0023971246,0.02,0.0198026273,0.0176,0.0174055027,0.0108,0.0107420965,0.0255,0.0251802985
1963-06-01,0.0023,0.002297359,-0.0177,-0.0178585183,-0.02,-0.0201558773,-0.0032,-0.0032051309,0.0065,0.0064789661
1963-07-01,0.0027,0.0026963615,-0.0012,-0.0012007206,-0.0039,-0.0038970821,-0.0057,-0.005716307,-0.0084,-0.0084354788
1963-08-01,0.0025,0.0024968802,0.0533,0.0519280929,0.0508,0.0494312127,-0.0095,-0.0095454128,0.0172,0.0170537546
1963-09-01,0.0027,0.0026963615,-0.013,-0.0130852395,-0.0157,-0.0157816011,-0.0025,-0.0025031302,-0.0002,-0.00020002
1963-10-01,0.0029,0.0028958031,0.0283,0.0279069533,0.0254,0.0250111501,-0.0057,-0.005716307,-0.0003,-0.000300045
1963-11-01,0.0027,0.0026963615,-0.0059,-0.0059174738,-0.0086,-0.0086138353,-0.0116,-0.0116678049,0.0178,0.0176434352
1963-12-01,0.0029,0.0028958031,0.0212,0.0209784064,0.0183,0.0180826033,-0.0196,-0.0197946273,-0.0021,-0.0021022081
1964-01-01,0.003,0.002995509,0.0254,0.0250827804,0.0224,0.0220872714,-0.0024,-0.0024028846,0.0158,0.0156764794
1964-02-01,0.0026,0.0025966258,0.0181,0.0179381451,0.0155,0.0153415193,0.0011,0.0010993954,0.0277,0.0273232956
1964-03-01,0.0031,0.0030952049,0.0172,0.0170537546,0.0141,0.0139585497,0.0095,0.0094551588,0.033,0.0324671901
1964-04-01,0.0029,0.0028958031,0.0039,0.0038924147,0.001,0.0009966116,-0.0135,-0.0135919535,-0.0056,-0.0056157388
1964-05-01,0.0026,0.0025966258,0.0167,0.0165620883,0.0141,0.0139654625,-0.0084,-0.0084354788,0.0182,0.0180363625
1964-06-01,0.003,0.002995509,0.0157,0.01557803,0.0127,0.012582521,-0.0023,-0.0023026491,0.0069,0.0068763039
1964-07-01,0.003,0.002995509,0.0204,0.0201947073,0.0174,0.0171991983,0.002,0.0019980027,0.0079,0.0078689584
1964-08-01,0.0028,0.0027960873,-0.0116,-0.0116678049,-0.0144,-0.0144638922,0.0003,0.000299955,0.0007,0.0006997551
1964-09-01,0.0028,0.0027960873,0.0297,0.0292674977,0.0269,0.0264714104,-0.0062,-0.0062192998,0.0172,0.0170537546
1964-10-01,0.0029,0.0028958031,0.0089,0.0088606284,0.006,0.0059648253,0.005,0.0049875415,0.0108,0.0107420965
1964-11-01,0.0029,0.0028958031,0.0028,0.0027960873,-0.0001,-9.97158e-05,0.0068,0.0067769843,-0.0204,-0.0206109539
1964-12-01,0.0031,0.0030952049,0.0035,0.0034938893,0.0004,0.0003986843,-0.0027,-0.0027036516,-0.0243,-0.0246001169
1965-01-01,0.0028,0.0027960873,0.0382,0.0374884444,0.0354,0.0346923571,0.0253,0.0249852527,0.0036,0.0035935355
1965-02-01,0.003,0.002995509,0.0074,0.0073727543,0.0044,0.0043772453,0.0332,0.0326607822,0.0022,0.0021975835
1965-03-01,0.0036,0.0035935355,-0.0098,-0.0098483361,-0.0134,-0.0134418716,0.0181,0.0179381451,0.0115,0.0114343776
1965-04-01,0.0031,0.0030952049,0.0342,0.033628181,0.0311,0.0305329761,0.0111,0.0110388471,0.0073,0.007273484
1965-05-01,0.0031,0.0030952049,-0.0047,-0.0047110797,-0.0078,-0.0078062846,0.0005,0.000499875,-0.0155,-0.0156213809
1965-06-01,0.0035,0.0034938893,-0.0516,-0.0529789248,-0.0551,-0.056472814,-0.0407,-0.0415514272,0.0023,0.002297359
1965-07-01,0.0031,0.0030952049,0.0175,0.0173486383,0.0144,0.0142534334,0.0086,0.0085632307,0.0219,0.0216636396
1965-08-01,0.0033,0.0032945669,0.0306,0.0301411569,0.0273,0.02684659,0.0285,0.0281014301,-0.0098,-0.0098483361
1965-09-01,0.0031,0.0030952049,0.0317,0.0312079271,0.0286,0.0281127222,0.0063,0.006280238,-0.0014,-0.0014009809
1965-10-01,0.0031,0.0030952049,0.0291,0.0286846339,0.026,0.025589429,0.0252,0.0248877155,0.0155,0.015381102
1965-11-01,0.0035,0.0034938893,0.0032,0.0031948909,-0.0003,-0.0002989984,0.0469,0.0458334163,0.0016,0.0015987214
1965-12-01,0.0033,0.0032945669,0.0134,0.0133110141,0.0101,0.0100164471,0.0207,0.0204886664,0.0215,0.0212721353
1966-01-01,0.0038,0.0037927982,0.011,0.01093994,0.0072,0.0071471418,0.0402,0.0394130024,0.0327,0.0321767317
1966-02-01,0.0035,0.0034938893,-0.0086,-0.0086371934,-0.0121,-0.0121310826,0.0444,0.0434425578,0.0038,0.0037927982
1966-03-01,0.0038,0.0037927982,-0.0213,-0.0215301186,-0.0251,-0.0253229168,0.0086,0.0085632307,-0.0213,-0.0215301186
1966-04-01,0.0034,0.0033942331,0.0247,0.0243998868,0.0213,0.0210056538,0.0344,0.0338215485,-0.0036,-0.0036064956
1966-05-01,0.0041,0.0040916179,-0.0526,-0.0540338885,-0.0567,-0.0581255064,-0.046,-0.0470916075,-0.016,-0.0161293819
1966-06-01,0.0038,0.0037927982,-0.0106,-0.0106565802,-0.0144,-0.0144493784,0.0102,0.0101483311,0.0049,0.0048880341
1966-07-01,0.0035,0.0034938893,-0.0128,-0.0128826258,-0.0163,-0.0163765151,-0.0034,-0.0034057931,0.0091,0.0090588445
1966-08-01,0.0041,0.0040916179,-0.0753,-0.0782859184,-0.0794,-0.0823775363,-0.0327,-0.0332465938,0.0051,0.005087039
1966-09-01,0.004,0.0039920213,-0.0066,-0.0066218763,-0.0106,-0.0106138976,-0.0099,-0.0099493309,0.0047,0.0046889895
1966-10-01,0.0045,0.0044899053,0.0431,0.0421970487,0.0386,0.0377071434,-0.0656,-0.0678506669,0.0268,0.02644717
1966-11-01,0.004,0.0039920213,0.0178,0.0176434352,0.0138,0.0136514139,0.0416,0.0407579925,-0.0474,-0.0485601906
1966-12-01,0.004,0.0039920213,0.0053,0.0052860044,0.0013,0.0012939832,0.0199,0.0197045833,-0.0107,-0.0107576567
1967-01-01,0.0043,0.0042907814,0.0858,0.0823170425,0.0815,0.0780262611,0.0823,0.0790884063,0.0222,0.0219571674
1967-02-01,0.0036,0.0035935355,0.0113,0.0112366319,0.0077,0.0076430964,0.0333,0.0327575642,-0.0225,-0.0227569871
1967-03-01,0.0039,0.0038924147,0.0438,0.0428679002,0.0399,0.0389754855,0.0154,0.0152826235,0.0041,0.0040916179
1967-04-01,0.0032,0.0031948909,0.0421,0.041237908,0.0389,0.0380430171,0.0043,0.0042907814,-0.0227,-0.0229616116
1967-05-01,0.0033,0.0032945669,-0.0399,-0.0407178333,-0.0432,-0.0440124002,0.0209,0.0206845912,0.0084,0.0083649163
1967-06-01,0.0027,0.0026963615,0.0269,0.0265445552,0.0242,0.0238481937,0.0588,0.0571361914,0.0078,0.0077697373
1967-07-01,0.0032,0.0031948909,0.049,0.0478373294,0.0458,0.0446424385,0.0319,0.0314017631,0.0278,0.0274205956
1967-08-01,0.0031,0.0030952049,-0.0059,-0.0059174738,-0.009,-0.0090126787,0.0043,0.0042907814,0.0143,0.0141987194
1967-09-01,0.0032,0.0031948909,0.0342,0.033628181,0.031,0.0304332901,0.0302,0.0297529581,-0.0242,-0.0244976316
1967-10-01,0.0039,0.0038924147,-0.0269,-0.0272684272,-0.0308,-0.0311608419,0.0147,0.0145930023,-0.0329,-0.0334533763
1967-11-01,0.0036,0.0035935355,0.0073,0.007273484,0.0037,0.0036799485,0.0017,0.0016985566,-0.017,-0.0171461588
1967-12-01,0.0033,0.0032945669,0.0338,0.0332413338,0.0305,0.0299467668,0.0565,0.0549615581,-0.0059,-0.0059174738
1968-01-01,0.004,0.0039920213,-0.0363,-0.0369752361,-0.0403,-0.0409672574,0.0399,0.0391245547,0.0485,0.0473605714
1968-02-01,0.0039,0.0038924147,-0.0335,-0.0340739803,-0.0374,-0.037966395,-0.0295,-0.0299438764,0.0125,0.01242252
1968-03-01,0.0038,0.0037927982,0.0059,0.0058826632,0.0021,0.0020898649,-0.0128,-0.0128826258,-0.0066,-0.0066218763
1968-04-01,0.0043,0.0042907814,0.0945,0.090297638,0.0902,0.0860068566,0.0567,0.0551508445,-0.0111,-0.0111620647
1968-05-01,0.0045,0.0044899053,0.0273,0.0269340012,0.0228,0.022444096,0.0631,0.0611891683,0.0079,0.0078689584
1968-06-01,0.0043,0.0042907814,0.0113,0.0112366319,0.007,0.0069458505,-0.0018,-0.0018016219,0.0065,0.0064789661
1968-07-01,0.0048,0.0047885167,-0.0221,-0.0223478637,-0.0269,-0.0271363804,-0.0127,-0.0127813344,0.0533,0.0519280929
1968-08-01,0.0042,0.0041912046,0.0177,0.0175451792,0.0135,0.0133539746,0.0239,0.0236188656,0.0098,0.0097522914
1968-09-01,0.0043,0.0042907814,0.0448,0.0438254795,0.0405,0.0395346981,0.0274,0.0270313391,0.003,0.002995509
1968-10-01,0.0044,0.0043903483,0.0087,0.0086623731,0.0043,0.0042720248,-0.0052,-0.0052135671,0.0282,0.0278097006
1968-11-01,0.0042,0.0041912046,0.0585,0.0568528116,0.0543,0.052661607,0.0233,0.0230326991,-0.0095,-0.0095454128
1968-12-01,0.0043,0.0042907814,-0.035,-0.0356271776,-0.0393,-0.0399179591,0.0338,0.0332413338,0.0004,0.00039992
1969-01-01,0.0053,0.0052860044,-0.0072,-0.0072260451,-0.0125,-0.0125120495,-0.0062,-0.0062192998,0.0167,0.0165620883
1969-02-01,0.0046,0.0045894523,-0.054,-0.0555127099,-0.0586,-0.0601021623,-0.0396,-0.0404054146,0.0088,0.0087615057
1969-03-01,0.0046,0.0045894523,0.0312,0.0307231726,0.0266,0.0261337203,-0.0026,-0.0026033859,-0.0043,-0.0043092716
1969-04-01,0.0053,0.0052860044,0.0199,0.0197045833,0.0146,0.0144185788,-0.0082,-0.0082338049,0.0003,0.000299955
1969-05-01,0.0048,0.0047885167,0.0039,0.0038924147,-0.0009,-0.000896102,-0.0031,-0.003104815,0.0062,0.0061808591
1969-06-01,0.0051,0.005087039,-0.0668,-0.0691357388,-0.0719,-0.0742227779,-0.0535,-0.0549843083,-0.0109,-0.0109598402
1969-07-01,0.0053,0.0052860044,-0.0647,-0.0668879455,-0.07,-0.07217395,-0.0324,-0.0329365002,0.0118,0.0117309229
1969-08-01,0.005,0.0049875415,0.0519,0.0505980528,0.0469,0.0456105113,0.0081,0.0080673711,-0.0375,-0.0382212128
1969-09-01,0.0062,0.0061808591,-0.0235,-0.0237805287,-0.0297,-0.0299613877,0.0123,0.0122249696,-0.0322,-0.0327298246
1969-10-01,0.006,0.0059820717,0.0566,0.0550562057,0.0506,0.0490741341,0.0392,0.0384511864,-0.0312,-0.0316970867
1969-11-01,0.0052,0.0051865267,-0.0328,-0.0333499797,-0.038,-0.0385365064,-0.0255,-0.02583076,-0.0125,-0.0125787822
1969-12-01,0.0064,0.006379607,-0.0199,-0.0201006717,-0.0263,-0.0264802787,-0.0368,-0.0374942044,-0.0288,-0.0292228587
1970-01-01,0.006,0.0059820717,-0.075,-0.0779615415,-0.081,-0.0839436131,0.0291,0.0286846339,0.0317,0.0312079271
1970-02-01,0.0062,0.0061808591,0.0576,0.0560021901,0.0514,0.049821331,-0.0239,-0.0241902388,0.0369,0.0362354926
1970-03-01,0.0057,0.0056838165,-0.0049,-0.0049120444,-0.0106,-0.0105958608,-0.0231,-0.0233709863,0.0408,0.0399896482
1970-04-01,0.005,0.0049875415,-0.1049,-0.1108198351,-0.1099,-0.1158073766,-0.0614,-0.0633658756,0.0614,0.0595887914
1970-05-01,0.0053,0.0052860044,-0.0637,-0.065819341,-0.069,-0.0711053455,-0.0461,-0.0471964348,0.0332,0.0326607822
1970-06-01,0.0058,0.0057832448,-0.0522,-0.0536117694,-0.058,-0.0593950142,-0.0208,-0.0210193672,0.0044,0.0043903483
1970-07-01,0.0052,0.0051865267,0.0744,0.0717623662,0.0692,0.0665758395,-0.0054,-0.0054146327,0.0088,0.0087615057
1970-08-01,0.0053,0.0052860044,0.0503,0.0490758376,0.045,0.0437898332,0.0148,0.0146915487,0.0139,0.013804281
1970-09-01,0.0054,0.0053854723,0.0472,0.0461199356,0.0418,0.0407344633,0.0863,0.0827774265,-0.0544,-0.0559356323
1970-10-01,0.0046,0.0045894523,-0.0181,-0.0182658088,-0.0227,-0.0228552611,-0.0417,-0.0425943976,0.0023,0.002297359
1970-11-01,0.0046,0.0045894523,0.0508,0.0495517788,0.0462,0.0449623265,-0.0397,-0.0405095433,0.0156,0.0154795708
1970-12-01,0.0042,0.0041912046,0.0616,0.059777204,0.0574,0.0555859994,0.0282,0.0278097006,0.0107,0.0106431601
1971-01-01,0.0038,0.0037927982,0.0521,0.0507881668,0.0483,0.0469953686,0.0727,0.0701788346,0.0157,0.01557803
1971-02-01,0.0033,0.0032945669,0.0174,0.0172503534,0.0141,0.0139557865,0.0186,0.0184291355,-0.0125,-0.0125787822
1971-03-01,0.003,0.002995509,0.0442,0.043251042,0.0412,0.040255533,0.026,0.0256677467,-0.04,-0.0408219945
1971-04-01,0.0028,0.0027960873,0.0343,0.0337248694,0.0315,0.0309287821,-0.0049,-0.0049120444,0.0089,0.0088606284
1971-05-01,0.0029,0.0028958031,-0.037,-0.0377018672,-0.0399,-0.0405976703,-0.0103,-0.0103534121,-0.0133,-0.0133892371
1971-06-01,0.0037,0.0036931718,0.0028,0.0027960873,-0.0009,-0.0008970845,-0.0153,-0.0154182527,-0.0198,-0.0199986465
1971-07-01,0.004,0.0039920213,-0.0409,-0.0417599342,-0.0449,-0.0457519555,-0.0151,-0.0152151658,-0.0002,-0.00020002
1971-08-01,0.0047,0.0046889895,0.0426,0.0417175934,0.0379,0.0370286039,-0.0022,-0.0022024236,0.0264,0.0260575343
1971-09-01,0.0037,0.0036931718,-0.0049,-0.0049120444,-0.0086,-0.0086052162,0.005,0.0049875415,-0.029,-0.0294288107
1971-10-01,0.0037,0.0036931718,-0.0405,-0.0413429635,-0.0442,-0.0450361354,-0.0175,-0.0176549352,-0.0051,-0.0051130494
1971-11-01,0.0037,0.0036931718,-0.0009,-0.0009004052,-0.0046,-0.0045935771,-0.0277,-0.0280908802,-0.0167,-0.0168410172
1971-12-01,0.0037,0.0036931718,0.0908,0.086911372,0.0871,0.0832182002,0.0329,0.03237038,-0.0038,-0.0038072383
1972-01-01,0.0029,0.0028958031,0.0276,0.0272259863,0.0247,0.0243301831,0.0584,0.0567583338,0.0212,0.0209784064
1972-02-01,0.0025,0.0024968802,0.0312,0.0307231726,0.0287,0.0282262924,0.0132,0.0131136391,-0.0283,-0.0287081641
1972-03-01,0.0027,0.0026963615,0.0089,0.0088606284,0.0062,0.0061642669,-0.0029,-0.0029042131,-0.0161,-0.0162310131
1972-04-01,0.0029,0.0028958031,0.0058,0.0057832448,0.0029,0.0028874416,0.0016,0.0015987214,0.0003,0.000299955
1972-05-01,0.003,0.002995509,0.0159,0.0157749191,0.0129,0.0127794101,-0.0271,-0.027473977,-0.0272,-0.0275767678
1972-06-01,0.0029,0.0028958031,-0.0214,-0.0216323001,-0.0243,-0.0245281032,0.0028,0.0027960873,-0.0246,-0.0249076357
1972-07-01,0.0031,0.0030952049,-0.0049,-0.0049120444,-0.008,-0.0080072493,-0.029,-0.0294288107,0.006,0.0059820717
1972-08-01,0.0029,0.0028958031,0.0356,0.0349809689,0.0327,0.0320851658,-0.0399,-0.0407178333,0.0456,0.0445908833
1972-09-01,0.0034,0.0033942331,-0.008,-0.0080321717,-0.0114,-0.0114264048,-0.0266,-0.0269601816,0.0049,0.0048880341
1972-10-01,0.004,0.0039920213,0.0092,0.0091579378,0.0052,0.0051659165,-0.0273,-0.0276795691,0.0122,0.0121261798
1972-11-01,0.0037,0.0036931718,0.0497,0.0485044091,0.046,0.0448112372,-0.0118,-0.0118701726,0.0488,0.0476466535
1972-12-01,0.0037,0.0036931718,0.0099,0.0098513161,0.0062,0.0061581442,-0.0195,-0.0196926333,-0.0218,-0.0220411309
1973-01-01,0.0044,0.0043903483,-0.0283,-0.0287081641,-0.0327,-0.0330985124,-0.0349,-0.0355235561,0.027,0.0266419309
1973-02-01,0.0042,0.0041912046,-0.0443,-0.0453112227,-0.0485,-0.0495024273,-0.0389,-0.0396768172,0.0164,0.0162669725
1973-03-01,0.0046,0.0045894523,-0.0084,-0.0084354788,-0.013,-0.0130249312,-0.0278,-0.0281937344,0.0257,0.0253753063
1973-04-01,0.0052,0.0051865267,-0.0516,-0.0529789248,-0.0568,-0.0581654515,-0.0384,-0.0391567152,0.0539,0.052497569
1973-05-01,0.0051,0.005087039,-0.0246,-0.0249076357,-0.0297,-0.0299946748,-0.0627,-0.0647518772,0.0038,0.0037927982
1973-06-01,0.0051,0.005087039,-0.0106,-0.0106565802,-0.0157,-0.0157436192,-0.0284,-0.0288110819,0.0114,0.0113355097
1973-07-01,0.0064,0.006379607,0.0568,0.0552454742,0.0504,0.0488658673,0.0792,0.0762200259,-0.0526,-0.0540338885
1973-08-01,0.007,0.0069756137,-0.0312,-0.0316970867,-0.0382,-0.0386727005,-0.02,-0.0202027073,0.0103,0.0102473165
1973-09-01,0.0068,0.0067769843,0.0542,0.0527821854,0.0474,0.0460052012,0.0293,0.0288789596,0.0222,0.0219571674
1973-10-01,0.0065,0.0064789661,-0.0018,-0.0018016219,-0.0083,-0.008280588,-0.0021,-0.0021022081,0.0166,0.016463726
1973-11-01,0.0056,0.0055843783,-0.1222,-0.1303365017,-0.1278,-0.13592088,-0.0772,-0.0803427527,0.0409,0.0400857235
1973-12-01,0.0064,0.006379607,0.0123,0.0122249696,0.0059,0.0058453627,-0.054,-0.0555127099,0.0401,0.0393168624
1974-01-01,0.0063,0.006280238,0.0047,0.0046889895,-0.0016,-0.0015912485,0.0968,0.0923968493,0.0595,0.0577970987
1974-02-01,0.0058,0.0057832448,0.0012,0.0011992806,-0.0046,-0.0045839642,0.0,0.0,0.0247,0.0243998868
1974-03-01,0.0056,0.0055843783,-0.0226,-0.0228592941,-0.0282,-0.0284436724,0.025,0.0246926126,-0.0014,-0.0014009809
1974-04-01,0.0075,0.0074720148,-0.0453,-0.046358124,-0.0528,-0.0538301388,-0.0068,-0.0068232253,0.0092,0.0091579378
1974-05-01,0.0075,0.0074720148,-0.0395,-0.0403012968,-0.047,-0.0477733116,-0.0293,-0.0297378183,-0.0208,-0.0210193672
1974-06-01,0.006,0.0059820717,-0.0224,-0.0226546906,-0.0284,-0.0286367622,-0.0024,-0.0024028846,0.0083,0.0082657444
1974-07-01,0.007,0.0069756137,-0.0736,-0.0764491722,-0.0806,-0.0834247859,0.0078,0.0077697373,0.0516,0.0503128139
1974-08-01,0.006,0.0059820717,-0.0879,-0.0920056458,-0.0939,-0.0979877175,-0.0069,-0.0069239151,0.0261,0.0257652079
1974-09-01,0.0081,0.0080673711,-0.1098,-0.1163091224,-0.1179,-0.1243764935,0.0027,0.0026963615,0.0543,0.0528770396
1974-10-01,0.0051,0.005087039,0.1662,0.1537505998,0.1611,0.1486635608,-0.0343,-0.034902052,-0.0991,-0.1043610153
1974-11-01,0.0054,0.0053854723,-0.0399,-0.0407178333,-0.0453,-0.0461033056,-0.0117,-0.0117689836,-0.0025,-0.0025031302
1974-12-01,0.007,0.0069756137,-0.0274,-0.027782381,-0.0344,-0.0347579947,-0.0474,-0.0485601906,0.0012,0.0011992806
1975-01-01,0.0058,0.0057832448,0.1425,0.1332188438,0.1367,0.127435599,0.1106,0.1049004098,0.0826,0.0793655554
1975-02-01,0.0043,0.0042907814,0.0599,0.0581745641,0.0556,0.0538837826,0.0012,0.0011992806,-0.0447,-0.0457298517
1975-03-01,0.0041,0.0040916179,0.0307,0.0302381831,0.0266,0.0261465652,0.0375,0.0368139731,0.0242,0.02391182
1975-04-01,0.0044,0.0043903483,0.0466,0.045546815,0.0422,0.0411564667,-0.0064,-0.0064205678,-0.0113,-0.0113643301
1975-05-01,0.0044,0.0043903483,0.0564,0.0548669014,0.052,0.0504765531,0.0393,0.0385474096,-0.0405,-0.0413429635
1975-06-01,0.0041,0.0040916179,0.0528,0.0514532816,0.0487,0.0473616637,0.0081,0.0080673711,0.0135,0.0134096869
1975-07-01,0.0048,0.0047885167,-0.0612,-0.063152815,-0.066,-0.0679413317,0.0266,0.0262523711,0.0176,0.0174469136
1975-08-01,0.0048,0.0047885167,-0.0236,-0.0238829405,-0.0284,-0.0286714572,-0.0317,-0.0322133224,-0.0091,-0.0091416579
1975-09-01,0.0053,0.0052860044,-0.0373,-0.0380134422,-0.0426,-0.0432994466,-0.0016,-0.0016012814,0.0033,0.0032945669
1975-10-01,0.0056,0.0055843783,0.0588,0.0571361914,0.0532,0.0515518131,-0.0408,-0.0416556753,0.0035,0.0034938893
1975-11-01,0.0041,0.0040916179,0.0306,0.0301411569,0.0265,0.026049539,-0.0122,-0.0122750309,0.0203,0.0200967017
1975-12-01,0.0048,0.0047885167,-0.0112,-0.0112631923,-0.016,-0.016051709,-0.0087,-0.0087380659,0.017,0.0168571171
1976-01-01,0.0047,0.0046889895,0.1262,0.1188491338,0.1215,0.1141601444,0.0487,0.0475513019,0.0863,0.0827774265
1976-02-01,0.0034,0.0033942331,0.0065,0.0064789661,0.0031,0.003084733,0.0697,0.0673782353,0.0571,0.0555293098
1976-03-01,0.004,0.0039920213,0.0272,0.026836654,0.0232,0.0228446327,-0.0117,-0.0117689836,-0.0011,-0.0011006054
1976-04-01,0.0042,0.0041912046,-0.0107,-0.0107576567,-0.0149,-0.0149488613,-0.0008,-0.0008003202,-0.0016,-0.0016012814
1976-05-01,0.0037,0.0036931718,-0.0097,-0.0097473515,-0.0134,-0.0134405233,-0.0119,-0.0119713718,-0.0129,-0.0129839276
1976-06-01,0.0043,0.0042907814,0.0449,0.0439211871,0.0406,0.0396304056,-0.0132,-0.0132878943,0.0073,0.007273484
1976-07-01,0.0047,0.0046889895,-0.0059,-0.0059174738,-0.0106,-0.0106064633,0.0028,0.0027960873,0.0174,0.0172503534
1976-08-01,0.0042,0.0041912046,-0.0015,-0.0015011261,-0.0057,-0.0056923307,-0.0205,-0.0207130416,0.0079,0.0078689584
1976-09-01,0.0044,0.0043903483,0.025,0.0246926126,0.0206,0.0203022643,0.0008,0.0007996802,-0.0031,-0.003104815
1976-10-01,0.0041,0.0040916179,-0.0201,-0.0203047533,-0.0242,-0.0243963712,0.0014,0.0013990209,-0.0017,-0.0017014466
1976-11-01,0.004,0.0039920213,0.0076,0.0075712655,0.0036,0.0035792442,0.0234,0.0231304174,0.0153,0.0151841353
1976-12-01,0.004,0.0039920213,0.0605,0.058740495,0.0565,0.0547484738,0.0303,0.029850022,0.0223,0.0220549908
1977-01-01,0.0036,0.0035935355,-0.0367,-0.0373903892,-0.0403,-0.0409839247,0.0475,0.0464063728,0.0432,0.0422929122
1977-02-01,0.0035,0.0034938893,-0.0159,-0.0160277611,-0.0194,-0.0195216503,0.0103,0.0102473165,0.0045,0.0044899053
1977-03-01,0.0038,0.0037927982,-0.0097,-0.0097473515,-0.0135,-0.0135401497,0.0099,0.0098513161,0.0109,0.0108410232
1977-04-01,0.0038,0.0037927982,0.0053,0.0052860044,0.0015,0.0014932062,-0.0013,-0.0013008457,0.0338,0.0332413338
1977-05-01,0.0037,0.0036931718,-0.011,-0.0110609474,-0.0147,-0.0147541192,0.0125,0.01242252,0.0081,0.0080673711
1977-06-01,0.004,0.0039920213,0.0512,0.0499323687,0.0472,0.0459403475,0.0207,0.0204886664,-0.0062,-0.0062192998
1977-07-01,0.0042,0.0041912046,-0.0127,-0.0127813344,-0.0169,-0.016972539,0.0209,0.0206845912,-0.006,-0.0060180723
1977-08-01,0.0044,0.0043903483,-0.0132,-0.0132878943,-0.0176,-0.0176782426,0.0155,0.015381102,-0.0277,-0.0280908802
1977-09-01,0.0043,0.0042907814,0.0016,0.0015987214,-0.0027,-0.0026920601,0.015,0.0148886125,-0.0026,-0.0026033859
1977-10-01,0.0049,0.0048880341,-0.039,-0.03978087,-0.0439,-0.0446689041,0.0119,0.0118297518,0.0162,0.0160701802
1977-11-01,0.005,0.0049875415,0.045,0.0440168854,0.04,0.0390293439,0.0368,0.0361390466,0.0023,0.002297359
1977-12-01,0.0049,0.0048880341,0.0076,0.0075712655,0.0027,0.0026832314,0.0136,0.01350835,-0.0029,-0.0029042131
1978-01-01,0.0049,0.0048880341,-0.0551,-0.0566761772,-0.06,-0.0615642113,0.0228,0.0225439644,0.0338,0.0332413338
1978-02-01,0.0046,0.0045894523,-0.0093,-0.009343515,-0.0139,-0.0139329673,0.0359,0.0352706141,0.0081,0.0080673711
1978-03-01,0.0053,0.0052860044,0.0338,0.0332413338,0.0285,0.0279553294,0.0344,0.0338215485,0.0115,0.0114343776
1978-04-01,0.0054,0.0053854723,0.0841,0.0807501497,0.0787,0.0753646774,0.0036,0.0035935355,-0.0354,-0.0360417713
1978-05-01,0.0051,0.005087039,0.0227,0.0224461888,0.0176,0.0173591498,0.0453,0.0443039256,-0.0055,-0.0055151807
1978-06-01,0.0054,0.0053854723,-0.0115,-0.0115666364,-0.0169,-0.0169521086,0.0174,0.0172503534,0.006,0.0059820717
1978-07-01,0.0056,0.0055843783,0.0568,0.0552454742,0.0512,0.0496610959,0.0029,0.0028958031,-0.01,-0.0100503359
1978-08-01,0.0056,0.0055843783,0.0434,0.0424846116,0.0378,0.0369002333,0.0506,0.0493614295,-0.0066,-0.0066218763
1978-09-01,0.0062,0.0061808591,-0.0082,-0.0082338049,-0.0144,-0.014414664,-0.0049,-0.0049120444,0.0188,0.0186254641
1978-10-01,0.0068,0.0067769843,-0.1122,-0.1190087866,-0.119,-0.1257857709,-0.0989,-0.1041390397,0.0126,0.0125212806
1978-11-01,0.007,0.0069756137,0.0341,0.0335314832,0.0271,0.0265558695,0.0306,0.0301411569,-0.0208,-0.0210193672
1978-12-01,0.0078,0.0077697373,0.0165,0.0163653541,0.0087,0.0085956168,0.0119,0.0118297518,-0.0214,-0.0216323001
1979-01-01,0.0077,0.0076705063,0.0499,0.0486949215,0.0422,0.0410244152,0.0355,0.0348844019,0.0219,0.0216636396
1979-02-01,0.0073,0.007273484,-0.0283,-0.0287081641,-0.0356,-0.0359816481,0.0044,0.0043903483,0.0117,0.0116320842
1979-03-01,0.0081,0.0080673711,0.0648,0.0627869881,0.0567,0.054719617,0.032,0.0314986671,-0.0068,-0.0068232253
1979-04-01,0.008,0.0079681696,0.0073,0.007273484,-0.0007,-0.0006946857,0.0217,0.0214679066,0.0112,0.0111377444
1979-05-01,0.0082,0.0081665627,-0.0138,-0.0138961052,-0.022,-0.0220626679,0.0021,0.0020977981,0.0132,0.0131136391
1979-06-01,0.0081,0.0080673711,0.0465,0.0454512629,0.0384,0.0373838918,0.0113,0.0112366319,0.0142,0.0141001244
1979-07-01,0.0077,0.0076705063,0.016,0.0158733492,0.0083,0.0082028429,0.0129,0.0128175037,0.0178,0.0176434352
1979-08-01,0.0077,0.0076705063,0.0631,0.0611891683,0.0554,0.053518662,0.0198,0.0196065296,-0.0158,-0.0159261506
1979-09-01,0.0083,0.0082657444,0.0,0.0,-0.0083,-0.0082657444,-0.0026,-0.0026033859,-0.0094,-0.0094444588
1979-10-01,0.0087,0.0086623731,-0.0723,-0.0750468743,-0.081,-0.0837092474,-0.0338,-0.0343844269,-0.0183,-0.0184695163
1979-11-01,0.0099,0.0098513161,0.0621,0.0602480803,0.0522,0.0503967643,0.0281,0.0277124386,-0.0321,-0.0326265028
1979-12-01,0.0095,0.0094551588,0.0273,0.0269340012,0.0178,0.0174788425,0.0413,0.0404699326,-0.0213,-0.0215301186
1980-01-01,0.008,0.0079681696,0.063,0.0610950994,0.055,0.0531269297,0.0162,0.0160701802,0.0185,0.0183309567
1980-02-01,0.0089,0.0088606284,-0.0034,-0.0034057931,-0.0123,-0.0122664216,-0.0186,-0.0187751553,0.0059,0.0058826632
1980-03-01,0.0121,0.0120273802,-0.1169,-0.1243168345,-0.129,-0.1363442147,-0.067,-0.0693500781,-0.0096,-0.0096463771
1980-04-01,0.0126,0.0125212806,0.0521,0.0507881668,0.0395,0.0382668863,0.0105,0.0104452579,0.0103,0.0102473165
1980-05-01,0.0081,0.0080673711,0.0607,0.0589290675,0.0526,0.0508616965,0.0205,0.0202927033,0.0038,0.0037927982
1980-06-01,0.0061,0.0060814703,0.0359,0.0352706141,0.0298,0.0291891438,0.0166,0.016463726,-0.008,-0.0080321717
1980-07-01,0.0053,0.0052860044,0.0704,0.0680324104,0.0651,0.062746406,0.041,0.0401817896,-0.0629,-0.0649652789
1980-08-01,0.0064,0.006379607,0.0239,0.0236188656,0.0175,0.0172392586,0.039,0.0382587121,-0.0246,-0.0249076357
1980-09-01,0.0075,0.0074720148,0.0294,0.0289761082,0.0219,0.0215040934,0.0096,0.0095542128,-0.0461,-0.0471964348
1980-10-01,0.0095,0.0094551588,0.0199,0.0197045833,0.0104,0.0102494245,0.0239,0.0236188656,-0.0293,-0.0297378183
1980-11-01,0.0096,0.0095542128,0.1056,0.100388174,0.096,0.0908339612,-0.0327,-0.0332465938,-0.0811,-0.0845779765
1980-12-01,0.0131,0.0130149371,-0.0315,-0.0320067961,-0.0446,-0.0450217332,-0.0028,-0.0028039273,0.028,0.027615167
1981-01-01,0.0104,0.0103462921,-0.0402,-0.0410303496,-0.0506,-0.0513766416,0.0291,0.0286846339,0.0674,0.0652257849
1981-02-01,0.0107,0.0106431601,0.0168,0.0166604409,0.0061,0.0060172808,-0.0047,-0.0047110797,0.0097,0.009653257
1981-03-01,0.0121,0.0120273802,0.0488,0.0476466535,0.0367,0.0356192733,0.0334,0.0328543369,0.0061,0.0060814703
1981-04-01,0.0108,0.0107420965,-0.0108,-0.0108587433,-0.0216,-0.0216008399,0.045,0.0440168854,0.0228,0.0225439644
1981-05-01,0.0115,0.0114343776,0.0128,0.0127187724,0.0013,0.0012843948,0.0194,0.0192142189,-0.0043,-0.0043092716
1981-06-01,0.0135,0.0134096869,-0.0099,-0.0099493309,-0.0234,-0.0233590178,-0.0083,-0.0083346368,0.0514,0.0501226094
1981-07-01,0.0124,0.0123237497,-0.0031,-0.003104815,-0.0155,-0.0154285646,-0.0207,-0.0209172483,-0.0061,-0.006118681
1981-08-01,0.0128,0.0127187724,-0.0574,-0.0591132645,-0.0702,-0.0718320369,-0.0195,-0.0196926333,0.0471,0.0460244383
1981-09-01,0.0124,0.0123237497,-0.0595,-0.0613436302,-0.0719,-0.0736673799,-0.0268,-0.0271656681,0.0511,0.0498372348
1981-10-01,0.0121,0.0120273802,0.0613,0.0594945718,0.0492,0.0474671916,0.0213,0.0210763256,-0.0409,-0.0417599342
1981-11-01,0.0107,0.0106431601,0.0447,0.0437297629,0.034,0.0330866028,-0.0109,-0.0109598402,0.0191,0.0189198849
1981-12-01,0.0087,0.0086623731,-0.0276,-0.0279880365,-0.0363,-0.0366504096,0.0118,0.0117309229,0.0079,0.0078689584
1982-01-01,0.008,0.0079681696,-0.0243,-0.0246001169,-0.0323,-0.0325682865,-0.0125,-0.0125787822,0.0319,0.0314017631
1982-02-01,0.0092,0.0091579378,-0.0494,-0.0506619148,-0.0586,-0.0598198526,0.0046,0.0045894523,0.0609,0.0591176045
1982-03-01,0.0098,0.0097522914,-0.0084,-0.0084354788,-0.0182,-0.0181877703,-0.0019,-0.0019018073,0.0376,0.036910354
1982-04-01,0.0113,0.0112366319,0.0437,0.0427720918,0.0324,0.0315354599,0.0164,0.0162669725,-0.0308,-0.03128429
1982-05-01,0.0106,0.0105442139,-0.0287,-0.0291198986,-0.0393,-0.0396641124,0.0017,0.0016985566,0.0178,0.0176434352
1982-06-01,0.0096,0.0095542128,-0.0212,-0.0214279474,-0.0308,-0.0309821602,-0.0043,-0.0043092716,0.0156,0.0154795708
1982-07-01,0.0105,0.0104452579,-0.0215,-0.0217344921,-0.032,-0.03217975,0.0091,0.0090588445,0.0007,0.0006997551
1982-08-01,0.0076,0.0075712655,0.1199,0.1132393956,0.1123,0.1056681301,-0.0428,-0.0437429229,0.0109,0.0108410232
1982-09-01,0.0051,0.005087039,0.0182,0.0180363625,0.0131,0.0129493234,0.0287,0.0282958692,0.0023,0.002297359
1982-10-01,0.0059,0.0058826632,0.1189,0.1123460598,0.113,0.1064633967,0.0238,0.023521195,-0.0362,-0.0368714748
1982-11-01,0.0063,0.006280238,0.0531,0.0517381954,0.0468,0.0454579574,0.0463,0.0452601314,-0.018,-0.0181639706
1982-12-01,0.0067,0.0066776548,0.0123,0.0122249696,0.0056,0.0055473149,-0.0031,-0.003104815,-0.0006,-0.0006001801
1983-01-01,0.0069,0.0068763039,0.0428,0.0419094031,0.0359,0.0350330991,0.0282,0.0278097006,-0.0072,-0.0072260451
1983-02-01,0.0062,0.0061808591,0.0321,0.0315955616,0.0259,0.0254147025,0.0318,0.0313048498,0.0066,0.0065783154
1983-03-01,0.0063,0.006280238,0.0344,0.0338215485,0.0281,0.0275413105,0.0175,0.0173486383,0.0206,0.0203906896
1983-04-01,0.0071,0.0070749137,0.0737,0.0711106275,0.0666,0.0640357138,0.0046,0.0045894523,0.0043,0.0042907814
1983-05-01,0.0069,0.0068763039,0.012,0.0119285709,0.0051,0.0050522669,0.062,0.0601539228,-0.014,-0.0140989244
1983-06-01,0.0067,0.0066776548,0.0374,0.0367175829,0.0307,0.0300399282,0.0093,0.0092570213,-0.0389,-0.0396768172
1983-07-01,0.0074,0.0073727543,-0.0332,-0.0337636302,-0.0406,-0.0411363845,0.015,0.0148886125,0.0555,0.0540145883
1983-08-01,0.0076,0.0075712655,0.0026,0.0025966258,-0.005,-0.0049746396,-0.0429,-0.0438473998,0.0559,0.0543934838
1983-09-01,0.0076,0.0075712655,0.0168,0.0166604409,0.0092,0.0090891754,0.0061,0.0060814703,0.0099,0.0098513161
1983-10-01,0.0076,0.0075712655,-0.0267,-0.0270629195,-0.0343,-0.034634185,-0.0355,-0.0361454466,0.0496,0.0484091392
1983-11-01,0.007,0.0069756137,0.0287,0.0282958692,0.0217,0.0213202554,0.0202,0.0199986865,-0.0073,-0.0073267754
1983-12-01,0.0073,0.007273484,-0.0104,-0.0104544579,-0.0177,-0.0177279419,-0.0025,-0.0025031302,0.0175,0.0173486383
1984-01-01,0.0076,0.0075712655,-0.0116,-0.0116678049,-0.0192,-0.0192390704,-0.0035,-0.0035061393,0.0748,0.0721345978
1984-02-01,0.0071,0.0070749137,-0.0406,-0.0414471899,-0.0477,-0.0485221036,-0.0168,-0.0169427207,0.0341,0.0335314832
1984-03-01,0.0073,0.007273484,0.0138,0.0137056471,0.0065,0.0064321631,0.001,0.0009995003,0.0053,0.0052860044
1984-04-01,0.0081,0.0080673711,0.003,0.002995509,-0.0051,-0.0050718621,-0.0116,-0.0116678049,0.0119,0.0118297518
1984-05-01,0.0078,0.0077697373,-0.052,-0.0534007767,-0.0598,-0.061170514,0.0007,0.0006997551,0.0026,0.0025966258
1984-06-01,0.0075,0.0074720148,0.0256,0.0252778072,0.0181,0.0178057923,-0.0024,-0.0024028846,-0.0275,-0.0278852035
1984-07-01,0.0082,0.0081665627,-0.019,-0.0191828194,-0.0272,-0.0273493821,-0.0221,-0.0223478637,0.0031,0.0030952049
1984-08-01,0.0083,0.0082657444,0.111,0.1052605107,0.1027,0.0969947662,-0.0028,-0.0028039273,-0.018,-0.0181639706
1984-09-01,0.0086,0.0085632307,0.0006,0.0005998201,-0.008,-0.0079634106,0.0012,0.0011992806,0.052,0.0506931143
1984-10-01,0.01,0.0099503309,0.0016,0.0015987214,-0.0084,-0.0083516095,-0.0112,-0.0112631923,0.0062,0.0061808591
1984-11-01,0.0073,0.007273484,-0.0104,-0.0104544579,-0.0177,-0.0177279419,-0.0072,-0.0072260451,0.0386,0.0378736524
1984-12-01,0.0064,0.006379607,0.0248,0.0244974716,0.0184,0.0181178646,-0.0067,-0.0067225458,-0.0033,-0.003305457
1985-01-01,0.0065,0.0064789661,0.0862,0.0826853666,0.0797,0.0762064005,0.0331,0.0325639909,-0.0514,-0.0527680655
1985-02-01,0.0058,0.0057832448,0.018,0.0178399181,0.0122,0.0120566734,0.0068,0.0067769843,-0.0028,-0.0028039273
1985-03-01,0.0062,0.0061808591,-0.0021,-0.0021022081,-0.0083,-0.0082830672,-0.0112,-0.0112631923,0.0395,0.0387398283
1985-04-01,0.0072,0.0071742037,-0.0024,-0.0024028846,-0.0096,-0.0095770884,0.0013,0.0012991557,0.0361,0.0354636643
1985-05-01,0.0066,0.0065783154,0.0573,0.0557184888,0.0507,0.0491401734,-0.023,-0.0232686269,-0.0097,-0.0097473515
1985-06-01,0.0055,0.0054849302,0.0182,0.0180363625,0.0127,0.0125514323,0.0045,0.0044899053,0.0033,0.0032945669
1985-07-01,0.0062,0.0061808591,-0.001,-0.0010005003,-0.0072,-0.0071813594,0.0283,0.0279069533,-0.0162,-0.0163326546
1985-08-01,0.0055,0.0054849302,-0.0046,-0.0046106126,-0.0101,-0.0100955428,-0.003,-0.003004509,0.0234,0.0231304174
1985-09-01,0.006,0.0059820717,-0.0391,-0.0398849337,-0.0451,-0.0458670054,-0.0162,-0.0163326546,0.0121,0.0120273802
1985-10-01,0.0065,0.0064789661,0.0465,0.0454512629,0.04,0.0389722968,-0.015,-0.0151136378,0.0077,0.0076705063
1985-11-01,0.0061,0.0060814703,0.0707,0.0683126402,0.0646,0.0622311699,0.0019,0.0018981973,-0.0291,-0.0295318026
1985-12-01,0.0065,0.0064789661,0.0453,0.0443039256,0.0388,0.0378249595,-0.0053,-0.0053140948,-0.0146,-0.0147076289
1986-01-01,0.0056,0.0055843783,0.0121,0.0120273802,0.0065,0.0064430019,0.0115,0.0114343776,0.0046,0.0045894523
1986-02-01,0.0053,0.0052860044,0.0767,0.0739008078,0.0714,0.0686148034,-0.0057,-0.005716307,-0.0063,-0.0063199287
1986-03-01,0.006,0.0059820717,0.0551,0.0536355492,0.0491,0.0476534775,-0.0054,-0.0054146327,-0.0039,-0.0039076248
1986-04-01,0.0052,0.0051865267,-0.0076,-0.0076290272,-0.0128,-0.0128155539,0.0276,0.0272259863,-0.0281,-0.0285023605
1986-05-01,0.0049,0.0048880341,0.0511,0.0498372348,0.0462,0.0449492008,-0.0136,-0.0136933271,-0.0014,-0.0014009809
1986-06-01,0.0052,0.0051865267,0.0158,0.0156764794,0.0106,0.0104899527,-0.0093,-0.009343515,0.012,0.0119285709
1986-07-01,0.0052,0.0051865267,-0.0591,-0.060918415,-0.0643,-0.0661049417,-0.0343,-0.034902052,0.0466,0.045546815
1986-08-01,0.0046,0.0045894523,0.0653,0.0632564496,0.0607,0.0586669973,-0.0416,-0.0424900516,0.0354,0.0347878255
1986-09-01,0.0045,0.0044899053,-0.0814,-0.0849045071,-0.0859,-0.0893944124,0.024,0.0237165266,0.0323,0.0317893225
1986-10-01,0.0046,0.0045894523,0.051,0.0497420919,0.0464,0.0451526396,-0.0253,-0.0256255476,-0.0142,-0.0143017847
1986-11-01,0.0039,0.0038924147,0.0156,0.0154795708,0.0117,0.0115871561,-0.0187,-0.0188770558,-0.0002,-0.00020002
1986-12-01,0.0049,0.0048880341,-0.0277,-0.0280908802,-0.0326,-0.0329789142,0.0019,0.0018981973,0.0036,0.0035935355
1987-01-01,0.0042,0.0041912046,0.1287,0.121066528,0.1245,0.1168753234,-0.0189,-0.0190808878,-0.0318,-0.0323166015
1987-02-01,0.0043,0.0042907814,0.0481,0.0469790012,0.0438,0.0426882198,0.0345,0.0339182182,-0.0586,-0.06038715
1987-03-01,0.0047,0.0046889895,0.021,0.0207825392,0.0163,0.0160935497,0.005,0.0049875415,0.0166,0.016463726
1987-04-01,0.0044,0.0043903483,-0.0165,-0.0166376412,-0.0209,-0.0210279895,-0.0172,-0.0173496383,-0.0036,-0.0036064956
1987-05-01,0.0038,0.0037927982,0.0049,0.0048880341,0.0011,0.0010952358,-0.0053,-0.0053140948,0.0022,0.0021975835
1987-06-01,0.0048,0.0047885167,0.0439,0.0429636994,0.0391,0.0381751827,-0.0203,-0.0205088766,0.0113,0.0112366319
1987-07-01,0.0046,0.0045894523,0.043,0.042101176,0.0384,0.0375117237,-0.0057,-0.005716307,0.0094,0.0093560949
1987-08-01,0.0047,0.0046889895,0.0399,0.0391245547,0.0352,0.0344355652,-0.0085,-0.008536331,-0.0098,-0.0098483361
1987-09-01,0.0045,0.0044899053,-0.0213,-0.0215301186,-0.0258,-0.0260200238,0.0058,0.0057832448,0.0026,0.0025966258
1987-10-01,0.006,0.0059820717,-0.2259,-0.2560542148,-0.2319,-0.2620362864,-0.0827,-0.0863207065,0.0418,0.0409499863
1987-11-01,0.0035,0.0034938893,-0.0741,-0.0769890415,-0.0776,-0.0804829308,0.0268,0.02644717,0.0314,0.0309171026
1987-12-01,0.0039,0.0038924147,0.0721,0.0696193419,0.0682,0.0657269272,0.0003,0.000299955,-0.0442,-0.0452065928
1988-01-01,0.0029,0.0028958031,0.045,0.0440168854,0.0421,0.0411210823,-0.0075,-0.0075282664,0.0493,0.0481232752
1988-02-01,0.0046,0.0045894523,0.0523,0.0509782448,0.0477,0.0463887924,0.0333,0.0327575642,-0.0153,-0.0154182527
1988-03-01,0.0044,0.0043903483,-0.0182,-0.0183676574,-0.0226,-0.0227580057,0.0601,0.0583632433,0.0086,0.0085632307
1988-04-01,0.0046,0.0045894523,0.0103,0.0102473165,0.0057,0.0056578641,0.0091,0.0090588445,0.0151,0.0149871298
1988-05-01,0.0051,0.005087039,0.0024,0.0023971246,-0.0027,-0.0026899144,-0.0254,-0.0257281486,0.0244,0.0241070753
1988-06-01,0.0049,0.0048880341,0.0527,0.0513582923,0.0478,0.0464702582,0.0202,0.0199986865,-0.0135,-0.0135919535
1988-07-01,0.0051,0.005087039,-0.0074,-0.0074275158,-0.0125,-0.0125145549,-0.0024,-0.0024028846,0.0218,0.0215657779
1988-08-01,0.0059,0.0058826632,-0.0272,-0.0275767678,-0.0331,-0.0334594309,0.0008,0.0007996802,0.0216,0.0213700257
1988-09-01,0.0062,0.0061808591,0.0393,0.0385474096,0.0331,0.0323665505,-0.0137,-0.013794711,-0.0079,-0.0079313703
1988-10-01,0.0061,0.0060814703,0.0177,0.0175451792,0.0116,0.0114637089,-0.0294,-0.029840842,0.02,0.0198026273
1988-11-01,0.0057,0.0056838165,-0.017,-0.0171461588,-0.0227,-0.0228299753,-0.0166,-0.016739324,0.0144,0.0142973047
1988-12-01,0.0063,0.006280238,0.0211,0.0208804776,0.0148,0.0146002396,0.0191,0.0189198849,-0.0183,-0.0184695163
1989-01-01,0.0055,0.0054849302,0.0662,0.0641009254,0.0607,0.0586159952,-0.022,-0.0222456089,0.0059,0.0058826632
1989-02-01,0.0061,0.0060814703,-0.0162,-0.0163326546,-0.0223,-0.0224141249,0.0283,0.0279069533,0.0101,0.0100493359
1989-03-01,0.0067,0.0066776548,0.0224,0.0221528046,0.0157,0.0154751499,0.007,0.0069756137,0.0052,0.0051865267
1989-04-01,0.0067,0.0066776548,0.0502,0.0489806222,0.0435,0.0423029675,-0.0065,-0.006521217,-0.0144,-0.0145046862
1989-05-01,0.0079,0.0078689584,0.0407,0.0398935637,0.0328,0.0320246053,-0.0008,-0.0008003202,-0.009,-0.0090407447
1989-06-01,0.0071,0.0070749137,-0.0062,-0.0062192998,-0.0133,-0.0132942135,-0.0095,-0.0095454128,0.0223,0.0220549908
1989-07-01,0.007,0.0069756137,0.0788,0.0758493123,0.0718,0.0688736985,-0.0411,-0.0419684848,-0.028,-0.0283994745
1989-08-01,0.0074,0.0073727543,0.0217,0.0214679066,0.0143,0.0140951523,0.0057,0.0056838165,0.0062,0.0061808591
1989-09-01,0.0065,0.0064789661,-0.0011,-0.0011006054,-0.0076,-0.0075795715,0.003,0.002995509,-0.0127,-0.0127813344
1989-10-01,0.0068,0.0067769843,-0.0297,-0.030149977,-0.0365,-0.0369269612,-0.0324,-0.0329365002,-0.0116,-0.0116678049
1989-11-01,0.0069,0.0068763039,0.0173,0.0171520588,0.0104,0.0102757549,-0.0119,-0.0119713718,-0.0113,-0.0113643301
1989-12-01,0.0061,0.0060814703,0.0179,0.0177416815,0.0118,0.0116602112,-0.0237,-0.0239853628,0.0015,0.0014988761
1990-01-01,0.0057,0.0056838165,-0.0723,-0.0750468743,-0.078,-0.0807306908,-0.0114,-0.0114654781,0.0083,0.0082657444
1990-02-01,0.0057,0.0056838165,0.0169,0.0167587838,0.0112,0.0110749673,0.0097,0.009653257,0.0065,0.0064789661
1990-03-01,0.0064,0.006379607,0.0247,0.0243998868,0.0183,0.0180202799,0.0147,0.0145930023,-0.029,-0.0294288107
1990-04-01,0.0069,0.0068763039,-0.0267,-0.0270629195,-0.0336,-0.0339392235,-0.0047,-0.0047110797,-0.0257,-0.0260360146
1990-05-01,0.0068,0.0067769843,0.0911,0.0871863617,0.0843,0.0804093774,-0.0256,-0.025933382,-0.0389,-0.0396768172
1990-06-01,0.0063,0.006280238,-0.0046,-0.0046106126,-0.0109,-0.0108908505,0.0135,0.0134096869,-0.02,-0.0202027073
1990-07-01,0.0068,0.0067769843,-0.0122,-0.0122750309,-0.019,-0.0190520152,-0.0309,-0.0313874732,-0.0006,-0.0006001801
1990-08-01,0.0066,0.0065783154,-0.0946,-0.099378444,-0.1012,-0.1059567593,-0.035,-0.0356271776,0.0156,0.0154795708
1990-09-01,0.006,0.0059820717,-0.0551,-0.0566761772,-0.0611,-0.0626582489,-0.0364,-0.0370790082,0.0059,0.0058826632
1990-10-01,0.0068,0.0067769843,-0.0124,-0.0124775215,-0.0192,-0.0192545058,-0.0552,-0.0567820141,0.0008,0.0007996802
1990-11-01,0.0057,0.0056838165,0.0692,0.0669107053,0.0635,0.0612268888,0.0042,0.0041912046,-0.0297,-0.030149977
1990-12-01,0.006,0.0059820717,0.0306,0.0301411569,0.0246,0.0241590852,0.0079,0.0078689584,-0.0157,-0.0158245503
1991-01-01,0.0052,0.0051865267,0.0521,0.0507881668,0.0469,0.0456016401,0.0378,0.037103088,-0.0148,-0.0149106127
1991-02-01,0.0048,0.0047885167,0.0767,0.0739008078,0.0719,0.0691122911,0.0401,0.0393168624,-0.0062,-0.0062192998
1991-03-01,0.0044,0.0043903483,0.031,0.030529205,0.0266,0.0261388567,0.0388,0.0380662008,-0.013,-0.0130852395
1991-04-01,0.0053,0.0052860044,0.0025,0.0024968802,-0.0028,-0.0027891242,0.005,0.0049875415,0.0149,0.0147900855
1991-05-01,0.0047,0.0046889895,0.0413,0.0404699326,0.0366,0.0357809431,-0.0039,-0.0039076248,-0.0052,-0.0052135671
1991-06-01,0.0042,0.0041912046,-0.0452,-0.0462533845,-0.0494,-0.0504445891,0.0018,0.0017983819,0.0108,0.0107420965
1991-07-01,0.0049,0.0048880341,0.0473,0.0462154238,0.0424,0.0413273897,-0.0096,-0.0096463771,-0.013,-0.0130852395
1991-08-01,0.0046,0.0045894523,0.0278,0.0274205956,0.0232,0.0228311432,0.0158,0.0156764794,-0.0079,-0.0079313703
1991-09-01,0.0046,0.0045894523,-0.0113,-0.0113643301,-0.0159,-0.0159537824,0.0168,0.0166604409,-0.0123,-0.0123762711
1991-10-01,0.0042,0.0041912046,0.0171,0.0169554406,0.0129,0.012764236,0.0077,0.0076705063,-0.0043,-0.0043092716
1991-11-01,0.0039,0.0038924147,-0.0381,-0.0388447838,-0.042,-0.0427371985,-0.0051,-0.0051130494,-0.0177,-0.0178585183
1991-12-01,0.0038,0.0037927982,0.1123,0.1064299436,0.1085,0.1026371454,-0.0226,-0.0228592941,-0.0423,-0.0432207025
1992-01-01,0.0034,0.0033942331,-0.0025,-0.0025031302,-0.0059,-0.0058973633,0.0848,0.0813956382,0.0467,0.0456423579
1992-02-01,0.0028,0.0027960873,0.0136,0.01350835,0.0108,0.0107122627,0.0083,0.0082657444,0.0651,0.0630686915
1992-03-01,0.0034,0.0033942331,-0.0231,-0.0233709863,-0.0265,-0.0267652194,-0.0097,-0.0097473515,0.0349,0.0343048037
1992-04-01,0.0032,0.0031948909,0.0141,0.0140015196,0.0109,0.0108066287,-0.0612,-0.063152815,0.0436,0.0426762743
1992-05-01,0.0028,0.0027960873,0.0058,0.0057832448,0.003,0.0029871575,0.0041,0.0040916179,0.0111,0.0110388471
1992-06-01,0.0032,0.0031948909,-0.0201,-0.0203047533,-0.0233,-0.0234996442,-0.031,-0.0314906671,0.0324,0.0318861889
1992-07-01,0.0031,0.0030952049,0.0409,0.0400857235,0.0378,0.0369905186,-0.0045,-0.0045101555,-0.0051,-0.0051130494
1992-08-01,0.0026,0.0025966258,-0.0212,-0.0214279474,-0.0238,-0.0240245733,-0.001,-0.0010005003,-0.0109,-0.0109598402
1992-09-01,0.0026,0.0025966258,0.0145,0.0143958803,0.0119,0.0117992544,0.0055,0.0054849302,-0.0019,-0.0019018073
1992-10-01,0.0023,0.002297359,0.0125,0.01242252,0.0102,0.0101251609,0.0211,0.0208804776,-0.0198,-0.0199986465
1992-11-01,0.0023,0.002297359,0.0437,0.0427720918,0.0414,0.0404747328,0.0368,0.0361390466,-0.0152,-0.0153167041
1992-12-01,0.0028,0.0027960873,0.0181,0.0179381451,0.0153,0.0151420578,0.0165,0.0163653541,0.0264,0.0260575343
1993-01-01,0.0023,0.002297359,0.0116,0.0115332358,0.0093,0.0092358768,0.0189,0.018723614,0.059,0.0573250666
1993-02-01,0.0022,0.0021975835,0.0034,0.0033942331,0.0012,0.0011966495,-0.0339,-0.0344879305,0.0648,0.0627869881
1993-03-01,0.0025,0.0024968802,0.0257,0.0253753063,0.0232,0.0228784261,0.0029,0.0028958031,0.0126,0.0125212806
1993-04-01,0.0024,0.0023971246,-0.0281,-0.0285023605,-0.0305,-0.0308994851,-0.0062,-0.0062192998,0.0255,0.0251802985
1993-05-01,0.0022,0.0021975835,0.0311,0.0306261935,0.0289,0.02842861,0.0206,0.0203906896,-0.0346,-0.0352127558
1993-06-01,0.0025,0.0024968802,0.0055,0.0054849302,0.003,0.00298805,-0.003,-0.003004509,0.0264,0.0260575343
1993-07-01,0.0024,0.0023971246,-0.001,-0.0010005003,-0.0034,-0.0033976249,0.0096,0.0095542128,0.0287,0.0282958692
1993-08-01,0.0025,0.0024968802,0.0397,0.03893221,0.0372,0.0364353298,0.0012,0.0011992806,0.0018,0.0017983819
1993-09-01,0.0026,0.0025966258,0.0014,0.0013990209,-0.0012,-0.0011976049,0.0307,0.0302381831,-0.0024,-0.0024028846
1993-10-01,0.0022,0.0021975835,0.0164,0.0162669725,0.0142,0.0140693889,0.0199,0.0197045833,-0.0278,-0.0281937344
1993-11-01,0.0025,0.0024968802,-0.0162,-0.0163326546,-0.0187,-0.0188295348,-0.0126,-0.0126800532,-0.0078,-0.0078305791
1993-12-01,0.0023,0.002297359,0.0188,0.0186254641,0.0165,0.0163281051,0.0118,0.0117309229,0.0025,0.0024968802
1994-01-01,0.0025,0.0024968802,0.0312,0.0307231726,0.0287,0.0282262924,0.0034,0.0033942331,0.011,0.01093994
1994-02-01,0.0021,0.0020977981,-0.0234,-0.0236781274,-0.0255,-0.0257759254,0.0276,0.0272259863,-0.0152,-0.0153167041
1994-03-01,0.0027,0.0026963615,-0.0452,-0.0462533845,-0.0479,-0.0489497461,-0.0108,-0.0108587433,0.0167,0.0165620883
1994-04-01,0.0027,0.0026963615,0.0095,0.0094551588,0.0068,0.0067587972,-0.0093,-0.009343515,0.0166,0.016463726
1994-05-01,0.0032,0.0031948909,0.009,0.0089597414,0.0058,0.0057648505,-0.0208,-0.0210193672,0.006,0.0059820717
1994-06-01,0.0031,0.0030952049,-0.0273,-0.0276795691,-0.0304,-0.030774774,-0.0042,-0.0042088448,0.0177,0.0175451792
1994-07-01,0.0028,0.0027960873,0.031,0.030529205,0.0282,0.0277331177,-0.0177,-0.0178585183,0.0059,0.0058826632
1994-08-01,0.0037,0.0036931718,0.0439,0.0429636994,0.0402,0.0392705276,0.0153,0.0151841353,-0.026,-0.0263439753
1994-09-01,0.0037,0.0036931718,-0.0191,-0.0192847614,-0.0228,-0.0229779332,0.0303,0.029850022,-0.0179,-0.0180621428
1994-10-01,0.0038,0.0037927982,0.0173,0.0171520588,0.0135,0.0133592606,-0.0216,-0.0218366946,-0.0167,-0.0168410172
1994-11-01,0.0037,0.0036931718,-0.0366,-0.0372865848,-0.0403,-0.0409797566,0.0033,0.0032945669,-0.0074,-0.0074275158
1994-12-01,0.0044,0.0043903483,0.013,0.0129162253,0.0086,0.008525877,0.0015,0.0014988761,-0.001,-0.0010005003
1995-01-01,0.0042,0.0041912046,0.0222,0.0219571674,0.018,0.0177659627,-0.0349,-0.0355235561,0.0258,0.025472796
1995-02-01,0.004,0.0039920213,0.0403,0.0395091331,0.0363,0.0355171118,-0.0057,-0.005716307,0.0098,0.0097522914
1995-03-01,0.0046,0.0045894523,0.0265,0.0261549575,0.0219,0.0215655051,-0.0018,-0.0018016219,-0.0216,-0.0218366946
1995-04-01,0.0044,0.0043903483,0.0255,0.0251802985,0.0211,0.0207899502,-0.0052,-0.0052135671,0.0167,0.0165620883
1995-05-01,0.0054,0.0053854723,0.0344,0.0338215485,0.029,0.0284360762,-0.0253,-0.0256255476,0.0228,0.0225439644
1995-06-01,0.0047,0.0046889895,0.0319,0.0314017631,0.0272,0.0267127737,0.0314,0.0309171026,-0.0252,-0.0255229572
1995-07-01,0.0045,0.0044899053,0.0416,0.0407579925,0.0371,0.0362680872,0.0211,0.0208804776,-0.0157,-0.0158245503
1995-08-01,0.0047,0.0046889895,0.0102,0.0101483311,0.0055,0.0054593416,0.0131,0.0130149371,0.0268,0.02644717
1995-09-01,0.0043,0.0042907814,0.0379,0.037199441,0.0336,0.0329086596,-0.0217,-0.0219389075,-0.0011,-0.0011006054
1995-10-01,0.0047,0.0046889895,-0.0104,-0.0104544579,-0.0151,-0.0151434474,-0.0381,-0.0388447838,-0.0048,-0.004811557
1995-11-01,0.0042,0.0041912046,0.0438,0.0428679002,0.0396,0.0386766956,-0.0112,-0.0112631923,0.0052,0.0051865267
1995-12-01,0.0049,0.0048880341,0.0153,0.0151841353,0.0104,0.0102961013,0.0066,0.0065783154,0.0024,0.0023971246
1996-01-01,0.0043,0.0042907814,0.0269,0.0265445552,0.0226,0.0222537738,-0.0282,-0.028605257,0.0045,0.0044899053
1996-02-01,0.0039,0.0038924147,0.0172,0.0170537546,0.0133,0.0131613399,0.0178,0.0176434352,-0.0105,-0.0105555139
1996-03-01,0.0039,0.0038924147,0.0113,0.0112366319,0.0074,0.0073442172,0.0144,0.0142973047,0.0042,0.0041912046
1996-04-01,0.0046,0.0045894523,0.0252,0.0248877155,0.0206,0.0202982632,0.052,0.0506931143,-0.0396,-0.0404054146
1996-05-01,0.0042,0.0041912046,0.0278,0.0274205956,0.0236,0.023229391,0.0321,0.0315955616,-0.0091,-0.0091416579
1996-06-01,0.004,0.0039920213,-0.0073,-0.0073267754,-0.0113,-0.0113187967,-0.04,-0.0408219945,0.0233,0.0230326991
1996-07-01,0.0045,0.0044899053,-0.0551,-0.0566761772,-0.0596,-0.0611660825,-0.0431,-0.0440563862,0.0519,0.0505980528
1996-08-01,0.0041,0.0040916179,0.0318,0.0313048498,0.0277,0.0272132319,0.0245,0.0242046887,-0.008,-0.0080321717
1996-09-01,0.0044,0.0043903483,0.0545,0.0530667209,0.0501,0.0486763726,-0.0102,-0.0102523765,-0.0275,-0.0278852035
1996-10-01,0.0042,0.0041912046,0.0129,0.0128175037,0.0087,0.0086262991,-0.0439,-0.0448927689,0.0487,0.0475513019
1996-11-01,0.0041,0.0040916179,0.0666,0.0644760192,0.0625,0.0603844013,-0.0402,-0.0410303496,0.0138,0.0137056471
1996-12-01,0.0046,0.0045894523,-0.0124,-0.0124775215,-0.017,-0.0170669738,0.0313,0.0308201423,0.0127,0.0126200314
1997-01-01,0.0045,0.0044899053,0.0541,0.0526873223,0.0496,0.048197417,-0.0194,-0.0195906498,-0.0143,-0.0144032303
1997-02-01,0.0039,0.0038924147,-0.0009,-0.0009004052,-0.0048,-0.00479282,-0.0317,-0.0322133224,0.0562,0.0546775613
1997-03-01,0.0043,0.0042907814,-0.0459,-0.0469867912,-0.0502,-0.0512775726,-0.0033,-0.003305457,0.0337,0.0331445986
1997-04-01,0.0043,0.0042907814,0.0447,0.0437297629,0.0404,0.0394389814,-0.0576,-0.0593254661,0.0003,0.000299955
1997-05-01,0.0049,0.0048880341,0.0722,0.0697126124,0.0673,0.0648245783,0.0513,0.0500274936,-0.0413,-0.0421770789
1997-06-01,0.0037,0.0036931718,0.0447,0.0437297629,0.041,0.040036591,0.0119,0.0118297518,0.0147,0.0145930023
1997-07-01,0.0043,0.0042907814,0.0774,0.0745507313,0.0731,0.0702599498,-0.0273,-0.0276795691,0.0013,0.0012991557
1997-08-01,0.0041,0.0040916179,-0.0369,-0.0375980304,-0.041,-0.0416896483,0.0715,0.0690595359,0.0113,0.0112366319
1997-09-01,0.0044,0.0043903483,0.0578,0.0561912796,0.0534,0.0518009313,0.0254,0.0250827804,0.0024,0.0023971246
1997-10-01,0.0042,0.0041912046,-0.0338,-0.0343844269,-0.038,-0.0385756315,-0.0071,-0.0071253249,0.0233,0.0230326991
1997-11-01,0.0039,0.0038924147,0.0338,0.0332413338,0.0299,0.0293489191,-0.0511,-0.05245186,0.0122,0.0121261798
1997-12-01,0.0048,0.0047885167,0.0181,0.0179381451,0.0133,0.0131496284,-0.0248,-0.0251127008,0.0374,0.0367175829
1998-01-01,0.0043,0.0042907814,0.0058,0.0057832448,0.0015,0.0014924633,-0.0101,-0.0101513511,-0.0168,-0.0169427207
1998-02-01,0.0039,0.0038924147,0.0742,0.0715761985,0.0703,0.0676837838,0.0013,0.0012991557,-0.0093,-0.009343515
1998-03-01,0.0039,0.0038924147,0.0515,0.0502177162,0.0476,0.0463253014,-0.0119,-0.0119713718,0.0138,0.0137056471
1998-04-01,0.0043,0.0042907814,0.0117,0.0116320842,0.0074,0.0073413028,0.0006,0.0005998201,0.0103,0.0102473165
1998-05-01,0.004,0.0039920213,-0.0267,-0.0270629195,-0.0307,-0.0310549408,-0.034,-0.0345914448,0.0341,0.0335314832
1998-06-01,0.0041,0.0040916179,0.036,0.0353671438,0.0319,0.0312755259,-0.0317,-0.0322133224,-0.0203,-0.0205088766
1998-07-01,0.004,0.0039920213,-0.0202,-0.0204068098,-0.0242,-0.024398831,-0.0482,-0.0494003503,-0.0181,-0.0182658088
1998-08-01,0.0043,0.0042907814,-0.1562,-0.1698397793,-0.1605,-0.1741305607,-0.0546,-0.0561471606,0.0359,0.0352706141
1998-09-01,0.0046,0.0045894523,0.0665,0.0643822589,0.0619,0.0597928066,0.0,0.0,-0.0351,-0.03573081
1998-10-01,0.0032,0.0031948909,0.073,0.0704584636,0.0698,0.0672635728,-0.0297,-0.030149977,-0.0237,-0.0239853628
1998-11-01,0.0031,0.0030952049,0.0638,0.0618474033,0.0607,0.0587521984,0.0122,0.0121261798,-0.0317,-0.0322133224
1998-12-01,0.0038,0.0037927982,0.0653,0.0632564496,0.0615,0.0594636514,-0.0047,-0.0047110797,-0.0425,-0.0434295579
1999-01-01,0.0035,0.0034938893,0.0383,0.0375847603,0.0348,0.0340908711,0.0066,0.0065783154,-0.0442,-0.0452065928
1999-02-01,0.0035,0.0034938893,-0.0373,-0.0380134422,-0.0408,-0.0415073315,-0.0599,-0.0617690264,0.0189,0.018723614
1999-03-01,0.0043,0.0042907814,0.0391,0.0383549539,0.0348,0.0340641725,-0.0387,-0.0394687439,-0.0256,-0.025933382
1999-04-01,0.0037,0.0036931718,0.0471,0.0460244383,0.0434,0.0423312665,0.0388,0.0380662008,0.0238,0.023521195
1999-05-01,0.0034,0.0033942331,-0.0212,-0.0214279474,-0.0246,-0.0248221805,0.0334,0.0328543369,0.025,0.0246926126
1999-06-01,0.004,0.0039920213,0.0517,0.0504079025,0.0477,0.0464158813,0.0321,0.0315955616,-0.0322,-0.0327298246
1999-07-01,0.0038,0.0037927982,-0.0311,-0.0315938716,-0.0349,-0.0353866698,0.0249,0.0245950469,-0.0018,-0.0018016219
1999-08-01,0.0039,0.0038924147,-0.0098,-0.0098483361,-0.0137,-0.0137407508,-0.0094,-0.0094444588,-0.0192,-0.0193867138
1999-09-01,0.0039,0.0038924147,-0.0238,-0.0240877955,-0.0277,-0.0279802102,0.0313,0.0308201423,-0.029,-0.0294288107
1999-10-01,0.0039,0.0038924147,0.0648,0.0627869881,0.0609,0.0588945734,-0.0693,-0.0718182878,-0.0288,-0.0292228587
1999-11-01,0.0036,0.0035935355,0.0377,0.0370067256,0.0341,0.0334131901,0.0684,0.0661622023,-0.0565,-0.0581589142
1999-12-01,0.0044,0.0043903483,0.081,0.0778865387,0.0766,0.0734961904,0.0652,0.063162575,-0.0767,-0.0798010702
2000-01-01,0.0041,0.0040916179,-0.0433,-0.0442654163,-0.0474,-0.0483570342,0.0512,0.0499323687,-0.011,-0.0110609474
2000-02-01,0.0043,0.0042907814,0.0289,0.0284902704,0.0246,0.024199489,0.2134,0.1934263365,-0.0973,-0.1023650067
2000-03-01,0.0047,0.0046889895,0.0568,0.0552454742,0.0521,0.0505564847,-0.1739,-0.1910394474,0.0848,0.0813956382
2000-04-01,0.0046,0.0045894523,-0.0593,-0.061131,-0.0639,-0.0657204523,-0.0603,-0.0621946036,0.0645,0.0625052054
2000-05-01,0.005,0.0049875415,-0.0389,-0.0396768172,-0.0439,-0.0446643587,-0.0607,-0.062620362,0.0458,0.0447821428
2000-06-01,0.004,0.0039920213,0.0508,0.0495517788,0.0468,0.0455597576,0.1269,0.1194705,-0.0803,-0.0837077491
2000-07-01,0.0048,0.0047885167,-0.02,-0.0202027073,-0.0248,-0.024991224,-0.0282,-0.028605257,0.081,0.0778865387
2000-08-01,0.005,0.0049875415,0.0753,0.0725996924,0.0703,0.0676121509,-0.005,-0.0050125418,-0.014,-0.0140989244
2000-09-01,0.0051,0.005087039,-0.0493,-0.0505567236,-0.0544,-0.0556437627,-0.0172,-0.0173496383,0.0722,0.0697126124
2000-10-01,0.0056,0.0055843783,-0.0222,-0.0224501288,-0.0278,-0.0280345071,-0.0383,-0.0390527273,0.0564,0.0548669014
2000-11-01,0.0051,0.005087039,-0.1019,-0.1074738583,-0.107,-0.1125608974,-0.0307,-0.0311811175,0.1225,0.1155583406
2000-12-01,0.005,0.0049875415,0.0168,0.0166604409,0.0118,0.0116728994,0.0085,0.0084640784,0.0754,0.0726926854
2001-01-01,0.0054,0.0053854723,0.0379,0.037199441,0.0325,0.0318139687,0.0639,0.0619414015,-0.0506,-0.0519250729
2001-02-01,0.0038,0.0037927982,-0.0965,-0.1014791689,-0.1003,-0.1052719672,-0.0064,-0.0064205678,0.1222,0.1152910443
2001-03-01,0.0042,0.0041912046,-0.0683,-0.0707444045,-0.0725,-0.0749356091,0.0027,0.0026963615,0.0649,0.062880898
2001-04-01,0.0039,0.0038924147,0.0832,0.0799196232,0.0793,0.0760272085,0.0047,0.0046889895,-0.0467,-0.0478256295
2001-05-01,0.0032,0.0031948909,0.01,0.0099503309,0.0068,0.00675544,0.0249,0.0245950469,0.0339,0.0333380596
2001-06-01,0.0028,0.0027960873,-0.0166,-0.016739324,-0.0194,-0.0195354113,0.0632,0.0612832284,-0.012,-0.0120725812
2001-07-01,0.003,0.002995509,-0.0183,-0.0184695163,-0.0213,-0.0214650253,-0.0406,-0.0414471899,0.0495,0.0483138603
2001-08-01,0.0031,0.0030952049,-0.0609,-0.0628333092,-0.064,-0.0659285141,0.0219,0.0216636396,0.0286,0.0281986544
2001-09-01,0.0028,0.0027960873,-0.0896,-0.0938712156,-0.0924,-0.0966673029,-0.0623,-0.0643252106,0.0152,0.0150856374
2001-10-01,0.0022,0.0021975835,0.027,0.0266419309,0.0248,0.0244443474,0.0749,0.072227634,-0.0731,-0.0759095941
2001-11-01,0.0017,0.0016985566,0.077,0.0741793982,0.0753,0.0724808415,-0.0057,-0.005716307,0.0217,0.0214679066
2001-12-01,0.0015,0.0014988761,0.0176,0.0174469136,0.0161,0.0159480375,0.0472,0.0461199356,0.0083,0.0082657444
2002-01-01,0.0014,0.0013990209,-0.013,-0.0130852395,-0.0144,-0.0144842605,0.0117,0.0116320842,0.0342,0.033628181
2002-02-01,0.0013,0.0012991557,-0.0217,-0.0219389075,-0.023,-0.0232380633,-0.0108,-0.0108587433,0.0234,0.0231304174
2002-03-01,0.0013,0.0012991557,0.0437,0.0427720918,0.0424,0.0414729361,0.0409,0.0400857235,0.0108,0.0107420965
2002-04-01,0.0015,0.0014988761,-0.0506,-0.0519250729,-0.0521,-0.053423949,0.0582,0.0565693515,0.0401,0.0393168624
2002-05-01,0.0014,0.0013990209,-0.0122,-0.0122750309,-0.0136,-0.0136740518,-0.0327,-0.0332465938,0.0152,0.0150856374
2002-06-01,0.0013,0.0012991557,-0.071,-0.0736465402,-0.0723,-0.0749456959,0.0408,0.0399896482,0.0037,0.0036931718
2002-07-01,0.0015,0.0014988761,-0.0804,-0.0838164861,-0.0819,-0.0853153622,-0.0524,-0.0538228067,-0.0358,-0.036456537
2002-08-01,0.0014,0.0013990209,0.0064,0.006379607,0.005,0.0049805861,-0.0279,-0.0282965992,0.0296,0.0291703773
2002-09-01,0.0014,0.0013990209,-0.102,-0.1075852107,-0.1034,-0.1089842316,0.0242,0.02391182,0.0127,0.0126200314
2002-10-01,0.0014,0.0013990209,0.0798,0.0767758388,0.0784,0.0753768179,-0.034,-0.0345914448,-0.0374,-0.0381173221
2002-11-01,0.0012,0.0011992806,0.0608,0.0590233404,0.0596,0.0578240599,0.0325,0.0319830459,-0.0123,-0.0123762711
2002-12-01,0.0011,0.0010993954,-0.0565,-0.0581589142,-0.0576,-0.0592583096,-0.0003,-0.000300045,0.0216,0.0213700257
2003-01-01,0.001,0.0009995003,-0.0247,-0.025010163,-0.0257,-0.0260096633,0.0134,0.0133110141,-0.0084,-0.0084354788
2003-02-01,0.0009,0.0008995952,-0.0179,-0.0180621428,-0.0188,-0.0189617381,-0.0041,-0.004108428,-0.0142,-0.0143017847
2003-03-01,0.001,0.0009995003,0.0119,0.0118297518,0.0109,0.0108302514,0.0116,0.0115332358,-0.0206,-0.0208151397
2003-04-01,0.001,0.0009995003,0.0828,0.0795502788,0.0818,0.0785507784,0.0075,0.0074720148,0.012,0.0119285709
2003-05-01,0.0009,0.0008995952,0.0614,0.0595887914,0.0605,0.0586891962,0.0461,0.0450689634,0.0063,0.006280238
2003-06-01,0.001,0.0009995003,0.0152,0.0150856374,0.0142,0.0140861371,0.0169,0.0167587838,0.002,0.0019980027
2003-07-01,0.0007,0.0006997551,0.024,0.0237165266,0.0233,0.0230167715,0.0493,0.0481232752,-0.0154,-0.0155198117
2003-08-01,0.0007,0.0006997551,0.024,0.0237165266,0.0233,0.0230167715,0.0244,0.0241070753,0.0164,0.0162669725
2003-09-01,0.0008,0.0007996802,-0.0116,-0.0116678049,-0.0124,-0.012467485,0.0085,0.0084640784,0.0014,0.0013990209
2003-10-01,0.0007,0.0006997551,0.0615,0.0596830022,0.0608,0.058983247,0.0259,0.0255702761,0.0221,0.0218593344
2003-11-01,0.0007,0.0006997551,0.0142,0.0141001244,0.0135,0.0134003693,0.0206,0.0203906896,0.0172,0.0170537546
2003-12-01,0.0008,0.0007996802,0.0437,0.0427720918,0.0429,0.0419724117,-0.0268,-0.0271656681,0.0151,0.0149871298
2004-01-01,0.0007,0.0006997551,0.0222,0.0219571674,0.0215,0.0212574122,0.0254,0.0250827804,0.0242,0.02391182
2004-02-01,0.0006,0.0005998201,0.0146,0.0144944462,0.014,0.0138946261,-0.0157,-0.0158245503,0.0095,0.0094551588
2004-03-01,0.0009,0.0008995952,-0.0123,-0.0123762711,-0.0132,-0.0132758663,0.0173,0.0171520588,0.0023,0.002297359
2004-04-01,0.0008,0.0007996802,-0.0173,-0.0174513936,-0.0181,-0.0182510738,-0.0173,-0.0174513936,-0.0323,-0.0328331571
2004-05-01,0.0006,0.0005998201,0.0124,0.0123237497,0.0118,0.0117239296,-0.0023,-0.0023026491,-0.0018,-0.0018016219
2004-06-01,0.0008,0.0007996802,0.0193,0.0191161172,0.0185,0.018316437,0.0225,0.0222506089,0.0121,0.0120273802
2004-07-01,0.001,0.0009995003,-0.0394,-0.0401971898,-0.0404,-0.0411966901,-0.0375,-0.0382212128,0.0322,0.0316924467
2004-08-01,0.0011,0.0010993954,0.0018,0.0017983819,0.0007,0.0006989865,-0.0151,-0.0152151658,0.0107,0.0106431601
2004-09-01,0.0011,0.0010993954,0.0171,0.0169554406,0.016,0.0158560452,0.0299,0.0294617101,-0.0005,-0.000500125
2004-10-01,0.0011,0.0010993954,0.0153,0.0151841353,0.0142,0.0140847399,0.0014,0.0013990209,-0.0026,-0.0026033859
2004-11-01,0.0015,0.0014988761,0.0468,0.0457378917,0.0453,0.0442390156,0.0373,0.0366211835,0.0157,0.01557803
2004-12-01,0.0016,0.0015987214,0.0358,0.035174075,0.0342,0.0335753536,-0.0004,-0.00040008,-0.0022,-0.0022024236
2005-01-01,0.0016,0.0015987214,-0.0259,-0.0262413112,-0.0275,-0.0278400326,-0.0169,-0.0170444346,0.021,0.0207825392
2005-02-01,0.0016,0.0015987214,0.0204,0.0201947073,0.0188,0.0185959859,-0.0059,-0.0059174738,0.0144,0.0142973047
2005-03-01,0.0021,0.0020977981,-0.0173,-0.0174513936,-0.0194,-0.0195491917,-0.0142,-0.0143017847,0.0208,0.0205866336
2005-04-01,0.0021,0.0020977981,-0.024,-0.0242926926,-0.0261,-0.0263904907,-0.0395,-0.0403012968,0.0009,0.0008995952
2005-05-01,0.0024,0.0023971246,0.0389,0.0381624611,0.0365,0.0357653365,0.0287,0.0282958692,-0.0061,-0.006118681
2005-06-01,0.0023,0.002297359,0.0081,0.0080673711,0.0058,0.005770012,0.0252,0.0248877155,0.0286,0.0281986544
2005-07-01,0.0024,0.0023971246,0.0416,0.0407579925,0.0392,0.0383608679,0.0287,0.0282958692,-0.0078,-0.0078305791
2005-08-01,0.003,0.002995509,-0.009,-0.0090407447,-0.012,-0.0120362536,-0.0107,-0.0107576567,0.0134,0.0133110141
2005-09-01,0.0029,0.0028958031,0.0077,0.0076705063,0.0048,0.0047747032,-0.0062,-0.0062192998,0.0078,0.0077697373
2005-10-01,0.0027,0.0026963615,-0.0177,-0.0178585183,-0.0204,-0.0205548798,-0.013,-0.0130852395,0.0043,0.0042907814
2005-11-01,0.0031,0.0030952049,0.0392,0.0384511864,0.0361,0.0353559815,0.0105,0.0104452579,-0.0119,-0.0119713718
2005-12-01,0.0032,0.0031948909,0.0008,0.0007996802,-0.0024,-0.0023952107,-0.0044,-0.0044097085,0.0015,0.0014988761
2006-01-01,0.0035,0.0034938893,0.0338,0.0332413338,0.0303,0.0297474445,0.0546,0.0531615481,0.0099,0.0098513161
2006-02-01,0.0034,0.0033942331,0.0004,0.00039992,-0.003,-0.002994313,-0.0041,-0.004108428,-0.0031,-0.003104815
2006-03-01,0.0037,0.0036931718,0.0184,0.0182327683,0.0147,0.0145395964,0.0339,0.0333380596,0.0061,0.0060814703
2006-04-01,0.0036,0.0035935355,0.0109,0.0108410232,0.0073,0.0072474877,-0.0138,-0.0138961052,0.0226,0.0223484037
2006-05-01,0.0043,0.0042907814,-0.0313,-0.0318003125,-0.0356,-0.036091094,-0.0301,-0.0305623056,0.0238,0.023521195
2006-06-01,0.004,0.0039920213,0.0005,0.000499875,-0.0035,-0.0034921462,-0.0035,-0.0035061393,0.0085,0.0084640784
2006-07-01,0.004,0.0039920213,-0.0037,-0.0037068619,-0.0077,-0.0076988832,-0.0396,-0.0404054146,0.0262,0.0258626595
2006-08-01,0.0042,0.0041912046,0.0245,0.0242046887,0.0203,0.0200134841,0.0099,0.0098513161,-0.0195,-0.0196926333
2006-09-01,0.0041,0.0040916179,0.0225,0.0222506089,0.0184,0.018158991,-0.013,-0.0130852395,0.0007,0.0006997551
2006-10-01,0.0041,0.0040916179,0.0363,0.0356566772,0.0322,0.0315650593,0.0177,0.0175451792,-0.0033,-0.003305457
2006-11-01,0.0042,0.0041912046,0.0212,0.0209784064,0.017,0.0167872018,0.0063,0.006280238,0.0003,0.000299955
2006-12-01,0.004,0.0039920213,0.0125,0.01242252,0.0085,0.0084304987,-0.0116,-0.0116678049,0.0275,0.0271286674
2007-01-01,0.0044,0.0043903483,0.0182,0.0180363625,0.0138,0.0136460142,0.0009,0.0008995952,-0.0068,-0.0068232253
2007-02-01,0.0038,0.0037927982,-0.0158,-0.0159261506,-0.0196,-0.0197189488,0.0123,0.0122249696,-0.0009,-0.0009004052
2007-03-01,0.0043,0.0042907814,0.0114,0.0113355097,0.0071,0.0070447282,0.0009,0.0008995952,-0.0089,-0.0089398416
2007-04-01,0.0044,0.0043903483,0.0393,0.0385474096,0.0349,0.0341570613,-0.0221,-0.0223478637,-0.0144,-0.0145046862
2007-05-01,0.0041,0.0040916179,0.0364,0.0357531697,0.0323,0.0316615518,0.0016,0.0015987214,-0.0058,-0.0058168853
2007-06-01,0.004,0.0039920213,-0.0156,-0.0157229605,-0.0196,-0.0197149817,0.0072,0.0071742037,-0.0104,-0.0104544579
2007-07-01,0.004,0.0039920213,-0.0332,-0.0337636302,-0.0372,-0.0377556514,-0.0269,-0.0272684272,-0.0371,-0.0378057147
2007-08-01,0.0042,0.0041912046,0.0136,0.01350835,0.0094,0.0093171454,-0.0013,-0.0013008457,-0.0189,-0.0190808878
2007-09-01,0.0032,0.0031948909,0.0354,0.0347878255,0.0322,0.0315929346,-0.0228,-0.0230639396,-0.0213,-0.0215301186
2007-10-01,0.0032,0.0031948909,0.0211,0.0208804776,0.0179,0.0176855867,0.0014,0.0013990209,-0.0282,-0.028605257
2007-11-01,0.0034,0.0033942331,-0.0446,-0.045625178,-0.048,-0.0490194111,-0.0281,-0.0285023605,-0.0109,-0.0109598402
2007-12-01,0.0027,0.0026963615,-0.006,-0.0060180723,-0.0087,-0.0087144339,0.0012,0.0011992806,-0.0048,-0.004811557
2008-01-01,0.0021,0.0020977981,-0.0612,-0.063152815,-0.0633,-0.0652506131,-0.0096,-0.0096463771,0.0402,0.0394130024
2008-02-01,0.0013,0.0012991557,-0.0296,-0.0300469214,-0.0309,-0.0313460771,-0.0046,-0.0046106126,-0.0071,-0.0071253249
2008-03-01,0.0017,0.0016985566,-0.0077,-0.0077297981,-0.0094,-0.0094283547,0.0077,0.0076705063,0.0034,0.0033942331
2008-04-01,0.0018,0.0017983819,0.0479,0.0467881615,0.0461,0.0449897796,-0.0174,-0.0175531592,-0.0099,-0.0099493309
2008-05-01,0.0018,0.0017983819,0.0205,0.0202927033,0.0187,0.0184943213,0.0293,0.0288789596,-0.0157,-0.0158245503
2008-06-01,0.0017,0.0016985566,-0.0826,-0.0862116968,-0.0843,-0.0879102535,0.0116,0.0115332358,-0.0249,-0.0252152491
2008-07-01,0.0015,0.0014988761,-0.006,-0.0060180723,-0.0075,-0.0075169484,0.0261,0.0257652079,0.0521,0.0507881668
2008-08-01,0.0013,0.0012991557,0.0166,0.016463726,0.0153,0.0151645703,0.0339,0.0333380596,0.0151,0.0149871298
2008-09-01,0.0015,0.0014988761,-0.092,-0.0965109004,-0.0935,-0.0980097765,-0.0106,-0.0106565802,0.0565,0.0549615581
2008-10-01,0.0008,0.0007996802,-0.1712,-0.1877764075,-0.172,-0.1885760876,-0.0229,-0.023166278,-0.0192,-0.0193867138
2008-11-01,0.0003,0.000299955,-0.0771,-0.0802343927,-0.0774,-0.0805343477,-0.0299,-0.03035612,-0.0621,-0.0641119455
2008-12-01,0.0,0.0,0.0177,0.0175451792,0.0177,0.0175451792,0.0349,0.0343048037,0.0002,0.00019998
2009-01-01,0.0,0.0,-0.0809,-0.0843603486,-0.0809,-0.0843603486,-0.0001,-0.000100005,-0.1101,-0.1166461821
2009-02-01,0.0001,9.9995e-05,-0.1013,-0.1068060043,-0.1014,-0.1069059993,0.0014,0.0013990209,-0.0659,-0.0681717801
2009-03-01,0.0002,0.00019998,0.0903,0.0864528877,0.0901,0.0862529077,-0.0009,-0.0009004052,0.0347,0.0341115296
2009-04-01,0.0001,9.9995e-05,0.1018,0.0969452061,0.1017,0.0968452111,0.0537,0.0523077796,0.0537,0.0523077796
2009-05-01,0.0,0.0,0.0521,0.0507881668,0.0521,0.0507881668,-0.0242,-0.0244976316,0.0043,0.0042907814
2009-06-01,0.0001,9.9995e-05,0.0043,0.0042907814,0.0042,0.0041907864,0.0259,0.0255702761,-0.0278,-0.0281937344
2009-07-01,0.0001,9.9995e-05,0.0775,0.074643543,0.0774,0.074543548,0.0175,0.0173486383,0.0489,0.047741996
2009-08-01,0.0001,9.9995e-05,0.0334,0.0328543369,0.0333,0.0327543419,-0.0112,-0.0112631923,0.076,0.0732504617
2009-09-01,0.0001,9.9995e-05,0.0409,0.0400857235,0.0408,0.0399857285,0.0243,0.0240094525,0.0115,0.0114343776
2009-10-01,0.0,0.0,-0.0253,-0.0256255476,-0.0253,-0.0256255476,-0.0426,-0.043534002,-0.0417,-0.0425943976
2009-11-01,0.0,0.0,0.0563,0.0547722358,0.0563,0.0547722358,-0.025,-0.025317808,-0.0033,-0.003305457
2009-12-01,0.0001,9.9995e-05,0.0281,0.0277124386,0.028,0.0276124436,0.0601,0.0583632433,-0.0011,-0.0011006054
2010-01-01,0.0,0.0,-0.0335,-0.0340739803,-0.0335,-0.0340739803,0.0043,0.0042907814,0.0033,0.0032945669
2010-02-01,0.0,0.0,0.0339,0.0333380596,0.0339,0.0333380596,0.0118,0.0117309229,0.0318,0.0313048498
2010-03-01,0.0001,9.9995e-05,0.0631,0.0611891683,0.063,0.0610891733,0.0146,0.0144944462,0.0219,0.0216636396
2010-04-01,0.0001,9.9995e-05,0.02,0.0198026273,0.0199,0.0197026323,0.0484,0.0472651925,0.0296,0.0291703773
2010-05-01,0.0001,9.9995e-05,-0.0789,-0.082186671,-0.079,-0.082286666,0.0013,0.0012991557,-0.0248,-0.0251127008
2010-06-01,0.0001,9.9995e-05,-0.0555,-0.057099592,-0.0556,-0.057199587,-0.0179,-0.0180621428,-0.0473,-0.0484552203
2010-07-01,0.0001,9.9995e-05,0.0693,0.0670042288,0.0692,0.0669042338,0.0023,0.002297359,-0.0049,-0.0049120444
2010-08-01,0.0001,9.9995e-05,-0.0477,-0.0488751678,-0.0478,-0.0489751628,-0.0301,-0.0305623056,-0.0173,-0.0174513936
2010-09-01,0.0001,9.9995e-05,0.0956,0.0913021584,0.0955,0.0912021634,0.0382,0.0374884444,-0.0302,-0.0306654143
2010-10-01,0.0001,9.9995e-05,0.0388,0.0380662008,0.0387,0.0379662058,0.0108,0.0107420965,-0.0246,-0.0249076357
2010-11-01,0.0001,9.9995e-05,0.006,0.0059820717,0.0059,0.0058820767,0.0367,0.0360425913,-0.009,-0.0090407447
2010-12-01,0.0001,9.9995e-05,0.0683,0.0660686,0.0682,0.065968605,0.0072,0.0071742037,0.0356,0.0349809689
2011-01-01,0.0001,9.9995e-05,0.0199,0.0197045833,0.0198,0.0196045883,-0.0229,-0.023166278,0.0061,0.0060814703
2011-02-01,0.0001,9.9995e-05,0.0349,0.0343048037,0.0348,0.0342048087,0.015,0.0148886125,0.0118,0.0117309229
2011-03-01,0.0001,9.9995e-05,0.0046,0.0045894523,0.0045,0.0044894573,0.0249,0.0245950469,-0.0184,-0.0185713856
2011-04-01,0.0,0.0,0.029,0.0285874569,0.029,0.0285874569,-0.0042,-0.0042088448,-0.0244,-0.0247026126
2011-05-01,0.0,0.0,-0.0127,-0.0127813344,-0.0127,-0.0127813344,-0.0073,-0.0073267754,-0.0185,-0.0186732653
2011-06-01,0.0,0.0,-0.0174,-0.0175531592,-0.0174,-0.0175531592,-0.0027,-0.0027036516,-0.002,-0.0020020027
2011-07-01,0.0,0.0,-0.0235,-0.0237805287,-0.0235,-0.0237805287,-0.0118,-0.0118701726,-0.009,-0.0090407447
2011-08-01,0.0001,9.9995e-05,-0.0595,-0.0613436302,-0.0596,-0.0614436252,-0.0296,-0.0300469214,-0.0243,-0.0246001169
2011-09-01,0.0,0.0,-0.0758,-0.0788267805,-0.0758,-0.0788267805,-0.0312,-0.0316970867,-0.0153,-0.0154182527
2011-10-01,0.0,0.0,0.1133,0.1073285778,0.1133,0.1073285778,0.0305,0.0300441213,0.0006,0.0005998201
2011-11-01,0.0,0.0,-0.0027,-0.0027036516,-0.0027,-0.0027036516,-0.0018,-0.0018016219,-0.0052,-0.0052135671
2011-12-01,0.0,0.0,0.0075,0.0074720148,0.0075,0.0074720148,-0.0056,-0.0056157388,0.0154,0.0152826235
2012-01-01,0.0,0.0,0.0505,0.0492662413,0.0505,0.0492662413,0.0201,0.0199006617,-0.0093,-0.009343515
2012-02-01,0.0,0.0,0.0442,0.043251042,0.0442,0.043251042,-0.0184,-0.0185713856,0.0042,0.0041912046
2012-03-01,0.0,0.0,0.0312,0.0307231726,0.0312,0.0307231726,-0.0063,-0.0063199287,0.0119,0.0118297518
2012-04-01,0.0,0.0,-0.0085,-0.008536331,-0.0085,-0.008536331,-0.0037,-0.0037068619,-0.0077,-0.0077297981
2012-05-01,0.0001,9.9995e-05,-0.0616,-0.0635789816,-0.0617,-0.0636789766,0.0012,0.0011992806,-0.0095,-0.0095454128
2012-06-01,0.0,0.0,0.0389,0.0381624611,0.0389,0.0381624611,0.0072,0.0071742037,0.0055,0.0054849302
2012-07-01,0.0,0.0,0.0079,0.0078689584,0.0079,0.0078689584,-0.0276,-0.0279880365,-0.0006,-0.0006001801
2012-08-01,0.0001,9.9995e-05,0.0255,0.0251802985,0.0254,0.0250803035,0.0048,0.0047885167,0.0125,0.01242252
2012-09-01,0.0001,9.9995e-05,0.0274,0.0270313391,0.0273,0.0269313441,0.0045,0.0044899053,0.0163,0.0161685812
2012-10-01,0.0001,9.9995e-05,-0.0175,-0.0176549352,-0.0176,-0.0177549302,-0.011,-0.0110609474,0.0352,0.0345946448
2012-11-01,0.0001,9.9995e-05,0.0079,0.0078689584,0.0078,0.0077689634,0.006,0.0059820717,-0.0087,-0.0087380659
2012-12-01,0.0001,9.9995e-05,0.0119,0.0118297518,0.0118,0.0117297568,0.0149,0.0147900855,0.0352,0.0345946448
2013-01-01,0.0,0.0,0.0557,0.054204054,0.0557,0.054204054,0.0028,0.0027960873,0.0101,0.0100493359
2013-02-01,0.0,0.0,0.0128,0.0127187724,0.0128,0.0127187724,-0.0029,-0.0029042131,0.0018,0.0017983819
2013-03-01,0.0,0.0,0.0404,0.0396052546,0.0404,0.0396052546,0.0083,0.0082657444,-0.0021,-0.0021022081
2013-04-01,0.0,0.0,0.0156,0.0154795708,0.0156,0.0154795708,-0.0237,-0.0239853628,0.0046,0.0045894523
2013-05-01,0.0,0.0,0.028,0.027615167,0.028,0.027615167,0.0167,0.0165620883,0.0271,0.0267392972
2013-06-01,0.0,0.0,-0.012,-0.0120725812,-0.012,-0.0120725812,0.0131,0.0130149371,-0.0004,-0.00040008
2013-07-01,0.0,0.0,0.0565,0.0549615581,0.0565,0.0549615581,0.0182,0.0180363625,0.0057,0.0056838165
2013-08-01,0.0,0.0,-0.0271,-0.027473977,-0.0271,-0.027473977,0.0032,0.0031948909,-0.0273,-0.0276795691
2013-09-01,0.0,0.0,0.0377,0.0370067256,0.0377,0.0370067256,0.0289,0.0284902704,-0.0118,-0.0118701726
2013-10-01,0.0,0.0,0.0417,0.040853994,0.0417,0.040853994,-0.0156,-0.0157229605,0.0122,0.0121261798
2013-11-01,0.0,0.0,0.0311,0.0306261935,0.0311,0.0306261935,0.0131,0.0130149371,0.0019,0.0018981973
2013-12-01,0.0,0.0,0.0281,0.0277124386,0.0281,0.0277124386,-0.0044,-0.0044097085,0.0,0.0
2014-01-01,0.0,0.0,-0.0332,-0.0337636302,-0.0332,-0.0337636302,0.0093,0.0092570213,-0.0199,-0.0201006717
2014-02-01,0.0,0.0,0.0466,0.045546815,0.0466,0.045546815,0.0036,0.0035935355,-0.0035,-0.0035061393
2014-03-01,0.0,0.0,0.0043,0.0042907814,0.0043,0.0042907814,-0.0186,-0.0187751553,0.049,0.0478373294
2014-04-01,0.0,0.0,-0.0018,-0.0018016219,-0.0018,-0.0018016219,-0.0418,-0.0426987545,0.0122,0.0121261798
2014-05-01,0.0,0.0,0.0205,0.0202927033,0.0205,0.0202927033,-0.0185,-0.0186732653,-0.001,-0.0010005003
2014-06-01,0.0,0.0,0.026,0.0256677467,0.026,0.0256677467,0.0305,0.0300441213,-0.0071,-0.0071253249
2014-07-01,0.0,0.0,-0.0203,-0.0205088766,-0.0203,-0.0205088766,-0.0417,-0.0425943976,-0.0008,-0.0008003202
2014-08-01,0.0,0.0,0.0424,0.0415257468,0.0424,0.0415257468,0.004,0.0039920213,-0.0058,-0.0058168853
2014-09-01,0.0,0.0,-0.0196,-0.0197946273,-0.0196,-0.0197946273,-0.036,-0.0366639844,-0.0147,-0.0148091157
2014-10-01,0.0,0.0,0.0251,0.0247901688,0.0251,0.0247901688,0.0402,0.0394130024,-0.0167,-0.0168410172
2014-11-01,0.0,0.0,0.0256,0.0252778072,0.0256,0.0252778072,-0.0205,-0.0207130416,-0.0313,-0.0318003125
2014-12-01,0.0,0.0,-0.0005,-0.000500125,-0.0005,-0.000500125,0.0252,0.0248877155,0.0211,0.0208804776
2015-01-01,0.0,0.0,-0.031,-0.0314906671,-0.031,-0.0314906671,-0.0061,-0.006118681,-0.0348,-0.0354199452
2015-02-01,0.0,0.0,0.0613,0.0594945718,0.0613,0.0594945718,0.0064,0.006379607,-0.0175,-0.0176549352
2015-03-01,0.0,0.0,-0.0111,-0.0111620647,-0.0111,-0.0111620647,0.0306,0.0301411569,-0.0038,-0.0038072383
2015-04-01,0.0,0.0,0.0059,0.0058826632,0.0059,0.0058826632,-0.0298,-0.0302530432,0.0181,0.0179381451
2015-05-01,0.0,0.0,0.0137,0.0136070034,0.0137,0.0136070034,0.0096,0.0095542128,-0.011,-0.0110609474
2015-06-01,0.0,0.0,-0.0152,-0.0153167041,-0.0152,-0.0153167041,0.0295,0.0290732475,-0.008,-0.0080321717
2015-07-01,0.0,0.0,0.0157,0.01557803,0.0157,0.01557803,-0.0417,-0.0425943976,-0.0416,-0.0424900516
2015-08-01,0.0,0.0,-0.0602,-0.0620881923,-0.0602,-0.0620881923,0.0037,0.0036931718,0.0275,0.0271286674
2015-09-01,0.0,0.0,-0.0306,-0.0310779556,-0.0306,-0.0310779556,-0.0263,-0.026652031,0.0055,0.0054849302
2015-10-01,0.0,0.0,0.0775,0.074643543,0.0775,0.074643543,-0.0191,-0.0192847614,-0.0046,-0.0046106126
2015-11-01,0.0,0.0,0.0057,0.0056838165,0.0057,0.0056838165,0.0358,0.035174075,-0.0043,-0.0043092716
2015-12-01,0.0001,9.9995e-05,-0.0214,-0.0216323001,-0.0215,-0.0217322951,-0.028,-0.0283994745,-0.0257,-0.0260360146
2016-01-01,0.0001,9.9995e-05,-0.0573,-0.0590071806,-0.0574,-0.0591071756,-0.034,-0.0345914448,0.0208,0.0205866336
2016-02-01,0.0002,0.00019998,-0.0004,-0.00040008,-0.0006,-0.00060006,0.0073,0.007273484,-0.0061,-0.006118681
2016-03-01,0.0002,0.00019998,0.0697,0.0673782353,0.0695,0.0671782553,0.0075,0.0074720148,0.0123,0.0122249696
2016-04-01,0.0001,9.9995e-05,0.0093,0.0092570213,0.0092,0.0091570263,0.0077,0.0076705063,0.0322,0.0316924467
2016-05-01,0.0001,9.9995e-05,0.0179,0.0177416815,0.0178,0.0176416865,-0.0018,-0.0018016219,-0.0162,-0.0163326546
2016-06-01,0.0002,0.00019998,-0.0001,-0.000100005,-0.0003,-0.000299985,0.006,0.0059820717,-0.0149,-0.0150121201
2016-07-01,0.0002,0.00019998,0.0396,0.0388360238,0.0394,0.0386360438,0.0247,0.0243998868,-0.0127,-0.0127813344
2016-08-01,0.0002,0.00019998,0.0051,0.005087039,0.0049,0.004887059,0.0119,0.0118297518,0.0317,0.0312079271
2016-09-01,0.0002,0.00019998,0.0029,0.0028958031,0.0027,0.0026958231,0.0209,0.0206845912,-0.0122,-0.0122750309
2016-10-01,0.0002,0.00019998,-0.0199,-0.0201006717,-0.0201,-0.0203006517,-0.0441,-0.0451019739,0.041,0.0401817896
2016-11-01,0.0001,9.9995e-05,0.0487,0.0475513019,0.0486,0.0474513069,0.056,0.0544881853,0.0832,0.0799196232
2016-12-01,0.0003,0.000299955,0.0184,0.0182327683,0.0181,0.0179328133,0.0013,0.0012991557,0.035,0.0344014267
2017-01-01,0.0004,0.00039992,0.0198,0.0196065296,0.0194,0.0192066096,-0.0116,-0.0116678049,-0.0274,-0.027782381
2017-02-01,0.0004,0.00039992,0.0359,0.0352706141,0.0355,0.0348706941,-0.0213,-0.0215301186,-0.0152,-0.0153167041
2017-03-01,0.0003,0.000299955,0.002,0.0019980027,0.0017,0.0016980477,0.0113,0.0112366319,-0.0333,-0.0338670695
2017-04-01,0.0005,0.000499875,0.0113,0.0112366319,0.0108,0.0107367569,0.0068,0.0067769843,-0.0208,-0.0210193672
2017-05-01,0.0006,0.0005998201,0.0113,0.0112366319,0.0107,0.0106368119,-0.0251,-0.0254203773,-0.0382,-0.0389487501
2017-06-01,0.0006,0.0005998201,0.0085,0.0084640784,0.0079,0.0078642583,0.0222,0.0219571674,0.0151,0.0149871298
2017-07-01,0.0007,0.0006997551,0.0195,0.019312311,0.0188,0.0186125559,-0.0145,-0.0146061524,-0.0023,-0.0023026491
2017-08-01,0.0009,0.0008995952,0.0027,0.0026963615,0.0018,0.0017967663,-0.0167,-0.0168410172,-0.0213,-0.0215301186
2017-09-01,0.0009,0.0008995952,0.0258,0.025472796,0.0249,0.0245732007,0.0445,0.043538302,0.0315,0.0310140535
2017-10-01,0.0009,0.0008995952,0.0235,0.0232281261,0.0226,0.0223285309,-0.0193,-0.0194886766,0.0013,0.0012991557
2017-11-01,0.0008,0.0007996802,0.032,0.0314986671,0.0312,0.0306989869,-0.006,-0.0060180723,-0.0009,-0.0009004052
2017-12-01,0.0009,0.0008995952,0.0115,0.0114343776,0.0106,0.0105347824,-0.0132,-0.0132878943,0.0005,0.000499875
2018-01-01,0.0011,0.0010993954,0.0569,0.055340095,0.0558,0.0542406996,-0.0316,-0.0321100539,-0.0132,-0.0132878943
2018-02-01,0.0011,0.0010993954,-0.0353,-0.0359381068,-0.0364,-0.0370375022,0.0027,0.0026963615,-0.011,-0.0110609474
2018-03-01,0.0012,0.0011992806,-0.0223,-0.0225524045,-0.0235,-0.023751685,0.0405,0.0397013669,-0.0021,-0.0021022081
2018-04-01,0.0014,0.0013990209,0.0041,0.0040916179,0.0027,0.002692597,0.0109,0.0108410232,0.0053,0.0052860044
2018-05-01,0.0014,0.0013990209,0.028,0.027615167,0.0266,0.0262161461,0.0524,0.0510732702,-0.0314,-0.031903549
2018-06-01,0.0014,0.0013990209,0.0063,0.006280238,0.0049,0.004881217,0.0111,0.0110388471,-0.0233,-0.0235757365
2018-07-01,0.0016,0.0015987214,0.0336,0.033047854,0.032,0.0314491327,-0.0222,-0.0224501288,0.0047,0.0046889895
2018-08-01,0.0016,0.0015987214,0.0361,0.0354636643,0.0345,0.0338649429,0.0117,0.0116320842,-0.0393,-0.0400930936
2018-09-01,0.0015,0.0014988761,0.0021,0.0020977981,0.0006,0.000598922,-0.0229,-0.023166278,-0.0168,-0.0169427207
2018-10-01,0.0019,0.0018981973,-0.0746,-0.0775292025,-0.0765,-0.0794273998,-0.0467,-0.0478256295,0.0343,0.0337248694
2018-11-01,0.0018,0.0017983819,0.0189,0.018723614,0.0171,0.0169252321,-0.0072,-0.0072260451,0.0034,0.0033942331
2018-12-01,0.0019,0.0018981973,-0.0936,-0.0982745693,-0.0955,-0.1001727666,-0.0233,-0.0235757365,-0.0188,-0.0189789666
2019-01-01,0.0021,0.0020977981,0.0858,0.0823170425,0.0837,0.0802192444,0.0273,0.0269340012,-0.004,-0.0040080214
2019-02-01,0.0018,0.0017983819,0.036,0.0353671438,0.0342,0.0335687619,0.0205,0.0202927033,-0.0266,-0.0269601816
2019-03-01,0.0019,0.0018981973,0.0129,0.0128175037,0.011,0.0109193064,-0.0306,-0.0310779556,-0.0416,-0.0424900516
2019-04-01,0.0021,0.0020977981,0.0418,0.0409499863,0.0397,0.0388521882,-0.0169,-0.0170444346,0.0213,0.0210763256
2019-05-01,0.0021,0.0020977981,-0.0671,-0.069457265,-0.0692,-0.0715550631,-0.0122,-0.0122750309,-0.0236,-0.0238829405
2019-06-01,0.0018,0.0017983819,0.0717,0.0692461727,0.0699,0.0674477908,0.001,0.0009995003,-0.0072,-0.0072260451
2019-07-01,0.0019,0.0018981973,0.0142,0.0141001244,0.0123,0.0122019271,-0.0196,-0.0197946273,0.005,0.0049875415
2019-08-01,0.0016,0.0015987214,-0.0239,-0.0241902388,-0.0255,-0.0257889602,-0.0239,-0.0241902388,-0.0477,-0.0488751678
2019-09-01,0.0018,0.0017983819,0.0159,0.0157749191,0.0141,0.0139765372,-0.0097,-0.0097473515,0.0676,0.0654131385
2019-10-01,0.0015,0.0014988761,0.0222,0.0219571674,0.0207,0.0204582912,0.0027,0.0026963615,-0.0192,-0.0193867138
2019-11-01,0.0012,0.0011992806,0.0399,0.0391245547,0.0387,0.0379252741,0.0072,0.0071742037,-0.02,-0.0202027073
2019-12-01,0.0014,0.0013990209,0.0291,0.0286846339,0.0277,0.0272856129,0.0076,0.0075712655,0.0173,0.0171520588
2020-01-01,0.0013,0.0012991557,0.0002,0.00019998,-0.0011,-0.0010991757,-0.031,-0.0314906671,-0.0622,-0.0642185723
2020-02-01,0.0012,0.0011992806,-0.0803,-0.0837077491,-0.0815,-0.0849070296,0.0108,0.0107420965,-0.0382,-0.0389487501
2020-03-01,0.0012,0.0011992806,-0.1325,-0.1421397672,-0.1337,-0.1433390477,-0.0469,-0.048035449,-0.1383,-0.1488480967
2020-04-01,0.0,0.0,0.136,0.1275133203,0.136,0.1275133203,0.025,0.0246926126,-0.0134,-0.0134905902
2020-05-01,0.0001,9.9995e-05,0.0558,0.0542987734,0.0557,0.0541987784,0.024,0.0237165266,-0.05,-0.0512932944
2020-06-01,0.0001,9.9995e-05,0.0246,0.0243022925,0.0245,0.0242022975,0.0267,0.0263497753,-0.0217,-0.0219389075
2020-07-01,0.0001,9.9995e-05,0.0584,0.0567583338,0.0583,0.0566583388,-0.0235,-0.0237805287,-0.0144,-0.0145046862
2020-08-01,0.0001,9.9995e-05,0.0763,0.0735292333,0.0762,0.0734292383,-0.002,-0.0020020027,-0.0302,-0.0306654143
2020-09-01,0.0001,9.9995e-05,-0.0363,-0.0369752361,-0.0364,-0.0370752311,0.0006,0.0005998201,-0.0272,-0.0275767678
2020-10-01,0.0001,9.9995e-05,-0.0207,-0.0209172483,-0.0208,-0.0210172433,0.0434,0.0424846116,0.0425,0.0416216747
2020-11-01,0.0001,9.9995e-05,0.1246,0.1174274169,0.1245,0.1173274219,0.0581,0.0564748469,0.0209,0.0206845912
2020-12-01,0.0001,9.9995e-05,0.0464,0.0453557017,0.0463,0.0452557067,0.0501,0.0488853977,-0.0168,-0.0169427207
2021-01-01,0.0,0.0,-0.0007,-0.0007002451,-0.0007,-0.0007002451,0.0714,0.0689662045,0.0322,0.0316924467
2021-02-01,0.0,0.0,0.0281,0.0277124386,0.0281,0.0277124386,0.0202,0.0199986865,0.072,0.0695260626
2021-03-01,0.0,0.0,0.0317,0.0312079271,0.0317,0.0312079271,-0.0233,-0.0235757365,0.0735,0.0709243383
2021-04-01,0.0,0.0,0.0495,0.0483138603,0.0495,0.0483138603,-0.0319,-0.0324198913,-0.0102,-0.0102523765
2021-05-01,0.0,0.0,0.003,0.002995509,0.003,0.002995509,-0.002,-0.0020020027,0.0704,0.0680324104
2021-06-01,0.0,0.0,0.0274,0.0270313391,0.0274,0.0270313391,0.017,0.0168571171,-0.0786,-0.0818610265
2021-07-01,0.0,0.0,0.0134,0.0133110141,0.0134,0.0133110141,-0.0393,-0.0400930936,-0.018,-0.0181639706
2021-08-01,0.0,0.0,0.0294,0.0289761082,0.0294,0.0289761082,-0.0032,-0.0032051309,-0.0023,-0.0023026491
2021-09-01,0.0,0.0,-0.044,-0.0449973659,-0.044,-0.0449973659,0.0066,0.0065783154,0.0512,0.0499323687
2021-10-01,0.0,0.0,0.0663,0.064194712,0.0663,0.064194712,-0.0226,-0.0228592941,-0.0053,-0.0053140948
2021-11-01,0.0,0.0,-0.0158,-0.0159261506,-0.0158,-0.0159261506,-0.0131,-0.0131865618,-0.0037,-0.0037068619
2021-12-01,0.0001,9.9995e-05,0.0324,0.0318861889,0.0323,0.0317861939,-0.0163,-0.0164343065,0.0325,0.0319830459
2022-01-01,0.0,0.0,-0.0616,-0.0635789816,-0.0616,-0.0635789816,-0.0593,-0.061131,0.1286,0.1209779266
2022-02-01,0.0,0.0,-0.0228,-0.0230639396,-0.0228,-0.0230639396,0.0216,0.0213700257,0.0306,0.0301411569
2022-03-01,0.0,0.0,0.0308,0.0303351998,0.0308,0.0303351998,-0.0155,-0.0156213809,-0.019,-0.0191828194
2022-04-01,0.0,0.0,-0.0941,-0.0988263543,-0.0941,-0.0988263543,-0.0135,-0.0135919535,0.0618,0.0599655812
2022-05-01,0.0003,0.000299955,-0.0031,-0.003104815,-0.0034,-0.00340477,-0.0184,-0.0185713856,0.0844,0.0810268386
2022-06-01,0.0006,0.0005998201,-0.0834,-0.0870841069,-0.084,-0.087683927,0.0207,0.0204886664,-0.06,-0.0618754037
2022-07-01,0.0008,0.0007996802,0.0965,0.0921232889,0.0957,0.0913236087,0.0286,0.0281986544,-0.0413,-0.0421770789
2022-08-01,0.0019,0.0018981973,-0.0358,-0.036456537,-0.0377,-0.0383547343,0.0141,0.0140015196,0.0018,0.0017983819
2022-09-01,0.0019,0.0018981973,-0.0915,-0.0959603911,-0.0934,-0.0978585884,-0.0076,-0.0076290272,0.0003,0.000299955
2022-10-01,0.0023,0.002297359,0.0808,0.0777015077,0.0785,0.0754041486,0.0001,9.9995e-05,0.0797,0.0766832248
2022-11-01,0.0029,0.0028958031,0.0494,0.0482185723,0.0465,0.0453227692,-0.0357,-0.0363528295,0.0148,0.0146915487
2022-12-01,0.0033,0.0032945669,-0.0605,-0.0624074601,-0.0638,-0.0657020271,-0.0076,-0.0076290272,0.0134,0.0133110141
2023-01-01,0.0035,0.0034938893,0.0696,0.0672847468,0.0661,0.0637908576,0.0501,0.0488853977,-0.0394,-0.0401971898
2023-02-01,0.0034,0.0033942331,-0.0223,-0.0225524045,-0.0257,-0.0259466375,0.0105,0.0104452579,-0.008,-0.0080321717
2023-03-01,0.0036,0.0035935355,0.0284,0.0280041964,0.0248,0.0244106609,-0.0548,-0.0563587337,-0.0905,-0.094860281
2023-04-01,0.0035,0.0034938893,0.0097,0.009653257,0.0062,0.0061593678,-0.0337,-0.034280934,-0.0012,-0.0012007206
2023-05-01,0.0036,0.0035935355,0.007,0.0069756137,0.0034,0.0033820782,0.016,0.0158733492,-0.0779,-0.0811016014
2023-06-01,0.004,0.0039920213,0.0686,0.0663493805,0.0646,0.0623573593,0.0149,0.0147900855,-0.0013,-0.0013008457
2023-07-01,0.0045,0.0044899053,0.0366,0.0359461268,0.0321,0.0314562215,0.0205,0.0202927033,0.0406,0.0397974699
2023-08-01,0.0045,0.0044899053,-0.0191,-0.0192847614,-0.0236,-0.0237746667,-0.0313,-0.0318003125,-0.0115,-0.0115666364
2023-09-01,0.0043,0.0042907814,-0.048,-0.0491902442,-0.0523,-0.0534810256,-0.025,-0.025317808,0.015,0.0148886125
2023-10-01,0.0047,0.0046889895,-0.0268,-0.0271656681,-0.0315,-0.0318546576,-0.0387,-0.0394687439,0.0022,0.0021975835
2023-11-01,0.0044,0.0043903483,0.0932,0.0891091751,0.0888,0.0847188268,-0.0011,-0.0011006054,0.0166,0.016463726
2023-12-01,0.0043,0.0042907814,0.0528,0.0514532816,0.0485,0.0471625002,0.0628,0.0609069349,0.0487,0.0475513019
2024-01-01,0.0047,0.0046889895,0.012,0.0119285709,0.0073,0.0072395814,-0.0504,-0.0517144357,-0.0237,-0.0239853628
2024-02-01,0.0042,0.0041912046,0.0549,0.0534459757,0.0507,0.0492547711,-0.0026,-0.0026033859,-0.0343,-0.034902052
2024-03-01,0.0043,0.0042907814,0.0327,0.0321767317,0.0284,0.0278859503,-0.025,-0.025317808,0.0416,0.0407579925
2024-04-01,0.0047,0.0046889895,-0.0418,-0.0426987545,-0.0465,-0.047387744,-0.0238,-0.0240877955,-0.0045,-0.0045101555
2024-05-01,0.0044,0.0043903483,0.0477,0.0465972854,0.0433,0.0422069371,0.0053,0.0052860044,-0.0133,-0.0133892371
2024-06-01,0.0041,0.0040916179,0.0321,0.0315955616,0.028,0.0275039437,-0.03,-0.0304592075,-0.0336,-0.0341774518
2024-07-01,0.0045,0.0044899053,0.0167,0.0165620883,0.0122,0.012072183,0.0681,0.0658813691,0.0557,0.054204054
2024-08-01,0.0048,0.0047885167,0.0208,0.0205866336,0.016,0.0157981169,-0.0349,-0.0355235561,-0.0113,-0.0113643301
2024-09-01,0.004,0.0039920213,0.0212,0.0209784064,0.0172,0.0169863851,-0.0013,-0.0013008457,-0.0273,-0.0276795691
2024-10-01,0.0039,0.0038924147,-0.0061,-0.006118681,-0.01,-0.0100110957,-0.0095,-0.0095454128,0.0091,0.0090588445
2024-11-01,0.004,0.0039920213,0.0689,0.0666300823,0.0649,0.062638061,0.0449,0.0439211871,0.0038,0.0037927982
2024-12-01,0.0037,0.0036931718,-0.028,-0.0283994745,-0.0317,-0.0320926464,-0.027,-0.0273711968,-0.0297,-0.030149977
2025-01-01,0.0037,0.0036931718,0.0317,0.0312079271,0.028,0.0275147553,-0.02,-0.0202027073,0.0176,0.0174469136
2025-02-01,0.0033,0.0032945669,-0.0211,-0.0213257867,-0.0244,-0.0246203537,-0.0577,-0.0594315838,0.0484,0.0472651925
2025-03-01,0.0034,0.0033942331,-0.0605,-0.0624074601,-0.0639,-0.0658016932,-0.0272,-0.0275767678,0.0287,0.0282958692
2025-04-01,0.0035,0.0034938893,-0.0049,-0.0049120444,-0.0084,-0.0084059336,-0.0057,-0.005716307,-0.0329,-0.0334533763
2025-05-01,0.0038,0.0037927982,0.0644,0.0624112601,0.0606,0.0586184619,0.0061,0.0060814703,-0.0281,-0.0285023605
2025-06-01,0.0034,0.0033942331,0.052,0.0506931143,0.0486,0.0472988812,0.0071,0.0070749137,-0.0143,-0.0144032303
2025-07-01,0.0034,0.0033942331,0.0232,0.0229349713,0.0198,0.0195407382,0.003,0.002995509,-0.0134,-0.0134905902
2025-08-01,0.0038,0.0037927982,0.0222,0.0219571674,0.0184,0.0181643691,0.038,0.0372957847,0.0437,0.0427720918
2025-09-01,0.0033,0.0032945669,0.0372,0.0365247747,0.0339,0.0332302077,-0.0183,-0.0184695163,-0.0105,-0.0105555139
2025-10-01,0.0037,0.0036931718,0.0233,0.0230326991,0.0196,0.0193395273,-0.0057,-0.005716307,-0.0318,-0.0323166015
2025-11-01,0.003,0.002995509,0.0017,0.0016985566,-0.0013,-0.0012969523,0.004,0.0039920213,0.0376,0.036910354
2025-12-01,0.0034,0.0033942331,-0.0002,-0.00020002,-0.0036,-0.0035942531,-0.0104,-0.0104544579,0.024,0.0237165266
2026-01-01,0.003,0.002995509,0.0133,0.0132123315,0.0103,0.0102168225,0.0218,0.0215657779,0.038,0.0372957847
2026-02-01,0.0028,0.0027960873,-0.0089,-0.0089398416,-0.0117,-0.0117359289,0.0016,0.0015987214,0.028,0.027615167
2026-03-01,0.0029,0.0028958031,-0.0489,-0.0501360695,-0.0518,-0.0530318726,0.0044,0.0043903483,0.0329,0.03237038
2026-04-01,0.0029,0.0028958031,0.1024,0.0974896213,0.0995,0.0945938182,0.0019,0.0018981973,-0.0137,-0.013794711
2026-05-01,0.0031,0.0030952049,0.0522,0.0508832103,0.0491,0.0477880054,-0.0159,-0.0160277611,-0.0231,-0.0233709863
2026-06-01,0.0029,0.0028958031,-0.0078,-0.0078305791,-0.0107,-0.0107263822,0.0339,0.0333380596,0.0358,0.035174075
2026-07-01,0.0033,0.0032945669,-0.0027,-0.0027036516,-0.006,-0.0059982185,-0.0196,-0.0197946273,0.0211,0.0208804776
